-- phpMyAdmin SQL Dump
-- version 4.7.4
-- https://www.phpmyadmin.net/
--
-- Host: 127.0.0.1
-- Generation Time: Jan 10, 2019 at 11:41 AM
-- Server version: 10.1.29-MariaDB
-- PHP Version: 7.2.0

SET SQL_MODE = "NO_AUTO_VALUE_ON_ZERO";
SET AUTOCOMMIT = 0;
START TRANSACTION;
SET time_zone = "+00:00";


/*!40101 SET @OLD_CHARACTER_SET_CLIENT=@@CHARACTER_SET_CLIENT */;
/*!40101 SET @OLD_CHARACTER_SET_RESULTS=@@CHARACTER_SET_RESULTS */;
/*!40101 SET @OLD_COLLATION_CONNECTION=@@COLLATION_CONNECTION */;
/*!40101 SET NAMES utf8mb4 */;

--
-- Database: `shop5_00006`
--

-- --------------------------------------------------------

--
-- Table structure for table `bills`
--

CREATE TABLE `bills` (
  `BillId` bigint(30) NOT NULL,
  `Date` varchar(100) COLLATE utf8_persian_ci NOT NULL,
  `Code` varchar(200) COLLATE utf8_persian_ci NOT NULL,
  `Bank` varchar(100) COLLATE utf8_persian_ci NOT NULL,
  `Comment` varchar(400) COLLATE utf8_persian_ci NOT NULL,
  `Status` int(1) NOT NULL,
  `TraceCode` bigint(20) NOT NULL
) ENGINE=InnoDB DEFAULT CHARSET=utf8 COLLATE=utf8_persian_ci ROW_FORMAT=COMPACT;

--
-- Dumping data for table `bills`
--

INSERT INTO `bills` (`BillId`, `Date`, `Code`, `Bank`, `Comment`, `Status`, `TraceCode`) VALUES
(1, '1396/12/18', '12345678910', 'ملی', 'توضیحی ندارد', 1, 516440898),
(2, '1396/12/18', '12345678910', 'ملی', 'توضیحی ندارد', 1, 850872973),
(3, '1396/12/19', '12345678911', 'ملی', 'توضیحی ندارد', 1, 916614492),
(4, '1396/12/19', '12345678911', 'ملی', 'توضیحی ندارد', 1, 508749614),
(5, '1397/02/27', '23213132312414', 'ملی', 'توضیحی ندارد', 1, 675081817);

-- --------------------------------------------------------

--
-- Table structure for table `cities`
--

CREATE TABLE `cities` (
  `id` int(12) UNSIGNED NOT NULL,
  `province_id` int(12) UNSIGNED NOT NULL,
  `name` varchar(200) NOT NULL
) ENGINE=InnoDB DEFAULT CHARSET=utf8 ROW_FORMAT=COMPACT;

--
-- Dumping data for table `cities`
--

INSERT INTO `cities` (`id`, `province_id`, `name`) VALUES
(1, 1, 'تبريز'),
(2, 1, 'كندوان'),
(3, 1, 'بندر شرفخانه'),
(4, 1, 'مراغه'),
(5, 1, 'ميانه'),
(6, 1, 'شبستر'),
(7, 1, 'مرند'),
(8, 1, 'جلفا'),
(9, 1, 'سراب'),
(10, 1, 'هاديشهر'),
(11, 1, 'بناب'),
(12, 1, 'كليبر'),
(13, 1, 'تسوج'),
(14, 1, 'اهر'),
(15, 1, 'هريس'),
(16, 1, 'عجبشير'),
(17, 1, 'هشترود'),
(18, 1, 'ملكان'),
(19, 1, 'بستان آباد'),
(20, 1, 'ورزقان'),
(21, 1, 'اسكو'),
(22, 1, 'آذر شهر'),
(23, 1, 'قره آغاج'),
(24, 1, 'ممقان'),
(25, 1, 'صوفیان'),
(26, 1, 'ایلخچی'),
(27, 1, 'خسروشهر'),
(28, 1, 'باسمنج'),
(29, 1, 'سهند'),
(30, 2, 'اروميه'),
(31, 2, 'نقده'),
(32, 2, 'ماكو'),
(33, 2, 'تكاب'),
(34, 2, 'خوي'),
(35, 2, 'مهاباد'),
(36, 2, 'سر دشت'),
(37, 2, 'چالدران'),
(38, 2, 'بوكان'),
(39, 2, 'مياندوآب'),
(40, 2, 'سلماس'),
(41, 2, 'شاهين دژ'),
(42, 2, 'پيرانشهر'),
(43, 2, 'سيه چشمه'),
(44, 2, 'اشنويه'),
(45, 2, 'چایپاره'),
(46, 2, 'پلدشت'),
(47, 2, 'شوط'),
(48, 3, 'اردبيل'),
(49, 3, 'سرعين'),
(50, 3, 'بيله سوار'),
(51, 3, 'پارس آباد'),
(52, 3, 'خلخال'),
(53, 3, 'مشگين شهر'),
(54, 3, 'مغان'),
(55, 3, 'نمين'),
(56, 3, 'نير'),
(57, 3, 'كوثر'),
(58, 3, 'كيوي'),
(59, 3, 'گرمي'),
(60, 4, 'اصفهان'),
(61, 4, 'فريدن'),
(62, 4, 'فريدون شهر'),
(63, 4, 'فلاورجان'),
(64, 4, 'گلپايگان'),
(65, 4, 'دهاقان'),
(66, 4, 'نطنز'),
(67, 4, 'نايين'),
(68, 4, 'تيران'),
(69, 4, 'كاشان'),
(70, 4, 'فولاد شهر'),
(71, 4, 'اردستان'),
(72, 4, 'سميرم'),
(73, 4, 'درچه'),
(74, 4, 'کوهپایه'),
(75, 4, 'مباركه'),
(76, 4, 'شهرضا'),
(77, 4, 'خميني شهر'),
(78, 4, 'شاهين شهر'),
(79, 4, 'نجف آباد'),
(80, 4, 'دولت آباد'),
(81, 4, 'زرين شهر'),
(82, 4, 'آران و بيدگل'),
(83, 4, 'باغ بهادران'),
(84, 4, 'خوانسار'),
(85, 4, 'مهردشت'),
(86, 4, 'علويجه'),
(87, 4, 'عسگران'),
(88, 4, 'نهضت آباد'),
(89, 4, 'حاجي آباد'),
(90, 4, 'تودشک'),
(91, 4, 'ورزنه'),
(92, 6, 'ايلام'),
(93, 6, 'مهران'),
(94, 6, 'دهلران'),
(95, 6, 'آبدانان'),
(96, 6, 'شيروان چرداول'),
(97, 6, 'دره شهر'),
(98, 6, 'ايوان'),
(99, 6, 'سرابله'),
(100, 7, 'بوشهر'),
(101, 7, 'تنگستان'),
(102, 7, 'دشتستان'),
(103, 7, 'دير'),
(104, 7, 'ديلم'),
(105, 7, 'كنگان'),
(106, 7, 'گناوه'),
(107, 7, 'ريشهر'),
(108, 7, 'دشتي'),
(109, 7, 'خورموج'),
(110, 7, 'اهرم'),
(111, 7, 'برازجان'),
(112, 7, 'خارك'),
(113, 7, 'جم'),
(114, 7, 'کاکی'),
(115, 7, 'عسلویه'),
(116, 7, 'بردخون'),
(117, 8, 'تهران'),
(118, 8, 'ورامين'),
(119, 8, 'فيروزكوه'),
(120, 8, 'ري'),
(121, 8, 'دماوند'),
(122, 8, 'اسلامشهر'),
(123, 8, 'رودهن'),
(124, 8, 'لواسان'),
(125, 8, 'بومهن'),
(126, 8, 'تجريش'),
(127, 8, 'فشم'),
(128, 8, 'كهريزك'),
(129, 8, 'پاكدشت'),
(130, 8, 'چهاردانگه'),
(131, 8, 'شريف آباد'),
(132, 8, 'قرچك'),
(133, 8, 'باقرشهر'),
(134, 8, 'شهريار'),
(135, 8, 'رباط كريم'),
(136, 8, 'قدس'),
(137, 8, 'ملارد'),
(138, 9, 'شهركرد'),
(139, 9, 'فارسان'),
(140, 9, 'بروجن'),
(141, 9, 'چلگرد'),
(142, 9, 'اردل'),
(143, 9, 'لردگان'),
(144, 9, 'سامان'),
(145, 10, 'قائن'),
(146, 10, 'فردوس'),
(147, 10, 'بيرجند'),
(148, 10, 'نهبندان'),
(149, 10, 'سربيشه'),
(150, 10, 'طبس مسینا'),
(151, 10, 'قهستان'),
(152, 10, 'درمیان'),
(153, 11, 'مشهد'),
(154, 11, 'نيشابور'),
(155, 11, 'سبزوار'),
(156, 11, 'كاشمر'),
(157, 11, 'گناباد'),
(158, 11, 'طبس'),
(159, 11, 'تربت حيدريه'),
(160, 11, 'خواف'),
(161, 11, 'تربت جام'),
(162, 11, 'تايباد'),
(163, 11, 'قوچان'),
(164, 11, 'سرخس'),
(165, 11, 'بردسكن'),
(166, 11, 'فريمان'),
(167, 11, 'چناران'),
(168, 11, 'درگز'),
(169, 11, 'كلات'),
(170, 11, 'طرقبه'),
(171, 11, 'سر ولایت'),
(172, 12, 'بجنورد'),
(173, 12, 'اسفراين'),
(174, 12, 'جاجرم'),
(175, 12, 'شيروان'),
(176, 12, 'آشخانه'),
(177, 12, 'گرمه'),
(178, 12, 'ساروج'),
(179, 13, 'اهواز'),
(180, 13, 'ايرانشهر'),
(181, 13, 'شوش'),
(182, 13, 'آبادان'),
(183, 13, 'خرمشهر'),
(184, 13, 'مسجد سليمان'),
(185, 13, 'ايذه'),
(186, 13, 'شوشتر'),
(187, 13, 'انديمشك'),
(188, 13, 'سوسنگرد'),
(189, 13, 'هويزه'),
(190, 13, 'دزفول'),
(191, 13, 'شادگان'),
(192, 13, 'بندر ماهشهر'),
(193, 13, 'بندر امام خميني'),
(194, 13, 'اميديه'),
(195, 13, 'بهبهان'),
(196, 13, 'رامهرمز'),
(197, 13, 'باغ ملك'),
(198, 13, 'هنديجان'),
(199, 13, 'لالي'),
(200, 13, 'رامشیر'),
(201, 13, 'حمیدیه'),
(202, 13, 'دغاغله'),
(203, 13, 'ملاثانی'),
(204, 13, 'شادگان'),
(205, 13, 'ویسی'),
(206, 14, 'زنجان'),
(207, 14, 'ابهر'),
(208, 14, 'خدابنده'),
(209, 14, 'كارم'),
(210, 14, 'ماهنشان'),
(211, 14, 'خرمدره'),
(212, 14, 'ايجرود'),
(213, 14, 'زرين آباد'),
(214, 14, 'آب بر'),
(215, 14, 'قيدار'),
(216, 15, 'سمنان'),
(217, 15, 'شاهرود'),
(218, 15, 'گرمسار'),
(219, 15, 'ايوانكي'),
(220, 15, 'دامغان'),
(221, 15, 'بسطام'),
(222, 16, 'زاهدان'),
(223, 16, 'چابهار'),
(224, 16, 'خاش'),
(225, 16, 'سراوان'),
(226, 16, 'زابل'),
(227, 16, 'سرباز'),
(228, 16, 'نيكشهر'),
(229, 16, 'ايرانشهر'),
(230, 16, 'راسك'),
(231, 16, 'ميرجاوه'),
(232, 17, 'شيراز'),
(233, 17, 'اقليد'),
(234, 17, 'داراب'),
(235, 17, 'فسا'),
(236, 17, 'مرودشت'),
(237, 17, 'خرم بيد'),
(238, 17, 'آباده'),
(239, 17, 'كازرون'),
(240, 17, 'ممسني'),
(241, 17, 'سپيدان'),
(242, 17, 'لار'),
(243, 17, 'فيروز آباد'),
(244, 17, 'جهرم'),
(245, 17, 'ني ريز'),
(246, 17, 'استهبان'),
(247, 17, 'لامرد'),
(248, 17, 'مهر'),
(249, 17, 'حاجي آباد'),
(250, 17, 'نورآباد'),
(251, 17, 'اردكان'),
(252, 17, 'صفاشهر'),
(253, 17, 'ارسنجان'),
(254, 17, 'قيروكارزين'),
(255, 17, 'سوريان'),
(256, 17, 'فراشبند'),
(257, 17, 'سروستان'),
(258, 17, 'ارژن'),
(259, 17, 'گويم'),
(260, 17, 'داريون'),
(261, 17, 'زرقان'),
(262, 17, 'خان زنیان'),
(263, 17, 'کوار'),
(264, 17, 'ده بید'),
(265, 17, 'باب انار/خفر'),
(266, 17, 'بوانات'),
(267, 17, 'خرامه'),
(268, 17, 'خنج'),
(269, 17, 'سیاخ دارنگون'),
(270, 18, 'قزوين'),
(271, 18, 'تاكستان'),
(272, 18, 'آبيك'),
(273, 18, 'بوئين زهرا'),
(274, 19, 'قم'),
(275, 5, 'طالقان'),
(276, 5, 'نظرآباد'),
(277, 5, 'اشتهارد'),
(278, 5, 'هشتگرد'),
(279, 5, 'كن'),
(280, 5, 'آسارا'),
(281, 5, 'شهرک گلستان'),
(282, 5, 'اندیشه'),
(283, 5, 'كرج'),
(284, 5, 'نظر آباد'),
(285, 5, 'گوهردشت'),
(286, 5, 'ماهدشت'),
(287, 5, 'مشکین دشت'),
(288, 20, 'سنندج'),
(289, 20, 'ديواندره'),
(290, 20, 'بانه'),
(291, 20, 'بيجار'),
(292, 20, 'سقز'),
(293, 20, 'كامياران'),
(294, 20, 'قروه'),
(295, 20, 'مريوان'),
(296, 20, 'صلوات آباد'),
(297, 20, 'حسن آباد'),
(298, 21, 'كرمان'),
(299, 21, 'راور'),
(300, 21, 'بابك'),
(301, 21, 'انار'),
(302, 21, 'کوهبنان'),
(303, 21, 'رفسنجان'),
(304, 21, 'بافت'),
(305, 21, 'سيرجان'),
(306, 21, 'كهنوج'),
(307, 21, 'زرند'),
(308, 21, 'بم'),
(309, 21, 'جيرفت'),
(310, 21, 'بردسير'),
(311, 22, 'كرمانشاه'),
(312, 22, 'اسلام آباد غرب'),
(313, 22, 'سر پل ذهاب'),
(314, 22, 'كنگاور'),
(315, 22, 'سنقر'),
(316, 22, 'قصر شيرين'),
(317, 22, 'گيلان غرب'),
(318, 22, 'هرسين'),
(319, 22, 'صحنه'),
(320, 22, 'پاوه'),
(321, 22, 'جوانرود'),
(322, 22, 'شاهو'),
(323, 23, 'ياسوج'),
(324, 23, 'گچساران'),
(325, 23, 'دنا'),
(326, 23, 'دوگنبدان'),
(327, 23, 'سي سخت'),
(328, 23, 'دهدشت'),
(329, 23, 'ليكك'),
(330, 24, 'گرگان'),
(331, 24, 'آق قلا'),
(332, 24, 'گنبد كاووس'),
(333, 24, 'علي آباد كتول'),
(334, 24, 'مينو دشت'),
(335, 24, 'تركمن'),
(336, 24, 'كردكوي'),
(337, 24, 'بندر گز'),
(338, 24, 'كلاله'),
(339, 24, 'آزاد شهر'),
(340, 24, 'راميان'),
(341, 25, 'رشت'),
(342, 25, 'منجيل'),
(343, 25, 'لنگرود'),
(344, 25, 'رود سر'),
(345, 25, 'تالش'),
(346, 25, 'آستارا'),
(347, 25, 'ماسوله'),
(348, 25, 'آستانه اشرفيه'),
(349, 25, 'رودبار'),
(350, 25, 'فومن'),
(351, 25, 'صومعه سرا'),
(352, 25, 'بندرانزلي'),
(353, 25, 'كلاچاي'),
(354, 25, 'هشتپر'),
(355, 25, 'رضوان شهر'),
(356, 25, 'ماسال'),
(357, 25, 'شفت'),
(358, 25, 'سياهكل'),
(359, 25, 'املش'),
(360, 25, 'لاهیجان'),
(361, 25, 'خشک بيجار'),
(362, 25, 'خمام'),
(363, 25, 'لشت نشا'),
(364, 25, 'بندر کياشهر'),
(365, 26, 'خرم آباد'),
(366, 26, 'ماهشهر'),
(367, 26, 'دزفول'),
(368, 26, 'بروجرد'),
(369, 26, 'دورود'),
(370, 26, 'اليگودرز'),
(371, 26, 'ازنا'),
(372, 26, 'نور آباد'),
(373, 26, 'كوهدشت'),
(374, 26, 'الشتر'),
(375, 26, 'پلدختر'),
(376, 27, 'ساري'),
(377, 27, 'آمل'),
(378, 27, 'بابل'),
(379, 27, 'بابلسر'),
(380, 27, 'بهشهر'),
(381, 27, 'تنكابن'),
(382, 27, 'جويبار'),
(383, 27, 'چالوس'),
(384, 27, 'رامسر'),
(385, 27, 'سواد كوه'),
(386, 27, 'قائم شهر'),
(387, 27, 'نكا'),
(388, 27, 'نور'),
(389, 27, 'بلده'),
(390, 27, 'نوشهر'),
(391, 27, 'پل سفيد'),
(392, 27, 'محمود آباد'),
(393, 27, 'فريدون كنار'),
(394, 28, 'اراك'),
(395, 28, 'آشتيان'),
(396, 28, 'تفرش'),
(397, 28, 'خمين'),
(398, 28, 'دليجان'),
(399, 28, 'ساوه'),
(400, 28, 'سربند'),
(401, 28, 'محلات'),
(402, 28, 'شازند'),
(403, 29, 'بندرعباس'),
(404, 29, 'قشم'),
(405, 29, 'كيش'),
(406, 29, 'بندر لنگه'),
(407, 29, 'بستك'),
(408, 29, 'حاجي آباد'),
(409, 29, 'دهبارز'),
(410, 29, 'انگهران'),
(411, 29, 'ميناب'),
(412, 29, 'ابوموسي'),
(413, 29, 'بندر جاسك'),
(414, 29, 'تنب بزرگ'),
(415, 29, 'بندر خمیر'),
(416, 29, 'پارسیان'),
(417, 29, 'قشم'),
(418, 30, 'همدان'),
(419, 30, 'ملاير'),
(420, 30, 'تويسركان'),
(421, 30, 'نهاوند'),
(422, 30, 'كبودر اهنگ'),
(423, 30, 'رزن'),
(424, 30, 'اسدآباد'),
(425, 30, 'بهار'),
(426, 31, 'يزد'),
(427, 31, 'تفت'),
(428, 31, 'اردكان'),
(429, 31, 'ابركوه'),
(430, 31, 'ميبد'),
(431, 31, 'طبس'),
(432, 31, 'بافق'),
(433, 31, 'مهريز'),
(434, 31, 'اشكذر'),
(435, 31, 'هرات'),
(436, 31, 'خضرآباد'),
(437, 31, 'شاهديه'),
(438, 31, 'حمیدیه شهر'),
(439, 31, 'سید میرزا'),
(440, 31, 'زارچ');

-- --------------------------------------------------------

--
-- Table structure for table `colorlists`
--

CREATE TABLE `colorlists` (
  `ColorListId` bigint(30) NOT NULL,
  `Name` varchar(200) COLLATE utf8_persian_ci NOT NULL,
  `Sample` varchar(200) COLLATE utf8_persian_ci NOT NULL
) ENGINE=InnoDB DEFAULT CHARSET=utf8 COLLATE=utf8_persian_ci ROW_FORMAT=COMPACT;

--
-- Dumping data for table `colorlists`
--

INSERT INTO `colorlists` (`ColorListId`, `Name`, `Sample`) VALUES
(1, 'مشکی', '#000000'),
(2, 'سفید', '#ffffff'),
(3, 'زرد', '#ffff00'),
(4, 'طلایی', '#ffff80'),
(5, 'نقره ای', '#cfcfcf'),
(6, 'خاکستری', '#969696'),
(7, 'سورمه ای', '#311f98'),
(8, 'آبی', '#0445ee'),
(9, 'سبز', '#008000'),
(10, 'qweewq', '#f91c2d'),
(11, 'مسی', '#e67300'),
(12, 'صورتی', '#ff80ff'),
(13, '***چند-رنگ***', '#000000'),
(14, 'فیروزه ای', '#00ffff'),
(15, 'زیتونی', '#808000'),
(16, '***بی رنگ***', '#ffffff'),
(17, 'مشکی مات', '#000000'),
(18, 'مشکی براق', '#000000'),
(19, 'قهوه ای', '#800000');

-- --------------------------------------------------------

--
-- Table structure for table `colors`
--

CREATE TABLE `colors` (
  `ColorId` bigint(30) NOT NULL,
  `LightBlue` varchar(50) COLLATE utf8_persian_ci NOT NULL,
  `DarkBlue` varchar(50) COLLATE utf8_persian_ci NOT NULL,
  `Green` varchar(50) COLLATE utf8_persian_ci NOT NULL
) ENGINE=InnoDB DEFAULT CHARSET=utf8 COLLATE=utf8_persian_ci ROW_FORMAT=COMPACT;

--
-- Dumping data for table `colors`
--

INSERT INTO `colors` (`ColorId`, `LightBlue`, `DarkBlue`, `Green`) VALUES
(1, '', '', '');

-- --------------------------------------------------------

--
-- Table structure for table `comments`
--

CREATE TABLE `comments` (
  `CommentId` bigint(30) NOT NULL,
  `Customer` bigint(30) NOT NULL,
  `Date` varchar(200) COLLATE utf8_persian_ci NOT NULL,
  `ProductId` bigint(30) NOT NULL,
  `Value` varchar(1000) COLLATE utf8_persian_ci NOT NULL,
  `ReplyId` bigint(30) NOT NULL,
  `Activated` tinyint(4) NOT NULL
) ENGINE=InnoDB DEFAULT CHARSET=utf8 COLLATE=utf8_persian_ci ROW_FORMAT=COMPACT;

-- --------------------------------------------------------

--
-- Table structure for table `customers`
--

CREATE TABLE `customers` (
  `CustomerId` bigint(30) NOT NULL,
  `Name` varchar(200) COLLATE utf8_persian_ci NOT NULL,
  `Family` varchar(200) COLLATE utf8_persian_ci NOT NULL,
  `Email` varchar(200) COLLATE utf8_persian_ci NOT NULL,
  `NationalityCode` varchar(30) COLLATE utf8_persian_ci NOT NULL,
  `Username` varchar(200) COLLATE utf8_persian_ci NOT NULL,
  `Password` varchar(200) COLLATE utf8_persian_ci NOT NULL,
  `City` varchar(200) COLLATE utf8_persian_ci NOT NULL,
  `Estate` varchar(200) COLLATE utf8_persian_ci NOT NULL,
  `Address` varchar(200) COLLATE utf8_persian_ci NOT NULL,
  `Phone` varchar(100) COLLATE utf8_persian_ci NOT NULL,
  `Mobile` varchar(100) COLLATE utf8_persian_ci NOT NULL,
  `PostCode` varchar(15) COLLATE utf8_persian_ci NOT NULL,
  `IP` varchar(100) COLLATE utf8_persian_ci NOT NULL,
  `RequestedProducts` varchar(1000) COLLATE utf8_persian_ci NOT NULL,
  `SRequestedProducts` varchar(1000) COLLATE utf8_persian_ci NOT NULL
) ENGINE=InnoDB DEFAULT CHARSET=utf8 COLLATE=utf8_persian_ci ROW_FORMAT=COMPACT;

--
-- Dumping data for table `customers`
--

INSERT INTO `customers` (`CustomerId`, `Name`, `Family`, `Email`, `NationalityCode`, `Username`, `Password`, `City`, `Estate`, `Address`, `Phone`, `Mobile`, `PostCode`, `IP`, `RequestedProducts`, `SRequestedProducts`) VALUES
(1, 'siamak', 'siamak', 'siamakweb1980@gmail.com', '6546321654', 'siamakweb1980@gmail.com', 'cd6e0598565a8f8362a377e5e511a66d', '0', '2', '', '091133348886', '09113334886', '', '5.122.236.187', '', ''),
(2, 'a', 'a', 'a@1', '2222222222', 'a', '0cc175b9c0f1b6a831c399e269772661', '178', '12', 'dddddddddddddddddddddddd', '33333333333333333333333', '33333333333333333333333', 'ddddddddddddddd', '::1', '', ''),
(4, 'کورش', 'ترابی', 'frarnever@gmail.com', '2700273311', 'koorosh2015', '43646039e6eef739bb69cc19c8724d64', '343', '25', 'کلید بر - بعد از میدان الغدیر - کوچه امام رضا 13 - نمایندگی ایران خودرو', '01342581137', '09017344005', '44716-7134', '::1', '', ''),
(5, 'علی', 'بهشتی', 'alibeheshtilangaroud@gmail.com', '2700278453', 'ali', '81dc9bdb52d04dc20036dbd8313ed055', '343', '25', 'خیابون سعدی- کوچه سعدی پنجم- پلاک 59', '01342520764', '09118420316', '4471936393', '37.148.37.70', '', ''),
(6, 'siamak', 'siamak', 'siamak@shop5.ir', '9999999999', 'siamak', '34f5e61c2a8f59985ceea553e70f8a88', '44', '2', 'asdASDads', '09113334886', '09113334886', '09809809870', '37.148.27.220', '', ''),
(7, 'ali', 'ali', 'ali@shop5.ir', '0000000000', 'alireza', '1a6c7b48041dd5e63de87848fe5bc68a', '208', '14', 'alireza', '09113334886', '09113334886', 'alireza', '5.122.192.241', '', ''),
(8, 'omid', 'omid', 'omid@shop5.ir', '4353234523', 'omid', '70c49cf250021e3ba8d2011fd69a430a', '343', '25', 'wwwwwwwwwwwwwww', '09113334886', '09113334886', '44444444444', '5.122.203.40', '', ''),
(9, 'rahim', 'rahim', 'rahim@shop5.ir', '1232133252', 'rahim', '9733b92d7d60ecac9ad32ff7a5c87a3c', '321', '22', 'آدرس و کد پستی وقتی دوباره بر میگردم پاک میشه', '44444444444444', '44444444444', '54353253245', '5.122.203.40', '', ''),
(10, 'hasan', 'hasan', 'info@747.ir', '9999999909', 'hasan', 'fc3f318fba8b3c1502bece62a27712df', '37', '2', 'asdDa', '09113334886', '09113334886', '323333333333333', '5.121.122.218', '', ''),
(11, 'hossein', 'haghgou', 'jalalhaghgou@gmail.com', '2700267524', 'hosseineblis', '8ab350be5a2f2374b799455c9cf971dc', '343', '25', 'لنگرود.خالکیاسر.جمب مسجد جامع.کوچه ولفجر2.پلاک 4.منزل آقای جلال حقگو', '01342594629', '09335904084', '44711-48546', '166.88.123.38', '', ''),
(12, 'sina', 'std', 'sinastd2@gmail.com', '2700276159', 'sinastd', '09af8669d2cae778297f57ac19e1eafc', '343', '25', 'dsdksnkal', '01342532616', '09309935601', '21248575', '5.122.189.113', '', ''),
(13, 'Mmd', 'Akhgari', 'Akhgarim84@yahoo.com', '2700362212', 'Mmd', '25d55ad283aa400af464c76d713c07ad', '343', '25', 'Salone helale ahmar', '01342553684', '09308622319', '123456789', '217.60.139.249', '', ''),
(14, 'amir', 'amir', 'siamakweb@yahoo.com', '424124564', 'hamid', '37fff357c237d67f2365eab6706bc898', '274', '19', '', '09113334886', '09113334886', '', '5.122.203.40', '', ''),
(15, 'kimia', 'kimia', 'kimia@shop5.ir', '7689343276', 'kimia', 'c249be8a61007b95bf198dab308b443d', '83', '4', 'hgsh', '09031314884', '09031314884', '67777777777', '5.122.143.127', '', ''),
(16, 'امیرحسین', 'سحرخیز', '2fani.am@gmail.com', '2700263030', '2fani.am@gmail.com', 'f3ff70d033eba7ec6083b55c164d3d7f', '343', '25', 'نا کجا آباد', '01342520847', '09117669285', '4471887435', '176.221.26.89', '', ''),
(17, 'jasem', 'jasem', 'jasem@shop5.ir', '1396139613', 'jasem', 'd3a18ef15cfe79a141cba587dcdbd148', '212', '14', 'bojnord\r\neslah', '09113334886', '09113334886', '9113334886', '37.148.27.122', '', ''),
(18, 'kazem', 'kazem', 'kazem@shop5.ir', '2987658366', 'kazem', 'be4d67ab78063b656d5f2f69c6b87e5c', '190', '13', 'hasanjan', '09113334886', '09113334886', '7764583999', '37.148.27.122', '', ''),
(19, 'yaser', 'yaser', 'yaser@shop5.ir', '7894736282', 'yaser', 'de745630e497d210aad9bc6a52fb8231', '57', '3', '', '09113334886', '09113334886', '', '37.148.27.122', '', ''),
(20, 'test', 'test', 'testing@gmail.com', '1234567897', 'test', '25d55ad283aa400af464c76d713c07ad', '343', '25', 'h1', '1655456454564', '0901734440', '54545646454654', '::1', '', ''),
(23, 'bdbd', 'dbdbs', 'bdbd@gmail.com', '581848484', 'ndndo', '4c97690e73132e3da2657bdd3f4e32b6', '', '', '', '8484848', '6818181', '', '', '', ''),
(27, 'koorosh', 'torabi', 'frarnever7@gmail.com', '2700273320', 'koorosh2017', '43646039e6eef739bb69cc19c8724d64', '', '', '', '01342581137', '09017344005', '', '', '', ''),
(28, 'test', 'test', '', '1234567897', '', '550e1bafe077ff0b0b67f4e32f29d751', '', '', '', '', '', '', '::1', '', ''),
(29, 'man', '', 'man.unknown01@gmail.com', '2691509923', 'man.unknown01@gmail.com', '25d55ad283aa400af464c76d713c07ad', '343', '25', 'گیلان-لنگرود', '01114202', '0995991', '44411818', '::1', '', '');

-- --------------------------------------------------------

--
-- Table structure for table `discounts`
--

CREATE TABLE `discounts` (
  `DiscountId` bigint(30) NOT NULL,
  `Product` bigint(30) NOT NULL,
  `Value` int(10) NOT NULL,
  `User` bigint(30) NOT NULL,
  `SpecialOffer` int(11) NOT NULL
) ENGINE=InnoDB DEFAULT CHARSET=utf8 COLLATE=utf8_persian_ci ROW_FORMAT=COMPACT;

--
-- Dumping data for table `discounts`
--

INSERT INTO `discounts` (`DiscountId`, `Product`, `Value`, `User`, `SpecialOffer`) VALUES
(1, 66, 2, 1, 0),
(2, 64, 3, 1, 0),
(3, 62, 2, 1, 0),
(4, 14, 2, 1, 0),
(5, 33, 2, 1, 0),
(6, 35, 2, 1, 0),
(7, 43, 2, 1, 0),
(8, 44, 2, 1, 0),
(9, 45, 5, 1, 0),
(10, 46, 2, 1, 0),
(11, 50, 4, 1, 0),
(12, 57, 5, 1, 0),
(13, 261, 8, 1, 0),
(14, 262, 5, 1, 0),
(15, 287, 5, 1, 0),
(16, 286, 7, 1, 0),
(17, 284, 5, 1, 0),
(18, 282, 4, 1, 0),
(19, 280, 4, 1, 0),
(20, 273, 5, 1, 0),
(21, 315, 3, 1, 1),
(22, 316, 0, 1, 1),
(23, 314, 0, 1, 0),
(24, 313, 0, 1, 0),
(25, 312, 0, 1, 0),
(26, 311, 0, 1, 0);

-- --------------------------------------------------------

--
-- Table structure for table `factorproducts`
--

CREATE TABLE `factorproducts` (
  `FactorProductId` bigint(30) NOT NULL,
  `PaymentStatus` int(1) NOT NULL,
  `Factor` bigint(30) NOT NULL,
  `Product` bigint(30) NOT NULL,
  `Price` bigint(30) NOT NULL,
  `Date` varchar(200) COLLATE utf8_persian_ci NOT NULL,
  `Count` int(11) NOT NULL,
  `Status` tinyint(4) NOT NULL,
  `Color` varchar(200) COLLATE utf8_persian_ci NOT NULL,
  `Guarantee` varchar(200) COLLATE utf8_persian_ci NOT NULL,
  `Coupon` int(11) NOT NULL,
  `TraceCode` bigint(20) NOT NULL,
  `Time` varchar(50) COLLATE utf8_persian_ci NOT NULL,
  `Comment` text COLLATE utf8_persian_ci NOT NULL,
  `PaymentMethod` int(2) NOT NULL,
  `ShippingMethod` varchar(200) COLLATE utf8_persian_ci NOT NULL,
  `Services` varchar(500) COLLATE utf8_persian_ci NOT NULL,
  `Authority` varchar(200) COLLATE utf8_persian_ci NOT NULL,
  `Amount` bigint(10) NOT NULL,
  `RefId` varchar(200) COLLATE utf8_persian_ci NOT NULL
) ENGINE=InnoDB DEFAULT CHARSET=utf8 COLLATE=utf8_persian_ci ROW_FORMAT=COMPACT;

--
-- Dumping data for table `factorproducts`
--

INSERT INTO `factorproducts` (`FactorProductId`, `PaymentStatus`, `Factor`, `Product`, `Price`, `Date`, `Count`, `Status`, `Color`, `Guarantee`, `Coupon`, `TraceCode`, `Time`, `Comment`, `PaymentMethod`, `ShippingMethod`, `Services`, `Authority`, `Amount`, `RefId`) VALUES
(1, 1, 3, 314, 8000, '2017/10/13', 1, 2, 'سفید', 'گارانتی  تحویل سلامت و درست بودن کالا در محل', 0, 602139933, '07:37 PM', '', 1, 'ارسال با پیک موتوری فقط در گیلان شهر لنگرود \r\n| 3هزار تومان-3000', '', '', 11000, ''),
(4, 1, 3, 316, 82000, '2017/10/18', 1, 3, '***چند-رنگ***', 'گارانتی  تحویل سلامت و درست بودن کالا در محل', 0, 485500028, '07:52 PM', '', 1, 'ارسال با پیک موتوری فقط در گیلان شهر لنگرود-3هزار تومان-3000', '', '', 85000, ''),
(21, 1, 1, 33, 21560, '2017/11/28', 1, 4, 'سبز', 'گارانتی  تحویل سلامت و درست بودن کالا در محل', 0, 855337304, '02:32 AM', '', 1, 'ارسال با پیک موتوری فقط در گیلان شهر لنگرود-3هزار تومان-3000', '', '', 0, ''),
(32, 1, 1, 314, 8000, '2017/12/02', 3, 4, 'سفید', 'گارانتی  تحویل سلامت و درست بودن کالا در محل', 0, 887221086, '11:43 PM', '', 1, 'ارسال با پیک موتوری فقط در گیلان شهر لنگرود-3هزار تومان-3000', '', '', 3000, ''),
(33, 1, 1, 313, 16000, '2017/12/02', 3, 4, 'مشکی', 'گارانتی  تحویل سلامت و درست بودن کالا در محل', 0, 887221086, '11:43 PM', '', 1, 'ارسال با پیک موتوری فقط در گیلان شهر لنگرود-3هزار تومان-3000', '', '', 3000, ''),
(34, 1, 1, 315, 18000, '2017/12/02', 4, 4, '***بی رنگ***', 'گارانتی  تحویل سلامت و درست بودن کالا در محل', 0, 887221086, '11:43 PM', '', 1, 'ارسال با پیک موتوری فقط در گیلان شهر لنگرود-3هزار تومان-3000', '', '', 3000, ''),
(35, 1, 1, 302, 8000, '2018/01/03', 1, 0, 'مشکی', 'گارانتی  تحویل سلامت و درست بودن کالا در محل', 0, 326259198, '09:46 AM', '', 1, 'ارسال با پیک موتوری فقط در گیلان شهر لنگرود-3هزار تومان-3000', '', '', 482500, ''),
(36, 1, 1, 314, 8000, '2018/01/03', 4, 0, 'سفید', 'گارانتی  تحویل سلامت و درست بودن کالا در محل', 0, 326259198, '09:46 AM', '', 1, 'ارسال با پیک موتوری فقط در گیلان شهر لنگرود-3هزار تومان-3000', '', '', 482500, ''),
(37, 1, 1, 315, 18000, '2018/01/03', 3, 0, '***بی رنگ***', 'گارانتی  تحویل سلامت و درست بودن کالا در محل', 0, 326259198, '09:46 AM', '', 1, 'ارسال با پیک موتوری فقط در گیلان شهر لنگرود-3هزار تومان-3000', '', '', 482500, ''),
(38, 1, 1, 313, 16000, '2018/01/03', 3, 0, 'مشکی', 'گارانتی  تحویل سلامت و درست بودن کالا در محل', 0, 326259198, '09:46 AM', '', 1, 'ارسال با پیک موتوری فقط در گیلان شهر لنگرود-3هزار تومان-3000', '', '', 482500, ''),
(39, 1, 1, 310, 220000, '2018/01/03', 1, 0, 'مشکی', 'گارانتی  تحویل سلامت و درست بودن کالا در محل', 0, 326259198, '09:46 AM', '', 1, 'ارسال با پیک موتوری فقط در گیلان شهر لنگرود-3هزار تومان-3000', '', '', 482500, ''),
(40, 1, 1, 309, 30000, '2018/01/03', 3, 0, 'مشکی', 'گارانتی  تحویل سلامت و درست بودن کالا در محل', 0, 326259198, '09:46 AM', '', 1, 'ارسال با پیک موتوری فقط در گیلان شهر لنگرود-3هزار تومان-3000', '', '', 482500, ''),
(41, 1, 1, 304, 9000, '2018/01/03', 3, 0, 'مشکی', 'گارانتی  تحویل سلامت و درست بودن کالا در محل', 0, 326259198, '09:46 AM', '', 1, 'ارسال با پیک موتوری فقط در گیلان شهر لنگرود-3هزار تومان-3000', '', '', 482500, ''),
(44, 1, 50, 316, 82000, '2018/03/09', 1, 4, '***چند-رنگ***', 'گارانتی  تحویل سلامت و درست بودن کالا در محل', 0, 516440898, '03:53 PM', '', 1, 'پست پیشتاز+هزینه بسته بندی-15000', '', '', 114660, ''),
(45, 1, 50, 315, 17460, '2018/03/09', 1, 4, '***بی رنگ***', 'گارانتی  تحویل سلامت و درست بودن کالا در محل', 0, 516440898, '03:53 PM', '', 1, 'پست پیشتاز+هزینه بسته بندی-15000', '', '', 114660, ''),
(46, 1, 50, 315, 17460, '2018/03/10', 1, 4, '***بی رنگ***', 'گارانتی  تحویل سلامت و درست بودن کالا در محل', 0, 391544597, '05:37 PM', '', 1, 'پست پیشتاز+هزینه بسته بندی-15000', '', '', 32660, ''),
(47, 1, 50, 299, 11000, '2018/03/10', 1, 4, 'مشکی', 'گارانتی  تحویل سلامت و درست بودن کالا در محل', 0, 916614492, '05:39 PM', '', 1, 'پست پیشتاز+هزینه بسته بندی-15000', '', '', 26200, ''),
(49, 1, 50, 308, 12000, '2018/03/10', 1, 4, 'سبز', 'گارانتی  تحویل سلامت و درست بودن کالا در محل', 0, 721703514, '06:17 PM', '', 1, 'پست پیشتاز+هزینه بسته بندی-15000', '', '', 27200, ''),
(50, 1, 50, 313, 16000, '2018/03/10', 1, 4, 'مشکی', 'گارانتی  تحویل سلامت و درست بودن کالا در محل', 0, 605129984, '06:27 PM', '', 1, 'پست پیشتاز+هزینه بسته بندی-15000', '', '', 31200, ''),
(51, 1, 1, 315, 17460, '2018/03/15', 2, 0, '***بی رنگ***', 'گارانتی  تحویل سلامت و درست بودن کالا در محل', 0, 286511475, '06:27 PM', '', 1, 'پست پیشتاز+هزینه بسته بندی-15000', '', '', 50420, ''),
(54, 1, 50, 344, 0, '2018/04/18', 1, 4, '***بی رنگ***', 'بدون گارانتی', 0, 979235006, '11:10 PM', '', 1, 'خودم در فروشگاه لنگرود استان گیلان تحویل میگیرم-0', '', '', 200, ''),
(59, 1, 50, 344, 0, '2018/04/27', 1, 2, '***بی رنگ***', 'بدون گارانتی', 0, 519923949, '04:59 PM', '', 1, 'خودم در فروشگاه لنگرود استان گیلان تحویل میگیرم-0', '', '', 0, ''),
(61, 5, 50, 316, 82000, '2018/05/18', 1, 4, '***چند-رنگ***', 'گارانتی  تحویل سلامت و درست بودن کالا در محل', 0, 649650649, '04:59 PM', '', 3, 'ارسال با پیک موتوری فقط در گیلان شهر لنگرود-3هزار تومان-3000', '', '', 85000, ''),
(62, 5, 121, 315, 17460, '2018/05/25', 1, 4, '***بی رنگ***', 'گارانتی  تحویل سلامت و درست بودن کالا در محل', 0, 675081817, '10:56 AM', '', 3, 'پست پیشتاز+هزینه بسته بندی-15000', '', '', 32660, ''),
(63, 5, 121, 315, 17460, '2018/05/25', 1, 4, '***بی رنگ***', 'گارانتی  تحویل سلامت و درست بودن کالا در محل', 0, 781466440, '12:02 PM', '', 3, 'پست پیشتاز+هزینه بسته بندی-15000', '', '', 32660, ''),
(64, 5, 121, 315, 17460, '2018/05/25', 1, 4, '***بی رنگ***', 'گارانتی  تحویل سلامت و درست بودن کالا در محل', 0, 193607852, '12:03 PM', '', 3, 'پست پیشتاز+هزینه بسته بندی-15000', '', '', 32660, ''),
(65, 5, 121, 315, 17460, '2018/05/25', 1, 4, '***بی رنگ***', 'گارانتی  تحویل سلامت و درست بودن کالا در محل', 0, 567809824, '12:05 PM', '', 3, 'پست پیشتاز+هزینه بسته بندی-15000', '', '', 32660, ''),
(66, 5, 50, 315, 17460, '2018/05/25', 1, 4, '***بی رنگ***', 'گارانتی  تحویل سلامت و درست بودن کالا در محل', 0, 555788330, '02:28 PM', '', 3, 'پست پیشتاز+هزینه بسته بندی-15000', '', '', 100660, ''),
(67, 5, 50, 313, 16000, '2018/05/25', 1, 4, 'مشکی', 'گارانتی  تحویل سلامت و درست بودن کالا در محل', 0, 555788330, '02:28 PM', '', 3, 'پست پیشتاز+هزینه بسته بندی-15000', '', '', 100660, ''),
(68, 5, 50, 312, 25000, '2018/05/25', 1, 4, '***بی رنگ***', 'گارانتی  تحویل سلامت و درست بودن کالا در محل', 0, 555788330, '02:28 PM', '', 3, 'پست پیشتاز+هزینه بسته بندی-15000', '', '', 100660, ''),
(69, 5, 50, 311, 27000, '2018/05/25', 2, 4, '***بی رنگ***', 'گارانتی  تحویل سلامت و درست بودن کالا در محل', 0, 555788330, '02:28 PM', '', 3, 'پست پیشتاز+هزینه بسته بندی-15000', '', '', 100660, ''),
(70, 5, 121, 315, 17460, '2018/05/25', 2, 0, '***بی رنگ***', 'گارانتی  تحویل سلامت و درست بودن کالا در محل', 0, 537722567, '02:46 PM', 'موجودی کم است', 3, 'خودم در فروشگاه لنگرود استان گیلان تحویل میگیرم-0', '', '', 73920, ''),
(71, 5, 121, 311, 27000, '2018/05/25', 1, 0, '***بی رنگ***', 'گارانتی  تحویل سلامت و درست بودن کالا در محل', 0, 537722567, '02:46 PM', '', 3, 'خودم در فروشگاه لنگرود استان گیلان تحویل میگیرم-0', '', '', 73920, ''),
(72, 5, 121, 308, 12000, '2018/05/25', 1, 0, 'سبز', 'گارانتی  تحویل سلامت و درست بودن کالا در محل', 0, 537722567, '02:46 PM', '', 3, 'خودم در فروشگاه لنگرود استان گیلان تحویل میگیرم-0', '', '', 73920, '');

-- --------------------------------------------------------

--
-- Table structure for table `factors`
--

CREATE TABLE `factors` (
  `FactorId` bigint(30) NOT NULL,
  `Customer` bigint(30) NOT NULL,
  `Date` varchar(200) COLLATE utf8_persian_ci NOT NULL,
  `Time` varchar(50) COLLATE utf8_persian_ci NOT NULL
) ENGINE=InnoDB DEFAULT CHARSET=utf8 COLLATE=utf8_persian_ci ROW_FORMAT=COMPACT;

--
-- Dumping data for table `factors`
--

INSERT INTO `factors` (`FactorId`, `Customer`, `Date`, `Time`) VALUES
(1, 2, '2017/07/28', '09:33 PM'),
(2, 3, '2017/07/28', '09:45 PM'),
(3, 4, '2017/07/29', '12:25 AM'),
(4, 4, '2017/07/29', '12:32 AM'),
(5, 4, '2017/07/29', '01:29 AM'),
(6, 4, '2017/07/29', '02:03 AM'),
(7, 5, '2017/07/29', '11:10 PM'),
(8, 6, '2017/07/30', '01:01 PM'),
(9, 6, '2017/07/30', '01:19 PM'),
(10, 7, '2017/07/30', '01:29 PM'),
(11, 6, '2017/07/30', '01:29 PM'),
(12, 7, '2017/08/01', '02:08 PM'),
(13, 8, '2017/08/01', '02:08 PM'),
(14, 8, '2017/08/01', '02:09 PM'),
(15, 8, '2017/08/01', '02:34 PM'),
(16, 4, '2017/08/01', '04:46 PM'),
(17, 4, '2017/08/01', '04:56 PM'),
(18, 4, '2017/08/01', '05:04 PM'),
(19, 8, '2017/08/01', '05:42 PM'),
(20, 8, '2017/08/01', '05:54 PM'),
(21, 8, '2017/08/01', '06:02 PM'),
(22, 8, '2017/08/01', '09:51 PM'),
(23, 8, '2017/08/01', '10:02 PM'),
(24, 8, '2017/08/01', '10:37 PM'),
(25, 8, '2017/08/01', '10:43 PM'),
(26, 8, '2017/08/02', '12:56 PM'),
(27, 9, '2017/08/02', '01:15 PM'),
(28, 8, '2017/08/02', '07:54 PM'),
(29, 10, '2017/08/02', '07:58 PM'),
(30, 11, '2017/08/03', '01:25 PM'),
(31, 12, '2017/08/03', '02:07 PM'),
(32, 13, '2017/08/03', '06:51 PM'),
(33, 8, '2017/08/03', '07:10 PM'),
(34, 8, '2017/08/04', '09:42 AM'),
(35, 9, '2017/08/04', '09:56 AM'),
(36, 9, '2017/08/04', '11:39 AM'),
(37, 15, '2017/08/04', '11:50 AM'),
(38, 16, '2017/08/04', '12:45 PM'),
(39, 17, '2017/08/05', '02:15 PM'),
(40, 17, '2017/08/05', '02:15 PM'),
(41, 18, '2017/08/05', '02:18 PM'),
(42, 6, '2017/08/30', '04:42 PM'),
(43, 6, '2017/08/30', '04:42 PM'),
(44, 6, '2017/08/30', '04:43 PM'),
(45, 4, '2017/08/30', '04:51 PM'),
(46, 6, '2017/08/30', '04:53 PM'),
(47, 6, '2017/08/30', '05:06 PM'),
(48, 6, '2017/08/30', '05:06 PM'),
(49, 4, '2017/08/30', '05:28 PM'),
(50, 20, '2017/08/30', '05:29 PM'),
(51, 6, '2017/08/31', '10:49 AM'),
(52, 6, '2017/08/31', '10:49 AM'),
(53, 4, '2017/08/31', '01:36 PM'),
(54, 6, '2017/09/14', '08:13 PM'),
(55, 4, '2017/10/13', '07:37 PM'),
(56, 4, '2017/10/13', '07:52 PM'),
(57, 2, '2017/10/29', '11:11 AM'),
(58, 2, '2017/10/29', '11:44 AM'),
(59, 2, '2017/10/29', '02:19 PM'),
(60, 2, '2017/11/27', '02:11 AM'),
(61, 2, '2017/11/27', '02:13 AM'),
(62, 2, '2017/11/27', '02:15 AM'),
(63, 2, '2017/11/27', '02:17 AM'),
(64, 2, '2017/11/27', '02:18 AM'),
(65, 2, '2017/11/28', '02:32 AM'),
(66, 2, '2017/11/28', '02:33 AM'),
(67, 2, '2017/12/02', '11:38 PM'),
(68, 2, '2017/12/02', '11:38 PM'),
(69, 2, '2017/12/02', '11:41 PM'),
(70, 2, '2017/12/02', '11:43 PM'),
(71, 2, '2017/12/02', '11:44 PM'),
(72, 2, '2017/12/02', '11:44 PM'),
(73, 2, '2017/12/02', '11:50 PM'),
(74, 2, '2018/01/03', '09:46 AM'),
(75, 20, '2018/02/28', '12:58 AM'),
(76, 20, '2018/02/28', '01:03 AM'),
(77, 20, '2018/03/01', '12:42 AM'),
(78, 20, '2018/03/01', '12:44 AM'),
(79, 20, '2018/03/01', '12:45 AM'),
(80, 20, '2018/03/01', '06:57 PM'),
(81, 35, '2018/03/01', '07:08 PM'),
(82, 35, '2018/03/01', '07:08 PM'),
(83, 35, '2018/03/01', '07:08 PM'),
(84, 35, '2018/03/01', '07:08 PM'),
(85, 35, '2018/03/01', '08:32 PM'),
(86, 35, '2018/03/01', '08:32 PM'),
(87, 35, '2018/03/01', '08:33 PM'),
(88, 36, '2018/03/02', '11:57 AM'),
(89, 20, '2018/03/09', '03:40 PM'),
(90, 20, '2018/03/09', '03:53 PM'),
(91, 20, '2018/03/09', '04:29 PM'),
(92, 20, '2018/03/10', '05:37 PM'),
(93, 20, '2018/03/10', '05:39 PM'),
(94, 20, '2018/03/10', '06:09 PM'),
(95, 20, '2018/03/10', '06:17 PM'),
(96, 20, '2018/03/10', '06:27 PM'),
(97, 2, '2018/03/15', '06:27 PM'),
(98, 20, '2018/04/18', '11:40 AM'),
(99, 20, '2018/04/18', '11:00 PM'),
(100, 20, '2018/04/18', '11:10 PM'),
(101, 20, '2018/04/24', '11:06 PM'),
(102, 20, '2018/04/24', '11:06 PM'),
(103, 20, '2018/04/24', '11:07 PM'),
(104, 20, '2018/04/24', '11:08 PM'),
(105, 20, '2018/04/25', '03:12 PM'),
(106, 20, '2018/04/25', '03:13 PM'),
(107, 20, '2018/04/25', '03:19 PM'),
(108, 20, '2018/04/25', '03:35 PM'),
(109, 20, '2018/04/25', '03:36 PM'),
(110, 20, '2018/04/25', '03:37 PM'),
(111, 20, '2018/04/25', '03:40 PM'),
(112, 20, '2018/04/25', '03:41 PM'),
(113, 20, '2018/04/25', '03:42 PM'),
(114, 20, '2018/04/27', '04:38 PM'),
(115, 20, '2018/04/27', '04:51 PM'),
(116, 20, '2018/04/27', '04:53 PM'),
(117, 20, '2018/04/27', '04:55 PM'),
(118, 20, '2018/04/27', '04:59 PM'),
(119, 20, '2018/05/18', '04:58 PM'),
(120, 20, '2018/05/18', '04:59 PM'),
(121, 29, '2018/05/25', '10:56 AM'),
(122, 29, '2018/05/25', '11:57 AM'),
(123, 29, '2018/05/25', '11:58 AM'),
(124, 29, '2018/05/25', '11:59 AM'),
(125, 29, '2018/05/25', '12:02 PM'),
(126, 29, '2018/05/25', '12:03 PM'),
(127, 29, '2018/05/25', '12:05 PM'),
(128, 20, '2018/05/25', '02:28 PM'),
(129, 29, '2018/05/25', '02:46 PM');

-- --------------------------------------------------------

--
-- Table structure for table `favorites`
--

CREATE TABLE `favorites` (
  `FavoriteId` int(11) NOT NULL,
  `Customer` bigint(30) NOT NULL,
  `Product` bigint(30) NOT NULL,
  `Date` varchar(200) NOT NULL
) ENGINE=InnoDB DEFAULT CHARSET=utf8;

--
-- Dumping data for table `favorites`
--

INSERT INTO `favorites` (`FavoriteId`, `Customer`, `Product`, `Date`) VALUES
(9, 20, 308, '48.047619047619047619'),
(13, 20, 311, '45.863636363636363636'),
(19, 20, 307, '61.151515151454545454'),
(20, 20, 305, '61.151515151454545454');

-- --------------------------------------------------------

--
-- Table structure for table `feeds`
--

CREATE TABLE `feeds` (
  `FeedId` bigint(30) NOT NULL,
  `Email` varchar(200) COLLATE utf8_persian_ci NOT NULL
) ENGINE=InnoDB DEFAULT CHARSET=utf8 COLLATE=utf8_persian_ci ROW_FORMAT=COMPACT;

--
-- Dumping data for table `feeds`
--

INSERT INTO `feeds` (`FeedId`, `Email`) VALUES
(5, 'ccccccccccccccccccc'),
(2, 'frarnever@gmail.com'),
(1, 'siamakweb1980@gmail.com');

-- --------------------------------------------------------

--
-- Table structure for table `groups`
--

CREATE TABLE `groups` (
  `GroupId` bigint(30) NOT NULL,
  `Name` varchar(200) COLLATE utf8_persian_ci NOT NULL,
  `LatinName` varchar(200) COLLATE utf8_persian_ci NOT NULL,
  `Image` varchar(200) COLLATE utf8_persian_ci NOT NULL,
  `PlaceAsMainCat` tinyint(1) NOT NULL
) ENGINE=InnoDB DEFAULT CHARSET=utf8 COLLATE=utf8_persian_ci ROW_FORMAT=COMPACT;

--
-- Dumping data for table `groups`
--

INSERT INTO `groups` (`GroupId`, `Name`, `LatinName`, `Image`, `PlaceAsMainCat`) VALUES
(1, 'کالای الکترونیکی', 'Electronic Device', '/DigitalShopV2/MainCatImage/Group/Behdashti.jpg', 1),
(2, 'کتاب و لوازم تحریر', 'Culture Device', '/DigitalShopV2/MainCatImage/Group/Hobobat.jpg', 1),
(3, 'لوازم ورزشی', 'Sport', '/DigitalShopV2/MainCatImage/Group/Khoshkbar.jpg', 1),
(4, 'انواع ساعت', 'Beauty accessories', '', 0),
(5, 'سرگرمی و اسباب بازی', 'Toys-entertainment', '', 0),
(6, 'CD+DVD', 'CD+DVD', '', 0);

-- --------------------------------------------------------

--
-- Table structure for table `guaranteelists`
--

CREATE TABLE `guaranteelists` (
  `GuaranteeListId` bigint(30) NOT NULL,
  `Name` varchar(200) COLLATE utf8_persian_ci NOT NULL,
  `Duration` varchar(200) COLLATE utf8_persian_ci NOT NULL,
  `Price` bigint(30) NOT NULL
) ENGINE=InnoDB DEFAULT CHARSET=utf8 COLLATE=utf8_persian_ci ROW_FORMAT=COMPACT;

--
-- Dumping data for table `guaranteelists`
--

INSERT INTO `guaranteelists` (`GuaranteeListId`, `Name`, `Duration`, `Price`) VALUES
(1, 'گارانتی', 'تحویل سلامت و درست بودن کالا در محل', 0),
(2, 'sdfdsf', '111111111', 1111111111);

-- --------------------------------------------------------

--
-- Table structure for table `guarantees`
--

CREATE TABLE `guarantees` (
  `GuaranteeId` bigint(20) NOT NULL,
  `Date` varchar(200) COLLATE utf8_persian_ci NOT NULL,
  `Product` bigint(30) NOT NULL,
  `Guarantee` bigint(30) NOT NULL
) ENGINE=InnoDB DEFAULT CHARSET=utf8 COLLATE=utf8_persian_ci ROW_FORMAT=COMPACT;

--
-- Dumping data for table `guarantees`
--

INSERT INTO `guarantees` (`GuaranteeId`, `Date`, `Product`, `Guarantee`) VALUES
(4, '2017/07/28', 5, 1),
(5, '2017/07/28', 6, 1),
(6, '2017/07/28', 7, 1),
(8, '2017/07/28', 9, 1),
(9, '2017/07/28', 10, 1),
(10, '2017/07/29', 11, 1),
(11, '2017/07/29', 12, 1),
(12, '2017/07/29', 13, 1),
(13, '2017/07/29', 14, 1),
(17, '2017/08/01', 19, 1),
(18, '2017/08/30', 30, 1),
(19, '2017/08/30', 31, 1),
(21, '2017/08/30', 33, 1),
(24, '2017/08/31', 35, 1),
(25, '2017/08/31', 46, 1),
(26, '2017/08/31', 54, 1),
(27, '2017/08/31', 59, 1),
(28, '2017/08/31', 62, 1),
(29, '2017/08/31', 64, 1),
(30, '2017/08/31', 65, 1),
(31, '2017/09/03', 45, 1),
(32, '2017/09/03', 50, 1),
(33, '2017/09/03', 57, 1),
(34, '2017/09/06', 261, 1),
(35, '2017/09/14', 262, 1),
(36, '2017/09/14', 287, 1),
(37, '2017/09/14', 286, 1),
(38, '2017/09/14', 285, 1),
(39, '2017/09/14', 284, 1),
(40, '2017/09/14', 283, 1),
(41, '2017/09/14', 282, 1),
(42, '2017/09/14', 280, 1),
(43, '2017/09/14', 279, 1),
(44, '2017/09/14', 278, 1),
(45, '2017/09/14', 277, 1),
(46, '2017/09/14', 276, 1),
(47, '2017/09/14', 275, 1),
(48, '2017/09/14', 274, 1),
(49, '2017/09/14', 272, 1),
(50, '2017/09/14', 271, 1),
(51, '2017/09/14', 270, 1),
(52, '2017/09/14', 269, 1),
(53, '2017/09/14', 268, 1),
(54, '2017/09/14', 267, 1),
(55, '2017/09/14', 266, 1),
(56, '2017/09/14', 265, 1),
(57, '2017/09/14', 264, 1),
(58, '2017/09/14', 263, 1),
(60, '2017/09/14', 316, 1),
(61, '2017/09/14', 315, 1),
(62, '2017/09/14', 314, 1),
(63, '2017/09/14', 313, 1),
(64, '2017/09/14', 310, 1),
(65, '2017/09/14', 311, 1),
(66, '2017/09/14', 312, 1),
(67, '2017/09/14', 308, 1),
(68, '2017/09/14', 307, 1),
(69, '2017/09/14', 309, 1),
(70, '2017/09/14', 305, 1),
(72, '2017/09/14', 304, 1),
(73, '2017/09/14', 302, 1),
(74, '2017/09/14', 299, 1),
(75, '2017/09/14', 298, 1),
(76, '2017/09/14', 300, 1),
(77, '2017/09/14', 301, 1),
(78, '2017/09/14', 295, 1),
(79, '2017/09/14', 296, 1),
(80, '2017/09/14', 297, 1),
(81, '2017/09/14', 303, 1),
(82, '2017/09/14', 290, 1),
(83, '2017/09/14', 291, 1),
(84, '2017/09/14', 292, 1),
(85, '2017/09/14', 293, 1),
(86, '2017/09/14', 294, 1),
(87, '2017/09/14', 289, 1),
(88, '2017/09/14', 288, 1),
(89, '2018/01/25', 334, 1);

-- --------------------------------------------------------

--
-- Table structure for table `linkboxes`
--

CREATE TABLE `linkboxes` (
  `LinkBoxId` bigint(30) NOT NULL,
  `Name` varchar(200) COLLATE utf8_persian_ci NOT NULL,
  `Link` varchar(200) COLLATE utf8_persian_ci NOT NULL,
  `LinkboxTitle` bigint(30) NOT NULL,
  `User` bigint(30) NOT NULL,
  `Content` text COLLATE utf8_persian_ci NOT NULL,
  `HaveForm` int(1) NOT NULL
) ENGINE=InnoDB DEFAULT CHARSET=utf8 COLLATE=utf8_persian_ci ROW_FORMAT=COMPACT;

--
-- Dumping data for table `linkboxes`
--

INSERT INTO `linkboxes` (`LinkBoxId`, `Name`, `Link`, `LinkboxTitle`, `User`, `Content`, `HaveForm`) VALUES
(1, 'کیس Case', 'http://shop5.ir/Products.php?spgroup=9', 3, 1, '', 0),
(2, 'کارت گرافیک Graphic card', 'http://shop5.ir/Products.php?spgroup=11', 3, 1, '<p><span style=\"font-size: 10pt; font-family: tahoma, arial, helvetica, sans-serif;\">جهت تماس با ما</span></p>\r\n<p><span style=\"font-size: 10pt; font-family: tahoma, arial, helvetica, sans-serif;\">از شماره و ایمیل زیر استفاده کنید</span></p>\r\n<p>&nbsp;</p>\r\n<p style=\"text-align: center;\"><span style=\"font-size: 10pt; font-family: tahoma, arial, helvetica, sans-serif;\">Email: info@shop5.ir</span></p>\r\n<p style=\"text-align: center;\"><span style=\"font-size: 10pt; font-family: tahoma, arial, helvetica, sans-serif;\">Mobile: 09371314884</span></p>', 1),
(3, 'لپ تاب Laptop', 'http://shop5.ir/Products.php?spgroup=8', 2, 1, '', 0),
(4, 'تبلت Tablet', 'http://shop5.ir/Products.php?spgroup=3', 2, 1, '', 0),
(6, 'فروش فروشگاه ساز', 'http://siamakweb.ir', 1, 1, '', 0),
(7, 'همکاری با ما', '', 3, 1, '<p><span style=\"font-family: tahoma,arial,helvetica,sans-serif; font-size: 10pt;\">در صورتی که دارای فروشگاه معتبر به همراه کالای متنوع در عرصه کاری خود هستید </span></p>\r\n<p><span style=\"font-family: tahoma,arial,helvetica,sans-serif; font-size: 10pt;\">میتوانید اطلاعات خود را از طریق فرم زیر برای ما ارسال کرده تا در اسرع وقت با شما تماس بگیریم</span></p>\r\n<p>&nbsp;</p>\r\n<p><span style=\"font-family: tahoma,arial,helvetica,sans-serif; font-size: 10pt;\">همکاری با شما برای داشتن بازاری پر تکاپو و فعال و ایجاد کار و فعالیت بیشتر افتخار ماست</span></p>', 1),
(8, 'اعلام مشکل در سایت', '', 4, 1, '<p><span style=\"font-size: 10pt; font-family: tahoma, arial, helvetica, sans-serif;\">جهت اعلام مشکل از فرم زیر استفاده نمایید</span></p>', 1),
(9, 'سی پی یو CPU ', 'http://shop5.ir/Products.php?spgroup=10', 4, 1, '', 0),
(10, 'رم RAM ', 'http://shop5.ir/Products.php?spgroup=13', 4, 1, '', 0),
(11, 'پاور Power', 'http://shop5.ir/Products.php?spgroup=14', 1, 1, '', 0),
(12, 'اسپیکر Speaker', 'http://shop5.ir/Products.php?spgroup=15', 4, 1, '', 0),
(13, 'ماوس و کیبورد Mouse keyboard', 'http://shop5.ir/Products.php?spgroup=16', 1, 1, '', 0),
(14, 'راهنمای جستجوی دقیق', '', 4, 1, '<p>&nbsp;</p>\r\n<p>&nbsp;</p>\r\n<p style=\"text-align: center;\">&nbsp;</p>\r\n<p style=\"text-align: center;\"><span style=\"font-size: 14pt;\"><strong><span style=\"font-family: times new roman,times,serif; color: #ff0000;\">جهت جستجوی دقیق در سایت ابتدا وارد شاخه مورد نظر شوید </span></strong></span></p>\r\n<p style=\"text-align: center;\"><span style=\"font-size: 14pt;\"><strong><span style=\"font-family: times new roman,times,serif; color: #ff0000;\">مانند عکس زیر:</span></strong></span></p>\r\n<p style=\"text-align: center;\"><span style=\"font-size: 14pt;\"><strong><span style=\"font-family: times new roman,times,serif; color: #ff0000;\">&nbsp;</span></strong></span></p>\r\n<p><span style=\"font-family: tahoma,arial,helvetica,sans-serif; font-size: 10pt;\"><img style=\"display: block; margin-left: auto; margin-right: auto;\" src=\"../PostImages/jostejo.jpg\" alt=\"\" width=\"707\" height=\"500\" /></span></p>\r\n<p>&nbsp;</p>\r\n<p>&nbsp;</p>\r\n<p>&nbsp;</p>\r\n<p style=\"text-align: center;\"><span style=\"font-size: 14pt;\"><strong><span style=\"font-family: times new roman,times,serif; color: #ff0000;\">سپس در سمت راست از فیلتر های راهنما استفاده کنید</span></strong></span></p>', 0),
(15, 'درخواست کالا', 'Order.php', 3, 1, '', 0),
(16, 'درخواست پنل فروش', 'PanelRequest.php', 3, 1, '', 0);

-- --------------------------------------------------------

--
-- Table structure for table `linkboxtitles`
--

CREATE TABLE `linkboxtitles` (
  `LinkboxTitleId` bigint(30) NOT NULL,
  `Name` varchar(100) COLLATE utf8_persian_ci NOT NULL
) ENGINE=InnoDB DEFAULT CHARSET=utf8 COLLATE=utf8_persian_ci ROW_FORMAT=COMPACT;

--
-- Dumping data for table `linkboxtitles`
--

INSERT INTO `linkboxtitles` (`LinkboxTitleId`, `Name`) VALUES
(1, 'معرفی سایت'),
(2, 'لینک های مفید'),
(3, 'سایر'),
(4, 'بخش های فروشگاه');

-- --------------------------------------------------------

--
-- Table structure for table `logos`
--

CREATE TABLE `logos` (
  `LogoId` bigint(30) NOT NULL,
  `Name` varchar(200) COLLATE utf8_persian_ci NOT NULL,
  `Image` varchar(500) COLLATE utf8_persian_ci NOT NULL,
  `LatinName` varchar(200) COLLATE utf8_persian_ci NOT NULL,
  `Activated` tinyint(1) NOT NULL
) ENGINE=InnoDB DEFAULT CHARSET=utf8 COLLATE=utf8_persian_ci ROW_FORMAT=COMPACT;

--
-- Dumping data for table `logos`
--

INSERT INTO `logos` (`LogoId`, `Name`, `Image`, `LatinName`, `Activated`) VALUES
(1, 'کامپیوتر', 'CompanyLogos//digital.png', 'computer', 0),
(2, 'سی دی - دی وی دی', 'CompanyLogos//DVD.png', 'CD+DVD', 0),
(3, 'لوازم تحریر', 'CompanyLogos//lavazem_tahrir.png', 'lavazem tahrir', 0),
(4, 'ورزشی', 'CompanyLogos//Sport.png', 'Sport', 0),
(5, 'ساعت', 'CompanyLogos//clock - Copy 1.png', 'Clock', 0),
(6, 'اسباب بازی', 'CompanyLogos//toy.png', 'toy', 0);

-- --------------------------------------------------------

--
-- Table structure for table `mainmenus`
--

CREATE TABLE `mainmenus` (
  `MainMenuId` bigint(30) NOT NULL,
  `Group` bigint(30) NOT NULL,
  `Number` int(11) NOT NULL,
  `Disabled` int(1) NOT NULL
) ENGINE=InnoDB DEFAULT CHARSET=utf8 COLLATE=utf8_persian_ci ROW_FORMAT=COMPACT;

--
-- Dumping data for table `mainmenus`
--

INSERT INTO `mainmenus` (`MainMenuId`, `Group`, `Number`, `Disabled`) VALUES
(40, 1, 1, 0),
(41, 2, 6, 0),
(42, 3, 3, 0),
(43, 4, 4, 0),
(44, 5, 5, 0),
(45, 6, 2, 1);

-- --------------------------------------------------------

--
-- Table structure for table `menutitles`
--

CREATE TABLE `menutitles` (
  `MenuTitleId` bigint(30) NOT NULL,
  `Name` varchar(200) COLLATE utf8_persian_ci NOT NULL,
  `SubMenu` bigint(30) NOT NULL,
  `Column` int(11) NOT NULL
) ENGINE=InnoDB DEFAULT CHARSET=utf8 COLLATE=utf8_persian_ci ROW_FORMAT=COMPACT;

--
-- Dumping data for table `menutitles`
--

INSERT INTO `menutitles` (`MenuTitleId`, `Name`, `SubMenu`, `Column`) VALUES
(16, 'تبلت', 73, 1),
(17, 'لپ تاپ', 74, 1),
(18, 'کامپیوتر و لوازم جانبی', 75, 1),
(19, 'لوازم جانبی', 76, 1),
(20, 'سایر لوازم الکترونیکی', 77, 1),
(21, 'ساعت', 78, 1),
(22, 'اسباب بازی', 79, 1),
(23, 'کتاب و مجلات', 80, 1),
(24, 'لوازم تحریر', 81, 1),
(25, 'فیلم و موسیقی', 82, 1),
(26, 'CD-DVD', 83, 1),
(27, 'پوشاک ورزشی', 84, 1),
(28, 'لوازم ورزشی', 85, 1),
(29, 'ورزشی-سایر', 86, 1),
(31, '', 51, 1),
(32, '', 70, 1),
(33, '', 71, 1),
(34, '', 72, 1),
(35, 'چراغ مطالعه', 51, 1),
(36, 'مانیتور', 70, 1),
(37, 'سایر لوازم گروه لپ تاب', 71, 1),
(38, 'تست 1-2', 72, 1),
(39, 'چراغ مطالعه', 51, 1),
(40, 'مانیتور', 70, 1),
(41, 'سایر لوازم گروه لپ تاب', 71, 1),
(42, 'تست 1-2', 72, 1),
(43, 'چراغ مطالعه', 51, 1),
(44, 'مانیتور', 70, 1),
(45, 'سایر لوازم گروه لپ تاب', 71, 1),
(46, 'تست 1-2', 72, 1);

-- --------------------------------------------------------

--
-- Table structure for table `news`
--

CREATE TABLE `news` (
  `NewsId` bigint(30) NOT NULL,
  `Title` varchar(200) COLLATE utf8_persian_ci NOT NULL,
  `Content` longtext COLLATE utf8_persian_ci NOT NULL,
  `Image` varchar(300) COLLATE utf8_persian_ci NOT NULL,
  `Keywords` varchar(500) COLLATE utf8_persian_ci NOT NULL,
  `MetaDescription` varchar(500) COLLATE utf8_persian_ci NOT NULL,
  `User` bigint(30) NOT NULL,
  `Status` tinyint(1) NOT NULL,
  `Date` varchar(50) COLLATE utf8_persian_ci NOT NULL,
  `Summary` varchar(500) COLLATE utf8_persian_ci NOT NULL
) ENGINE=MyISAM DEFAULT CHARSET=utf8 COLLATE=utf8_persian_ci ROW_FORMAT=DYNAMIC;

--
-- Dumping data for table `news`
--

INSERT INTO `news` (`NewsId`, `Title`, `Content`, `Image`, `Keywords`, `MetaDescription`, `User`, `Status`, `Date`, `Summary`) VALUES
(2, 'قیمت و طرح‌های جدید اینترنت نامحدود', '<span style=\"font-family: tahoma,arial,helvetica,sans-serif; font-size: 10pt;\">نرخ های جدید بر مبنای ۶ مدل سرعت اینترنت درنظر گرفته شده است که با توجه به میزان مصرف کاربران ADSL هزینه ماهانه اینترنت برای کاربران کاهش یافته است اما &nbsp;محدودیت ارائه تکنولوژی نیز برداشته شده است و اپراتورها می توانند متناسب با تقاضای سرعت کاربر به آنها اینترنت ADSL ، فیبرنوری و VDSL ارئه بدهند تا کاربران کیفیت بیشتری را تجربه بکنند.</span> &nbsp;\r\n&nbsp;', '/News//inter.png', 'تست', 'تست', 1, 1, '2017/07/31', 'نرخ های جدید بر مبنای ۶ مدل سرعت اینترنت درنظر گرفته شده است که با توجه به میزان مصرف کاربران ADSL هزینه ماهانه اینترنت برای کاربران کاهش یافته است اما  محدودیت ارائه تکنولوژی نیز برداشته شده است'),
(3, ' خداحافظی با یکی از جنجالی‌ترین نرم‌افزارهای تاریخ ', '<span style=\"font-family: tahoma, arial, helvetica, sans-serif; font-size: 10pt;\">این نرم&zwnj;افزار با نرم&zwnj;افزارهای استاندارد دیگری نظیر HTML5 جایگزین خواهد شد که نه&zwnj;تنها تمام ویژگی&zwnj;ها و قابلیت&zwnj;های مربوط به فلش را به کاربر ارائه می&zwnj;دهد، بلکه برای استفاده از این قابلیت&zwnj;ها نیازی به نصب پلاگین خاصی نیز وجود نخواهد داشت.</span><br /><br /><span style=\"font-family: tahoma, arial, helvetica, sans-serif; font-size: 10pt;\"> شرکت ادوبی برای تشویق کمپانی&zwnj;های بزرگ به حرکت به&zwnj;سوی این نرم&zwnj;افزار جدید، با کمپانی&zwnj;های بزرگ مانند اپل، فیس&zwnj;بوک و گوگل همکاری خواهد کرد. این کمپانی&zwnj;ها نیز پشتیبانی خود از ادوبی را به&zwnj;صورت جداگانه ابراز داشته&zwnj;اند.</span>', '/News//flash.png', 'شرکت ,ادوبی,, اعلام کرده است که سرانجام, فلش, پلیر, به پایان راه خود رسیده است و این کمپانی پس از سال 2020 میلادی دیگر به پشتیبانی از این سیستم ادامه نخواهد داد', 'شرکت ادوبی اعلام کرده است که سرانجام فلش پلیر به پایان راه خود رسیده است و این کمپانی پس از سال 2020 میلادی دیگر به پشتیبانی از این سیستم ادامه نخواهد داد', 1, 1, '2017/08/01', 'شرکت ادوبی اعلام کرده است که سرانجام فلش پلیر به پایان راه خود رسیده است و این کمپانی پس از سال 2020 میلادی دیگر به پشتیبانی از این سیستم ادامه نخواهد داد'),
(4, ' رایگان شدن آنتی ویروس کسپرسکی ', '<span style=\"font-family: tahoma, arial, helvetica, sans-serif; font-size: 10pt;\">شرکت امنیتی کسپرسکی، می&zwnj;خواهد نرم افزار آنتی ویروس خود را در ایالات متحده و سپس در انگلستان به صورت رایگان ارائه دهد.</span>\r\n<span style=\"font-family: tahoma, arial, helvetica, sans-serif; font-size: 10pt;\">هر چند ارائه رایگان این آنتی ویروس می&zwnj;تواند یک پیشنهاد خیرخواهانه تلقی گردد،&zwnj;اما از طرفی می&zwnj;توان به این موضوع، به چشم دامی از سوی کشور روسیه و با هدف دسترسی به اطلاعات آمریکایی&zwnj;ها و سوءاستفاده از اطلاعات مورد بحث نگاه کرد.</span>', '/News//kasper.png', '', '', 1, 1, '2017/08/01', 'شرکت امنیتی کسپرسکی، می‌خواهد نرم افزار آنتی ویروس خود را در ایالات متحده و سپس در انگلستان به صورت رایگان ارائه دهد.'),
(5, 'واکنش تلگرام به خبر انتقال سرورهایش به ایران ', '<span style=\"font-family: tahoma, arial, helvetica, sans-serif; font-size: 10pt;\">&nbsp;انتقال سرورهای تلگرام به ایران، موضوعی است که این اواخر بارها اعلام و پس از چند ساعت، توسط مدیر تلگرام تکذیب شده است. امروز نیز وزیر ارتباطات و فناوری اطلاعات مجددا اعلام کرد که جلسات فشرده&zwnj;ای با این شرکت برگزار شده و سرورهای این سرویس پیام&zwnj;رسان به ایران منتقل شده است. واعظی در سخنانش اظهار داشت که این توافق یک&zwnj;طرفه نیست و مذاکرات نتیجه داده&zwnj;اند. به دنبال انتشار این خبر، پاول دورف امروز مجددا در صفحه&zwnj;ی توییتر رسمی خود، پاسخگوی کاربران بود و به آن&zwnj;ها اعلام کرد که سرورهای تلگرام هرگز به ایران منتقل نخواهند شد</span>', '/News//teleg.png', ' انتقال سرورهای تلگرام به ایران، موضوعی است که این اواخر بارها اعلام و پس از چند ساعت، توسط مدیر تلگرام تکذیب شده است. امروز نیز وزیر ارتباطات و فناوری اطلاعات مجددا اعلام کرد که جلسات فشرده‌ای با این شرکت برگزار شده و سرورهای این سرویس پیام‌رسان به ایران منتقل شده است. واعظی در سخنانش اظهار داشت که این توافق یک‌طرفه نیست و مذاکرات نتیجه داده‌اند. به دنبال انتشار این خبر، پاول دورف امروز مجددا در صفحه‌ی توییتر رسمی خود، پاسخگوی کاربران بود و به آن‌ها اعلام کرد که سرورهای تلگرام هرگز به ایران منت', ' انتقال سرورهای تلگرام به ایران، موضوعی است که این اواخر بارها اعلام و پس از چند ساعت، توسط مدیر تلگرام تکذیب شده است. امروز نیز وزیر ارتباطات و فناوری اطلاعات مجددا اعلام کرد که جلسات فشرده‌ای با این شرکت برگزار شده و سرورهای این سرویس پیام‌رسان به ایران منتقل شده است. واعظی در سخنانش اظهار داشت که این توافق یک‌طرفه نیست و مذاکرات نتیجه داده‌اند. به دنبال انتشار این خبر، پاول دورف امروز مجددا در صفحه‌ی توییتر رسمی خود، پاسخگوی کاربران بود و به آن‌ها اعلام کرد که سرورهای تلگرام هرگز به ایران منت', 1, 1, '2017/08/01', ' انتقال سرورهای تلگرام به ایران، موضوعی است که این اواخر بارها اعلام و پس از چند ساعت، توسط مدیر تلگرام تکذیب شده است. امروز نیز وزیر ارتباطات و فناوری اطلاعات مجددا اعلام کرد که جلسات فشرده‌ای با این شرکت برگزار شده و سرورهای این سرویس پیام‌رسان به ایران منتقل شده است. واعظی در سخنانش اظهار داشت که این توافق یک‌طرفه نیست و مذاکرات نتیجه داده‌اند. به دنبال انتشار این خبر، پاول دورف امروز مجددا در صفحه‌ی توییتر رسمی خود، پاسخگوی کاربران بود و به آن‌ها اعلام کرد که سرورهای تلگرام هرگز به ایران منت'),
(6, ' چین بزرگ‌ترین جهان مجازی را خلق کرد ', '<span style=\"font-family: tahoma, arial, helvetica, sans-serif; font-size: 10pt;\">گروهی از دانشمندان چینی با کمک سریع&zwnj;ترین ابر رایانه دنیا بزرگ&zwnj;ترین جهان مجازی را ایجاد کردند و آن را &laquo;تمرین اولیه&raquo; ماشین Sunway TaihuLight نام&zwnj;گذاری کردند. این ابررایانه با استفاده از ۱۰ میلیون هسته CPU این شبیه سازی را انجام داده است.</span><br /><br /><span style=\"font-family: tahoma, arial, helvetica, sans-serif; font-size: 10pt;\">به هرحال این ماشین خلق و گسترش اولیه جهان در میلیون&zwnj;ها سال قبل را شبیه سازی کرد. جهان مجازی ساخته شده ۵ برابر شبیه سازی محققان دانشگاه زوریخ است که در ماه ژوئن رونمایی شد.</span><br /><br /><span style=\"font-family: tahoma, arial, helvetica, sans-serif; font-size: 10pt;\">شبیه سازی جهان به ستاره شناسان کمک می&zwnj;کند در مناطق مختلف فضا جستجوهایی انجام دهند.</span><br /><br /><span style=\"font-family: tahoma, arial, helvetica, sans-serif; font-size: 10pt;\"> نسل آتی ابررایانه ها ۱۰ برابر قدرتمندتر از Sunway TaihuLight خواهند بود که در ۲۰۱۹ میلادی آماده می شوند</span>', '/News//majazi.png', 'گروهی از دانشمندان چینی با کمک سریع‌ترین ابر رایانه دنیا بزرگ‌ترین جهان مجازی را ایجاد کردند و آن را «تمرین اولیه» ماشین Sunway TaihuLight نام‌گذاری کردند. این ابررایانه با استفاده از ۱۰ میلیون هسته CPU این شبیه سازی را انجام داده است.  به هرحال این ماشین خلق و گسترش اولیه جهان در میلیون‌ها سال قبل را شبیه سازی کرد. جهان مجازی ساخته شده ۵ برابر شبیه سازی محققان دانشگاه زوریخ است که در ماه ژوئن رونمایی شد.  شبیه سازی جهان به ستاره شناسان کمک می‌کند در مناطق مختلف فضا جستجوهایی انجام دهند.  نسل آت', 'گروهی از دانشمندان چینی با کمک سریع‌ترین ابر رایانه دنیا بزرگ‌ترین جهان مجازی را ایجاد کردند و آن را «تمرین اولیه» ماشین Sunway TaihuLight نام‌گذاری کردند. این ابررایانه با استفاده از ۱۰ میلیون هسته CPU این شبیه سازی را انجام داده است.\r\n\r\nبه هرحال این ماشین خلق و گسترش اولیه جهان در میلیون‌ها سال قبل را شبیه سازی کرد. جهان مجازی ساخته شده ۵ برابر شبیه سازی محققان دانشگاه زوریخ است که در ماه ژوئن رونمایی شد.\r\n\r\nشبیه سازی جهان به ستاره شناسان کمک می‌کند در مناطق مختلف فضا جستجوهایی انجام دهند.\r\n\r\n', 1, 1, '2017/08/01', 'گروهی از دانشمندان چینی با کمک سریع‌ترین ابر رایانه دنیا بزرگ‌ترین جهان مجازی را ایجاد کردند و آن را «تمرین اولیه» ماشین Sunway TaihuLight نام‌گذاری کردند. این ابررایانه با استفاده از ۱۰ میلیون هسته CPU این شبیه سازی را انجام داده است.\r\n\r\nبه هرحال این ماشین خلق و گسترش اولیه جهان در میلیون‌ها سال قبل را شبیه سازی کرد. جهان مجازی ساخته شده ۵ برابر شبیه سازی محققان دانشگاه زوریخ است که در ماه ژوئن رونمایی شد.\r\n\r\nشبیه سازی جهان به ستاره شناسان کمک می‌کند در مناطق مختلف فضا جستجوهایی انجام دهند.\r\n\r\n'),
(7, 'جایزه 60ملیون تومانی', '<p style=\"box-sizing: inherit; outline: none 0px; margin-top: 0px; line-height: 20px; margin-bottom: 1rem; font-size: 1.1em; font-family: iranyekan, iranyekanNum, sans-serif; text-align: justify; color: #292b2c; word-spacing: 1px;\"><span style=\"font-family: tahoma, arial, helvetica, sans-serif; font-size: 10pt;\">وب سایت \"<a style=\"box-sizing: inherit; outline: none 0px; background-color: transparent; color: #333333; text-decoration-line: none; touch-action: manipulation; cursor: pointer; -webkit-tap-highlight-color: transparent; font-size: 1.1em; line-height: 29.4272px;\" href=\"www.lastsecond.ir/\" target=\"_blank\" rel=\"noopener\"><span style=\"box-sizing: inherit; outline: none 0px; font-weight: bolder; line-height: 32.3699px;\">لست سکند</span></a>\" با همکاری آژانس های مسافرتی عضو و در جهت ترویج فرهنگ سفر و به اشتراک گذاری دانش و تجربه کاربران خود اقدام به راه اندازی مسابقه ای با عنوان \"<span style=\"box-sizing: inherit; outline: none 0px; font-weight: bolder; line-height: 29.4272px;\">مسابقه بزرگ سفرنامه نویسی</span>\" برای ششمین&nbsp;سال متوالی نموده است (اگر نمی دانید سفرنامه چیست<a style=\"box-sizing: inherit; outline: none 0px; background-color: transparent; color: #333333; text-decoration-line: none; touch-action: manipulation; cursor: pointer; -webkit-tap-highlight-color: transparent; font-size: 1.1em; line-height: 29.4272px;\" href=\"www.lastsecond.ir/staticPages/itineraries/\" target=\"_blank\" rel=\"noopener\"><span style=\"box-sizing: inherit; outline: none 0px; font-weight: bolder; line-height: 32.3699px;\">&nbsp;اینجا کلیک</span></a>&nbsp;کنید |&nbsp;<a style=\"box-sizing: inherit; outline: none 0px; background-color: transparent; color: #333333; text-decoration-line: none; touch-action: manipulation; cursor: pointer; -webkit-tap-highlight-color: transparent; font-size: 1.1em; line-height: 29.4272px;\" href=\"fa.wikipedia.org/wiki/%D8%B3%D9%81%D8%B1%D9%86%D8%A7%D9%85%D9%87\" target=\"_blank\" rel=\"noopener\">توضیح<span style=\"box-sizing: inherit; outline: none 0px; font-weight: bolder; line-height: 32.3699px;\">&nbsp;سفرنامه در ویکی پدیا</span></a>). تاریخ شروع مسابقه از پایان مسابقه سال 95 (1 بهمن 1395) و<span style=\"box-sizing: inherit; outline: none 0px; line-height: 29.4272px; color: #ff0000;\"><span style=\"box-sizing: inherit; outline: none 0px; font-weight: bolder; line-height: 32.3699px;\">&nbsp;تاریخ پایان مسابقه 30 آبان 1396 است</span></span>&nbsp;.(تمامی سفرنامه ها و نقد و بررسی های ارسالی بعد از پایان مسابقه سال 1395 به صورت اتوماتیک در مسابقه شرکت داده می شوند)</span>\r\n<p style=\"box-sizing: inherit; outline: none 0px; margin-top: 0px; line-height: 26.752px; margin-bottom: 1rem; font-size: 1.1em; font-family: iranyekan, iranyekanNum, sans-serif; text-align: justify; color: #292b2c; word-spacing: 1px;\"><span style=\"font-family: tahoma, arial, helvetica, sans-serif; font-size: 10pt;\">&nbsp;</span>\r\n<p style=\"box-sizing: inherit; outline: none 0px; margin-top: 0px; line-height: 20px; margin-bottom: 1rem; font-size: 1.1em; font-family: iranyekan, iranyekanNum, sans-serif; text-align: justify; color: #292b2c; word-spacing: 1px;\"><span style=\"font-family: tahoma, arial, helvetica, sans-serif; font-size: 10pt;\">در این مسابقه 5 آژانس مسافرتی به عنوان حمایت کننده و اسپانسر آمادگی خود را اعلام نموده اند و در نتیجه جوایز بسیار ارزشمند و نفیسی انتظار برندگان خوش شانس و پرتلاش مسابقه را می کشد.</span>', '/News//award60.png', 'وب سایت \"لست سکند\" با همکاری آژانس های مسافرتی عضو و در جهت ترویج فرهنگ سفر و به اشتراک گذاری دانش و تجربه کاربران خود اقدام به راه اندازی مسابقه ای با عنوان \"مسابقه بزرگ سفرنامه نویسی\" برای ششمین سال متوالی نموده است', 'وب سایت \"لست سکند\" با همکاری آژانس های مسافرتی عضو و در جهت ترویج فرهنگ سفر و به اشتراک گذاری دانش و تجربه کاربران خود اقدام به راه اندازی مسابقه ای با عنوان \"مسابقه بزرگ سفرنامه نویسی\" برای ششمین سال متوالی نموده است', 1, 1, '2017/08/01', 'وب سایت \"لست سکند\" با همکاری آژانس های مسافرتی عضو و در جهت ترویج فرهنگ سفر و به اشتراک گذاری دانش و تجربه کاربران خود اقدام به راه اندازی مسابقه ای با عنوان \"مسابقه بزرگ سفرنامه نویسی\" برای ششمین سال متوالی نموده است'),
(8, 'کامپیوتر قابل حمل HP واقعیت مجازی', '<span style=\"font-family: \'Open Sans\', IranSans, \'Helvetica Neue\', Helvetica, Roboto, Arial, sans-serif; font-size: 17.6px;\">&laquo;HP Z VR&raquo; کامپیوتر واقعیت مجازی جدید کمپانی آمریکایی است که برای نمایشگاه های خودرو، بنگاه های معاملات ملکی و کسب و کارهای مشابه توسعه یافته و از استانداردهای ارتش در زمینه مقاومت در مقابل سقوط، آب و گرد و غبار برخوردار است.</span>\r\n&nbsp;\r\n<span style=\"font-family: \'Open Sans\', IranSans, \'Helvetica Neue\', Helvetica, Roboto, Arial, sans-serif; font-size: 17.6px;\">دستگاه مورد بحث برای پردازش امور به یک چیپست اینتل Core i7 سری کیبی لیک به همراه کارت گرافیک انویدیا &laquo;Quadro P5200&raquo; با حافظه 16 گیگابایتی مجهز شده و رم آن نیز تا 32 گیگابایت قابلیت ارتقا دارد. کامپیوتر پوشیدنی HP به طور خاص با سری بیزنس هدست های واقعیت مجازی &laquo;HTC Vive&raquo; همگام سازی شده، اما شرکت سازنده می گوید اجباری در استفاده از آنها نیست و کاربران می توانند از محصولات مشابهی مانند &laquo;Oculus Rift&raquo; نیز استفاده کنند.</span>\r\n&nbsp;\r\n<p style=\"box-sizing: inherit; margin: 0px 0px 1rem; padding: 0px; font-size: 1.1rem; line-height: 2.2; text-rendering: optimizeLegibility; font-family: \'Open Sans\', IranSans, \'Helvetica Neue\', Helvetica, Roboto, Arial, sans-serif;\">گفتنی است Z VR علاوه بر دنیای کسب و کار، کاربردهای آموزشی نیز داشته و HP قصد دارد با همکاری شرکت هایی مانند Autodesk و Epic Games، پروژه ای تحت عنوان &laquo;Mars Home Planet&raquo; را برای شبیه سازی زندگی در مریخ و آزمایش طرح های مفهومی ساختمان ها و ابزار جدید، راه اندازی کند.\r\n<p style=\"box-sizing: inherit; margin: 0px 0px 1rem; padding: 0px; font-size: 1.1rem; line-height: 2.2; text-rendering: optimizeLegibility; font-family: \'Open Sans\', IranSans, \'Helvetica Neue\', Helvetica, Roboto, Arial, sans-serif;\">در ادامه تصاویر مربوط به کامپیوتر قابل حمل HP را مشاهده می کنید:\r\n<p style=\"box-sizing: inherit; margin: 0px 0px 1rem; padding: 0px; font-size: 1.1rem; line-height: 2.2; text-rendering: optimizeLegibility; font-family: \'Open Sans\', IranSans, \'Helvetica Neue\', Helvetica, Roboto, Arial, sans-serif;\">&nbsp;\r\n<p style=\"box-sizing: inherit; margin: 0px 0px 1rem; padding: 0px; font-size: 1.1rem; line-height: 2.2; text-rendering: optimizeLegibility; font-family: \'Open Sans\', IranSans, \'Helvetica Neue\', Helvetica, Roboto, Arial, sans-serif;\"><img src=\"../News//majazi_seat.jpg\" alt=\"\" width=\"475\" height=\"461\" />', '/News//majazi.jpg', '«HP Z VR» کامپیوتر واقعیت مجازی جدید کمپانی آمریکایی است که برای نمایشگاه های خودرو، بنگاه های معاملات ملکی و کسب و کارهای مشابه توسعه یافته و از استانداردهای ارتش در زمینه مقاومت در مقابل سقوط، آب و گرد و غبار برخوردار است.', '«HP Z VR» کامپیوتر واقعیت مجازی جدید کمپانی آمریکایی است که برای نمایشگاه های خودرو، بنگاه های معاملات ملکی و کسب و کارهای مشابه توسعه یافته و از استانداردهای ارتش در زمینه مقاومت در مقابل سقوط، آب و گرد و غبار برخوردار است.', 1, 1, '2017/08/01', '«HP Z VR» کامپیوتر واقعیت مجازی جدید کمپانی آمریکایی است که برای نمایشگاه های خودرو، بنگاه های معاملات ملکی و کسب و کارهای مشابه توسعه یافته و از استانداردهای ارتش در زمینه مقاومت در مقابل سقوط، آب و گرد و غبار برخوردار است.'),
(9, '5 نکته ای که قبل از شروع کسب و کارتان باید بدانید', '<ul style=\"box-sizing: inherit; margin: 0px 2rem 2rem 0px; padding: 0px; line-height: 1.6; list-style-position: outside; color: #212121; font-family: \'Open Sans\', IranSans, \'Helvetica Neue\', Helvetica, Roboto, Arial, sans-serif; font-size: 16px;\">\r\n<ul style=\"box-sizing: inherit; margin: 0px 2rem 2rem 0px; padding: 0px; line-height: 1.6; list-style-position: outside; color: #212121; font-family: \'Open Sans\', IranSans, \'Helvetica Neue\', Helvetica, Roboto, Arial, sans-serif; font-size: 16px;\">\r\n<li style=\"box-sizing: inherit; margin: 0px 0px 1rem; padding: 0px; font-size: 1.1rem; line-height: 2;\"><span style=\"font-family: tahoma, arial, helvetica, sans-serif; font-size: 10pt;\"><strong style=\"box-sizing: inherit; line-height: inherit;\">ایده تان را محک بزنید</strong></span></li>\r\n<li style=\"box-sizing: inherit; margin: 0px 0px 1rem; padding: 0px; font-size: 1.1rem; line-height: 2;\"><span style=\"font-family: tahoma, arial, helvetica, sans-serif; font-size: 10pt;\"><strong style=\"box-sizing: inherit; line-height: inherit;\">اسم انتخاب کنید</strong></span></li>\r\n</ul>\r\n</ul>\r\n<p style=\"box-sizing: inherit; margin: 0px 0px 1rem; padding: 0px; font-size: 1.1rem; line-height: 2.2; text-rendering: optimizeLegibility; color: #000000;\">&nbsp;\r\n<ul style=\"box-sizing: inherit; margin: 0px 2rem 2rem 0px; padding: 0px; line-height: 1.6; list-style-position: outside; color: #212121; font-family: \'Open Sans\', IranSans, \'Helvetica Neue\', Helvetica, Roboto, Arial, sans-serif; font-size: 16px;\">\r\n<li style=\"box-sizing: inherit; margin: 0px 0px 1rem; padding: 0px; font-size: 1.1rem; line-height: 2;\"><span style=\"font-family: tahoma, arial, helvetica, sans-serif; font-size: 10pt;\"><strong style=\"box-sizing: inherit; line-height: inherit;\">برنامه ریزی کنید</strong></span></li>\r\n<li style=\"box-sizing: inherit; margin: 0px 0px 1rem; padding: 0px; font-size: 1.1rem; line-height: 2;\"><span style=\"font-family: tahoma, arial, helvetica, sans-serif; font-size: 10pt;\"><strong style=\"box-sizing: inherit; line-height: inherit;\">سرمایه گذار پیدا کنید</strong></span></li>\r\n<li style=\"box-sizing: inherit; margin: 0px 0px 1rem; padding: 0px; font-size: 1.1rem; line-height: 2;\"><span style=\"font-family: tahoma, arial, helvetica, sans-serif; font-size: 10pt;\"><strong style=\"box-sizing: inherit; line-height: inherit;\">کارهای اداری را انجام دهید</strong></span></li>\r\n<li><span style=\"font-family: tahoma, arial, helvetica, sans-serif; font-size: 10pt;\">بعد از انتخاب اسم شرکت باید آن را به ثبت برسانید و البته کارهای اداری آن زمان گیر خواهد بود اما تنها مرز میان شما و شکل گیری ایده تان است. پس با صبوری این قدم ها را بردارید.</span></li>\r\n</ul>', '/News//golsabz.jpg', 'ایده تان را محک بزنید اسم انتخاب کنید  برنامه ریزی کنید سرمایه گذار پیدا کنید کارهای اداری را انجام دهید بعد از انتخاب اسم شرکت باید آن را به ثبت برسانید و البته کارهای اداری آن زمان گیر خواهد بود اما تنها مرز میان شما و شکل گیری ایده تان است. پس با صبوری این قدم ها را بردارید.', 'ایده تان را محک بزنید\r\nاسم انتخاب کنید\r\n\r\nبرنامه ریزی کنید\r\nسرمایه گذار پیدا کنید\r\nکارهای اداری را انجام دهید\r\nبعد از انتخاب اسم شرکت باید آن را به ثبت برسانید و البته کارهای اداری آن زمان گیر خواهد بود اما تنها مرز میان شما و شکل گیری ایده تان است. پس با صبوری این قدم ها را بردارید.', 1, 1, '2017/08/01', 'بعد از انتخاب اسم شرکت باید آن را به ثبت برسانید و البته کارهای اداری آن زمان گیر خواهد بود اما تنها مرز میان شما و شکل گیری ایده تان است. پس با صبوری این قدم ها را بردارید.'),
(10, 'مدیرعامل آمازون سرمایه خود را چطور خرج می کند؟', '<h1 style=\"box-sizing: inherit; font-size: 2rem; margin: 2rem auto; padding: 0px; font-family: \'Open Sans\', IranSans, \'Helvetica Neue\', Helvetica, Roboto, Arial, sans-serif; color: #212121; text-rendering: optimizeLegibility; line-height: 1.4; cursor: default; transition: all 0.4s;\"><a style=\"box-sizing: inherit; background-color: transparent; color: #212121; text-decoration-line: none; line-height: inherit; cursor: pointer; transition: all 0.4s;\" href=\"digiato.com/article/2017/07/28/%d8%ac%d9%81-%d8%a8%d8%b2%d9%88%d8%b3%d8%8c%e2%80%8c-%d9%85%d8%af%db%8c%d8%b1%d8%b9%d8%a7%d9%85%d9%84-%d8%ab%d8%b1%d9%88%d8%aa%d9%85%d9%86%d8%af-%d8%a2%d9%85%d8%a7%d8%b2%d9%88%d9%86-%d8%b3%d8%b1%d9%85/\">جف بزوس،&zwnj; مدیرعامل ثروتمند آمازون سرمایه خود را چطور خرج می کند؟</a></h1>\r\n<span style=\"font-family: \'Open Sans\', IranSans, \'Helvetica Neue\', Helvetica, Roboto, Arial, sans-serif; font-size: 17.6px;\">بزوس در پایان روز با ثروتی معادل ۸۹.۸ میلیارد دلار پس از بیل گیتس با ثروت ۹۰.۸ میلیارد دلار در مقام دوم قرار گرفت.</span>\r\n&nbsp;\r\n&nbsp;\r\n<span style=\"font-family: \'Open Sans\', IranSans, \'Helvetica Neue\', Helvetica, Roboto, Arial, sans-serif; font-size: 17.6px;\"><img src=\"../News//bezos_amazon.jpg\" alt=\"\" width=\"600\" height=\"338\" /></span>\r\n<p style=\"box-sizing: inherit; margin: 0px 0px 1rem; padding: 0px; font-size: 1.1rem; line-height: 2.2; text-rendering: optimizeLegibility; font-family: \'Open Sans\', IranSans, \'Helvetica Neue\', Helvetica, Roboto, Arial, sans-serif;\">در ماه مه، بزوس ۱ میلیون دلار به کمیته خبرنگاران برای آزادی مطبوعات بخشید. یک اقدام خیرخواهانه در راستای دریافت سود بیشتر از کسب و کاری که بزوس به آن علاقه دارد. واشنگتن پست برای جف بزوس است. در ماه مارس، بنیاد خانوادگی او، ۳۵ میلیون دلار به انستیتو تحقیقاتی سرطان فرد هاچینسون اعطا کرد. او ۱۰ میلیون دلار دیگر نیز برای مرکز نوآوری ها در موزه تاریخ و صنعت سیاتل هزینه کرد.\r\n<p style=\"box-sizing: inherit; margin: 0px 0px 1rem; padding: 0px; font-size: 1.1rem; line-height: 2.2; text-rendering: optimizeLegibility; font-family: \'Open Sans\', IranSans, \'Helvetica Neue\', Helvetica, Roboto, Arial, sans-serif;\">آمازون اخیرا تعهد داده که برای بی خانمان ها نیز طرحی بریزد و از این سو، بزوس ۱ میلیون دلار دیگر از سرمایه خود را بخشیده. همه این ها رقم های بسیار بالایی هستند اما در مقایسه با سرمایه گذاری ۴۵ میلیارد دلاری مارک زاکربرگ و همسرش پریسیلا چان یا سرمایه گذاری ۳۰ میلیارد دلاری گیتس تقریبا ناچیز به نظر می آید.\r\n<p style=\"box-sizing: inherit; margin: 0px 0px 1rem; padding: 0px; font-size: 1.1rem; line-height: 2.2; text-rendering: optimizeLegibility; font-family: \'Open Sans\', IranSans, \'Helvetica Neue\', Helvetica, Roboto, Arial, sans-serif;\">بزوس در عوض می خواهد از پولی که دارد استفاده کرده و پول بیشتری به دست آورد. قطعا در مورد شرکت فضایی او با نام Blue Origin شنیده اید که هدف آن حفظ انسان ها از زمین و سفر به گوشه دیگری از این کهکشان است.', '/News//amazon.jpg', 'جف بزوس،‌ مدیرعامل ثروتمند آمازون سرمایه خود را چطور خرج می کند؟  بزوس در پایان روز با ثروتی معادل ۸۹.۸ میلیارد دلار پس از بیل گیتس با ثروت ۹۰.۸ میلیارد دلار در مقام دوم قرار گرفت.', 'جف بزوس،‌ مدیرعامل ثروتمند آمازون سرمایه خود را چطور خرج می کند؟\r\n\r\nبزوس در پایان روز با ثروتی معادل ۸۹.۸ میلیارد دلار پس از بیل گیتس با ثروت ۹۰.۸ میلیارد دلار در مقام دوم قرار گرفت.', 1, 1, '2017/08/01', 'جف بزوس،‌ مدیرعامل ثروتمند آمازون سرمایه خود را چطور خرج می کند؟\r\n\r\nبزوس در پایان روز با ثروتی معادل ۸۹.۸ میلیارد دلار پس از بیل گیتس با ثروت ۹۰.۸ میلیارد دلار در مقام دوم قرار گرفت.'),
(11, '5 راهکار برای تبدیل اشتباهات به درس های ارزشمند زندگی', '<h1 style=\"box-sizing: inherit; font-size: 2rem; margin: 2rem auto; padding: 0px; font-family: \'Open Sans\', IranSans, \'Helvetica Neue\', Helvetica, Roboto, Arial, sans-serif; color: #212121; text-rendering: optimizeLegibility; line-height: 1.4; cursor: default; transition: all 0.4s;\"><a style=\"box-sizing: inherit; background-color: transparent; color: #212121; text-decoration-line: none; line-height: inherit; cursor: pointer; transition: all 0.4s; outline: 0px;\" href=\"digiato.com/article/2017/07/24/5-%d8%b1%d8%a7%d9%87%da%a9%d8%a7%d8%b1-%d8%a8%d8%b1%d8%a7%db%8c-%d8%aa%d8%a8%d8%af%db%8c%d9%84-%d8%a7%d8%b4%d8%aa%d8%a8%d8%a7%d9%87%d8%a7%d8%aa-%d8%a8%d9%87-%d8%af%d8%b1%d8%b3-%d9%87%d8%a7%db%8c/\">5 راهکار برای تبدیل اشتباهات به درس های ارزشمند زندگی</a></h1>\r\n&nbsp;\r\n<h4 style=\"box-sizing: inherit; margin: 0px 0px 1rem; padding: 0px; font-family: \'Open Sans\', IranSans, \'Helvetica Neue\', Helvetica, Roboto, Arial, sans-serif; color: #212121; text-rendering: optimizeLegibility; line-height: 1.4; font-size: 1.5625rem; cursor: default; transition: all 0.4s;\">به اشتباه خود اعتراف کنید</h4>\r\n<h4 style=\"box-sizing: inherit; margin: 0px 0px 1rem; padding: 0px; font-family: \'Open Sans\', IranSans, \'Helvetica Neue\', Helvetica, Roboto, Arial, sans-serif; color: #212121; text-rendering: optimizeLegibility; line-height: 1.4; font-size: 1.5625rem; cursor: default; transition: all 0.4s;\">از خودتان سؤال کنید</h4>\r\n<h4 style=\"box-sizing: inherit; margin: 0px 0px 1rem; padding: 0px; font-family: \'Open Sans\', IranSans, \'Helvetica Neue\', Helvetica, Roboto, Arial, sans-serif; color: #212121; text-rendering: optimizeLegibility; line-height: 1.4; font-size: 1.5625rem; cursor: default; transition: all 0.4s;\">برنامه ریزی کنید</h4>\r\n<h4 style=\"box-sizing: inherit; margin: 0px 0px 1rem; padding: 0px; font-family: \'Open Sans\', IranSans, \'Helvetica Neue\', Helvetica, Roboto, Arial, sans-serif; color: #212121; text-rendering: optimizeLegibility; line-height: 1.4; font-size: 1.5625rem; cursor: default; transition: all 0.4s;\">تکرار اشتباه را برای خود سخت کنید</h4>\r\n<h4 style=\"box-sizing: inherit; margin: 0px 0px 1rem; padding: 0px; font-family: \'Open Sans\', IranSans, \'Helvetica Neue\', Helvetica, Roboto, Arial, sans-serif; color: #212121; text-rendering: optimizeLegibility; line-height: 1.4; font-size: 1.5625rem; cursor: default; transition: all 0.4s;\">فهرستی از دلایل عدم علاقه به تکرار اشتباه تهیه کنید</h4>\r\n&nbsp;', '/News//soal_konid.jpg', '5 راهکار برای تبدیل اشتباهات به درس های ارزشمند زندگی    به اشتباه خود اعتراف کنید  از خودتان سؤال کنید  برنامه ریزی کنید  تکرار اشتباه را برای خود سخت کنید  فهرستی از دلایل عدم علاقه به تکرار اشتباه تهیه کنید', '5 راهکار برای تبدیل اشتباهات به درس های ارزشمند زندگی\r\n\r\n\r\n\r\nبه اشتباه خود اعتراف کنید\r\n\r\nاز خودتان سؤال کنید\r\n\r\nبرنامه ریزی کنید\r\n\r\nتکرار اشتباه را برای خود سخت کنید\r\n\r\nفهرستی از دلایل عدم علاقه به تکرار اشتباه تهیه کنید\r\n\r\n', 1, 1, '2017/08/01', '5 راهکار برای تبدیل اشتباهات به درس های ارزشمند زندگی\r\n\r\n\r\n\r\nبه اشتباه خود اعتراف کنید\r\n\r\nاز خودتان سؤال کنید\r\n\r\nبرنامه ریزی کنید\r\n\r\nتکرار اشتباه را برای خود سخت کنید\r\n\r\nفهرستی از دلایل عدم علاقه به تکرار اشتباه تهیه کنید\r\n\r\n'),
(12, 'پرسش های درونی چطور آینده مان را تحت تاثیر قرار می دهند؟', '<p style=\"box-sizing: inherit; margin: 0px 0px 1rem; padding: 0px; line-height: 2.2; text-rendering: optimizeLegibility;\"><span style=\"font-family: \'Open Sans\', IranSans, \'Helvetica Neue\', Helvetica, Roboto, Arial, sans-serif;\"><span style=\"font-size: 17.6px;\">پرسش های درونی چطور آینده مان را تحت تاثیر قرار می دهند؟</span></span>\r\n<p style=\"box-sizing: inherit; margin: 0px 0px 1rem; padding: 0px; font-size: 1.1rem; line-height: 2.2; text-rendering: optimizeLegibility; font-family: \'Open Sans\', IranSans, \'Helvetica Neue\', Helvetica, Roboto, Arial, sans-serif;\">&nbsp;\r\n<p style=\"box-sizing: inherit; margin: 0px 0px 1rem; padding: 0px; font-size: 1.1rem; line-height: 2.2; text-rendering: optimizeLegibility; font-family: \'Open Sans\', IranSans, \'Helvetica Neue\', Helvetica, Roboto, Arial, sans-serif;\">اگر سوال بدی بپرسید، جواب معقول و مناسبی هم دریافت نمی کنید.&nbsp;برای مثال اگر از خود بپرسید که چرا چاق هستید، قطعا به جواب خوبی نمی رسید. در مقابل بهتر است از خود سوال کنید که چطور می توانید تغذیه ای سالم و اندامی متناسب پیدا کنید تا جوابی درخور برای آن بیابید.\r\n<p style=\"box-sizing: inherit; margin: 0px 0px 1rem; padding: 0px; font-size: 1.1rem; line-height: 2.2; text-rendering: optimizeLegibility; font-family: \'Open Sans\', IranSans, \'Helvetica Neue\', Helvetica, Roboto, Arial, sans-serif;\">به گفته ویتمن، مغز شباهت زیادی به یک موتور جستجو دارد. مغز انسان باید بتواند به یک سوال پاسخ دهد و نیازی نیست که آن سوال از دهان شما بیرون بیاید. بنابراین اگر سوالی دارید مغز باید به دنبال جواب آن باشد. به عنوان مثال، اگر بپرسید: امروز بدتر از این هم می شد؟ مغزتان جستجو می کند تا دریابد که چطور شرایط شما می توانست از این بدتر باشد.\r\n<p style=\"box-sizing: inherit; margin: 0px 0px 1rem; padding: 0px; font-size: 1.1rem; line-height: 2.2; text-rendering: optimizeLegibility; font-family: \'Open Sans\', IranSans, \'Helvetica Neue\', Helvetica, Roboto, Arial, sans-serif;\">البته این یعنی، سوالات شبیه به خیابانی دو طرفه هستند؛ بنابراین، با مطرح کردن پرسش های مثبت و خوشبینانه می توانیم شانس مان برای موفقیت را بالا ببریم.\r\n<p style=\"box-sizing: inherit; margin: 0px 0px 1rem; padding: 0px; font-size: 1.1rem; line-height: 2.2; text-rendering: optimizeLegibility; font-family: \'Open Sans\', IranSans, \'Helvetica Neue\', Helvetica, Roboto, Arial, sans-serif;\">&nbsp;\r\n<p style=\"box-sizing: inherit; margin: 0px 0px 1rem; padding: 0px; font-size: 1.1rem; line-height: 2.2; text-rendering: optimizeLegibility; font-family: \'Open Sans\', IranSans, \'Helvetica Neue\', Helvetica, Roboto, Arial, sans-serif;\">&nbsp;', '/News//porsesh.jpg', 'پرسش های درونی چطور آینده مان را تحت تاثیر قرار می دهند؟    اگر سوال بدی بپرسید، جواب معقول و مناسبی هم دریافت نمی کنید. برای مثال اگر از خود بپرسید که چرا چاق هستید، قطعا به جواب خوبی نمی رسید. در مقابل بهتر است از خود سوال کنید که چطور می توانید تغذیه ای سالم و اندامی متناسب پیدا کنید تا جوابی درخور برای آن بیابید.  به گفته ویتمن، مغز شباهت زیادی به یک موتور جستجو دارد. مغز انسان باید بتواند به یک سوال پاسخ دهد و نیازی نیست که آن سوال از دهان شما بیرون بیاید. بنابراین اگر سوالی دارید مغز باید ', 'پرسش های درونی چطور آینده مان را تحت تاثیر قرار می دهند؟\r\n\r\n\r\n\r\nاگر سوال بدی بپرسید، جواب معقول و مناسبی هم دریافت نمی کنید. برای مثال اگر از خود بپرسید که چرا چاق هستید، قطعا به جواب خوبی نمی رسید. در مقابل بهتر است از خود سوال کنید که چطور می توانید تغذیه ای سالم و اندامی متناسب پیدا کنید تا جوابی درخور برای آن بیابید.\r\n\r\nبه گفته ویتمن، مغز شباهت زیادی به یک موتور جستجو دارد. مغز انسان باید بتواند به یک سوال پاسخ دهد و نیازی نیست که آن سوال از دهان شما بیرون بیاید. بنابراین اگر سوالی دارید مغز', 1, 1, '2017/08/01', 'اگر سوال بدی بپرسید، جواب معقول و مناسبی هم دریافت نمی کنید. برای مثال اگر از خود بپرسید که چرا چاق هستید، قطعا به جواب خوبی نمی رسید. در مقابل بهتر است از خود سوال کنید که چطور می توانید تغذیه ای سالم و اندامی متناسب پیدا کنید تا جوابی درخور برای آن بیابید.'),
(13, 'علت کندی سرعت اینترنت مرداد96', '<p style=\"box-sizing: inherit; margin: 0px 0px 1rem; padding: 0px; font-size: 1.1rem; line-height: 2.2; text-rendering: optimizeLegibility; font-family: \'Open Sans\', IranSans, \'Helvetica Neue\', Helvetica, Roboto, Arial, sans-serif;\">وزارت ارتباطات و فناوری اطلاعات طی اطلاعیه ای دلیل رسمی مشکلات یاد شده را شرح داده و اعلام نموده قطعی مسیرهای ارتباطی ترکیه و باب المندب که از طریق آنها اینترنت ایران تامین می شده عامل اصلی مسئله ی پیش آمده هستند.\r\n<p style=\"box-sizing: inherit; margin: 0px 0px 1rem; padding: 0px; font-size: 1.1rem; line-height: 2.2; text-rendering: optimizeLegibility; font-family: \'Open Sans\', IranSans, \'Helvetica Neue\', Helvetica, Roboto, Arial, sans-serif;\">این وزارتخانه می افزاید علاوه بر ایران قطعی مسیرهای مذکور منجر به ایجاد اختلال در ارتباطات برخی از کشورهای دیگر منطقه نیز شده و شرکت ارتباطات زیر ساخت و سایر شرکت های بین الملل به جد در تلاش هستند تا نقصان موجود را در کمترین زمان ممکن و از طریق برقراری مسیرهای پشتیبان برطرف نمایند.', '/News//internet.jpg', 'وزارت ارتباطات و فناوری اطلاعات طی اطلاعیه ای دلیل رسمی مشکلات یاد شده را شرح داده و اعلام نموده قطعی مسیرهای ارتباطی ترکیه و باب المندب که از طریق آنها اینترنت ایران تامین می شده عامل اصلی مسئله ی پیش آمده هستند.  این وزارتخانه می افزاید علاوه بر ایران قطعی مسیرهای مذکور منجر به ایجاد اختلال در ارتباطات برخی از کشورهای دیگر منطقه نیز شده و شرکت ارتباطات زیر ساخت و سایر شرکت های بین الملل به جد در تلاش هستند تا نقصان موجود را در کمترین زمان ممکن و از طریق برقراری مسیرهای پشتیبان برطرف نمایند.', 'وزارت ارتباطات و فناوری اطلاعات طی اطلاعیه ای دلیل رسمی مشکلات یاد شده را شرح داده و اعلام نموده قطعی مسیرهای ارتباطی ترکیه و باب المندب که از طریق آنها اینترنت ایران تامین می شده عامل اصلی مسئله ی پیش آمده هستند.\r\n\r\nاین وزارتخانه می افزاید علاوه بر ایران قطعی مسیرهای مذکور منجر به ایجاد اختلال در ارتباطات برخی از کشورهای دیگر منطقه نیز شده و شرکت ارتباطات زیر ساخت و سایر شرکت های بین الملل به جد در تلاش هستند تا نقصان موجود را در کمترین زمان ممکن و از طریق برقراری مسیرهای پشتیبان برطرف نمایند.', 1, 1, '2017/08/01', 'کندی اینترنت کشور ناشی از قطع مسیرهای ارتباطی ترکیه و باب المندب است');
INSERT INTO `news` (`NewsId`, `Title`, `Content`, `Image`, `Keywords`, `MetaDescription`, `User`, `Status`, `Date`, `Summary`) VALUES
(14, 'لیست سیسمونی کودک', '<h1 dir=\"rtl\" style=\"box-sizing: border-box; padding: 0px; margin: 18px 0px 25px; border: 0px; font-variant-numeric: inherit; font-weight: 500; font-stretch: inherit; line-height: 1.1; font-family: IranSans, Tahoma; font-size: 33px; vertical-align: baseline; color: #777777; text-align: right; direction: rtl !important;\">&nbsp;لیست سیسمونی</h1>\r\n<p><span style=\"font-family: impact, sans-serif; font-size: 18pt; color: #ff0000;\">تغذیه</span> <span style=\"font-family: tahoma, arial, helvetica, sans-serif; font-size: 10pt;\">شیشه شیر کوچک &nbsp;</span> <span style=\"font-family: tahoma, arial, helvetica, sans-serif; font-size: 10pt;\">شیشه شیر بزرگ &nbsp;</span> <span style=\"font-family: tahoma, arial, helvetica, sans-serif; font-size: 10pt;\">سر شیشه &nbsp;</span> <span style=\"font-family: tahoma, arial, helvetica, sans-serif; font-size: 10pt;\">شیردوش &nbsp;</span> <span style=\"font-family: tahoma, arial, helvetica, sans-serif; font-size: 10pt;\">ظروف ذخیره شیر مادر &nbsp;</span> <span style=\"font-family: tahoma, arial, helvetica, sans-serif; font-size: 10pt;\">پد سينه &nbsp;</span> <span style=\"font-family: tahoma, arial, helvetica, sans-serif; font-size: 10pt;\">محصولات نوک پستان &nbsp;</span> <span style=\"font-family: tahoma, arial, helvetica, sans-serif; font-size: 10pt;\">بالش شیردهی &nbsp;</span> <span style=\"font-family: tahoma, arial, helvetica, sans-serif; font-size: 10pt;\">کیف نگهدارنده گرما - شير گرمكن &nbsp;</span> <span style=\"font-family: tahoma, arial, helvetica, sans-serif; font-size: 10pt;\">دستگاه استریل بخار &nbsp;</span> <span style=\"font-family: tahoma, arial, helvetica, sans-serif; font-size: 10pt;\">صندلی غذا &nbsp;</span> <span style=\"font-family: tahoma, arial, helvetica, sans-serif; font-size: 10pt;\">بشقاب، کاسه، قاشق و چنگال &nbsp;</span> <span style=\"font-family: tahoma, arial, helvetica, sans-serif; font-size: 10pt;\">لیوان دربدار/ ضدنشت &nbsp;</span> <span style=\"font-family: tahoma, arial, helvetica, sans-serif; font-size: 10pt;\">قمقمه &nbsp;</span> <span style=\"font-family: tahoma, arial, helvetica, sans-serif; font-size: 10pt;\">فلاسک غذا &nbsp;</span> <span style=\"font-family: tahoma, arial, helvetica, sans-serif; font-size: 10pt;\">غذا ساز &nbsp;</span> <span style=\"font-family: tahoma, arial, helvetica, sans-serif; font-size: 10pt;\">غذا گرم كن &nbsp;</span> <span style=\"font-family: tahoma, arial, helvetica, sans-serif; font-size: 10pt;\">پیشبند شیر و پیشبند غذا &nbsp;</span> <span style=\"font-family: tahoma, arial, helvetica, sans-serif; font-size: 10pt;\">دستمال آروغ </span></p>\r\n<p><span style=\"font-family: tahoma, arial, helvetica, sans-serif; font-size: 10pt;\">&nbsp;</span> &nbsp; <span style=\"font-family: tahoma, arial, helvetica, sans-serif; font-size: 10pt;\">&nbsp;</span> <span style=\"font-size: 18pt; color: #ff0000;\"><span style=\"font-family: tahoma, arial, helvetica, sans-serif;\">پوشاک</span></span> <span style=\"font-family: tahoma, arial, helvetica, sans-serif;\"><span style=\"font-size: 13.3333px;\">زیرپوش زيردكمه دار نخي body &nbsp;</span></span> <span style=\"font-family: tahoma, arial, helvetica, sans-serif;\"><span style=\"font-size: 13.3333px;\">سرهمي نخي&nbsp;</span></span> <span style=\"font-family: tahoma, arial, helvetica, sans-serif;\"><span style=\"font-size: 13.3333px;\">شلوار نخی &nbsp;</span></span> <span style=\"font-family: tahoma, arial, helvetica, sans-serif;\"><span style=\"font-size: 13.3333px;\">كلاه نرم &nbsp;</span></span> <span style=\"font-family: tahoma, arial, helvetica, sans-serif;\"><span style=\"font-size: 13.3333px;\">پيشبند نرم &nbsp;</span></span> <span style=\"font-family: tahoma, arial, helvetica, sans-serif;\"><span style=\"font-size: 13.3333px;\">دستكش نخی &nbsp;</span></span> <span style=\"font-family: tahoma, arial, helvetica, sans-serif;\"><span style=\"font-size: 13.3333px;\">جوراب &nbsp;</span></span> <span style=\"font-family: tahoma, arial, helvetica, sans-serif;\"><span style=\"font-size: 13.3333px;\">زانو بند</span></span> <span style=\"font-family: tahoma, arial, helvetica, sans-serif;\"><span style=\"font-size: 13.3333px;\">پاپوش &nbsp;</span></span> <span style=\"font-family: tahoma, arial, helvetica, sans-serif;\"><span style=\"font-size: 13.3333px;\">ژاکت برای فصل سرما &nbsp;</span></span> <span style=\"font-family: tahoma, arial, helvetica, sans-serif;\"><span style=\"font-size: 13.3333px;\">سرهمی کلفت آستین بلند برای فصل سرما</span></span> &nbsp; <span style=\"font-family: tahoma, arial, helvetica, sans-serif;\"><span style=\"font-size: 13.3333px;\">لباس مهمونی &nbsp;</span></span> &nbsp; &nbsp; &nbsp; &nbsp;</p>\r\n<p>&nbsp;</p>\r\n<p><span style=\"font-family: tahoma, arial, helvetica, sans-serif; font-size: 18pt; color: #ff0000;\">لوازم ایمنی کودک</span> <span style=\"font-family: tahoma, arial, helvetica, sans-serif;\"><span style=\"font-size: 13.3333px;\">&nbsp;</span></span> <span style=\"font-family: tahoma, arial, helvetica, sans-serif;\"><span style=\"font-size: 13.3333px;\">مانیتور اتاق کودک</span></span> <span style=\"font-family: tahoma, arial, helvetica, sans-serif;\"><span style=\"font-size: 13.3333px;\">گارد پله</span></span> <span style=\"font-family: tahoma, arial, helvetica, sans-serif;\"><span style=\"font-size: 13.3333px;\">محافظ پریز</span></span> <span style=\"font-family: tahoma, arial, helvetica, sans-serif;\"><span style=\"font-size: 13.3333px;\">قفل کابینت</span></span> <span style=\"font-family: tahoma, arial, helvetica, sans-serif;\"><span style=\"font-size: 13.3333px;\">قفل یخچال</span></span> <span style=\"font-family: tahoma, arial, helvetica, sans-serif;\"><span style=\"font-size: 13.3333px;\">قفل توالت</span></span> <span style=\"font-family: tahoma, arial, helvetica, sans-serif;\"><span style=\"font-size: 13.3333px;\">قفل اجاق گاز</span></span> <span style=\"font-family: tahoma, arial, helvetica, sans-serif;\"><span style=\"font-size: 13.3333px;\">گارد تخت</span></span> <span style=\"font-family: tahoma, arial, helvetica, sans-serif;\"><span style=\"font-size: 13.3333px;\">دما سنج آبی (برای دمای آب حمام)</span></span> <span style=\"font-family: tahoma, arial, helvetica, sans-serif;\"><span style=\"font-size: 13.3333px;\">دماسنج اتاق</span></span> <span style=\"font-family: tahoma, arial, helvetica, sans-serif;\"><span style=\"font-size: 13.3333px;\">&nbsp;</span></span> <span style=\"font-family: tahoma, arial, helvetica, sans-serif;\"><span style=\"font-size: 13.3333px;\">&nbsp;</span></span> <span style=\"font-family: tahoma, arial, helvetica, sans-serif;\"><span style=\"font-size: 13.3333px;\">&nbsp;</span></span></p>\r\n<p>&nbsp;</p>\r\n<p><span style=\"font-family: tahoma, arial, helvetica, sans-serif; color: #ff0000; font-size: 18pt;\">خواب</span> <span style=\"font-family: tahoma, arial, helvetica, sans-serif;\"><span style=\"font-size: 13.3333px;\">&nbsp;</span></span> <span style=\"font-family: tahoma, arial, helvetica, sans-serif;\"><span style=\"font-size: 13.3333px;\">تخت &nbsp;</span></span> <span style=\"font-family: tahoma, arial, helvetica, sans-serif;\"><span style=\"font-size: 13.3333px;\">تشک استاندارد تخت</span></span> <span style=\"font-family: tahoma, arial, helvetica, sans-serif;\"><span style=\"font-size: 13.3333px;\">سرویس خواب (لحاف، ملافه، رو بالشتی) &nbsp;</span></span> <span style=\"font-family: tahoma, arial, helvetica, sans-serif;\"><span style=\"font-size: 13.3333px;\">بالش &nbsp;</span></span> <span style=\"font-family: tahoma, arial, helvetica, sans-serif;\"><span style=\"font-size: 13.3333px;\">قلت گیر &nbsp;</span></span> <span style=\"font-family: tahoma, arial, helvetica, sans-serif;\"><span style=\"font-size: 13.3333px;\">پتوي نوزادی و پتوی دم دستی &nbsp; &nbsp;</span></span> <span style=\"font-family: tahoma, arial, helvetica, sans-serif;\"><span style=\"font-size: 13.3333px;\">قنداق فرنگی /كيسه خواب نوزاد &nbsp;</span></span> <span style=\"font-family: tahoma, arial, helvetica, sans-serif;\"><span style=\"font-size: 13.3333px;\">پارک و گهوره&nbsp;</span></span> <span style=\"font-family: tahoma, arial, helvetica, sans-serif;\"><span style=\"font-size: 13.3333px;\">نی نی لای لای &nbsp;</span></span> <span style=\"font-family: tahoma, arial, helvetica, sans-serif;\"><span style=\"font-size: 13.3333px;\">ضربه گیر تخت</span></span> <span style=\"font-family: tahoma, arial, helvetica, sans-serif;\"><span style=\"font-size: 13.3333px;\">گارد تخت &nbsp;</span></span> <span style=\"font-family: tahoma, arial, helvetica, sans-serif;\"><span style=\"font-size: 13.3333px;\">پشه بند</span></span> <span style=\"font-family: tahoma, arial, helvetica, sans-serif;\"><span style=\"font-size: 13.3333px;\">تخت کنار مادر</span></span> <span style=\"font-family: tahoma, arial, helvetica, sans-serif;\"><span style=\"font-size: 13.3333px;\">&nbsp;</span></span> <span style=\"font-family: tahoma, arial, helvetica, sans-serif;\"><span style=\"font-size: 13.3333px;\">&nbsp;</span></span></p>\r\n<p>&nbsp;</p>\r\n<p><span style=\"font-family: tahoma, arial, helvetica, sans-serif;\"><span style=\"font-size: 13.3333px;\">&nbsp;</span></span> <span style=\"font-family: tahoma, arial, helvetica, sans-serif; font-size: 18pt; color: #ff0000;\">حمام</span> <span style=\"font-family: tahoma, arial, helvetica, sans-serif;\"><span style=\"font-size: 13.3333px;\">&nbsp;</span></span> <span style=\"font-family: tahoma, arial, helvetica, sans-serif;\"><span style=\"font-size: 13.3333px;\">وان حمام &nbsp;</span></span> <span style=\"font-family: tahoma, arial, helvetica, sans-serif;\"><span style=\"font-size: 13.3333px;\">حوله نوزادی &nbsp;</span></span> <span style=\"font-family: tahoma, arial, helvetica, sans-serif;\"><span style=\"font-size: 13.3333px;\">لیف &nbsp;</span></span> <span style=\"font-family: tahoma, arial, helvetica, sans-serif;\"><span style=\"font-size: 13.3333px;\">حوله دست و صورت</span></span> <span style=\"font-family: tahoma, arial, helvetica, sans-serif;\"><span style=\"font-size: 13.3333px;\">حوله تن پوش &nbsp;</span></span> <span style=\"font-family: tahoma, arial, helvetica, sans-serif;\"><span style=\"font-size: 13.3333px;\">پارچه خشک کن &nbsp;</span></span> <span style=\"font-family: tahoma, arial, helvetica, sans-serif;\"><span style=\"font-size: 13.3333px;\">اسفنج حمام &nbsp;</span></span> <span style=\"font-family: tahoma, arial, helvetica, sans-serif;\"><span style=\"font-size: 13.3333px;\">شامپو بدن وسر کودک &nbsp;</span></span> <span style=\"font-family: tahoma, arial, helvetica, sans-serif;\"><span style=\"font-size: 13.3333px;\">محافظ چشم کودک &nbsp;</span></span> <span style=\"font-family: tahoma, arial, helvetica, sans-serif;\"><span style=\"font-size: 13.3333px;\">فرش وان &nbsp;</span></span> <span style=\"font-family: tahoma, arial, helvetica, sans-serif;\"><span style=\"font-size: 13.3333px;\">صابون &nbsp;</span></span> <span style=\"font-family: tahoma, arial, helvetica, sans-serif;\"><span style=\"font-size: 13.3333px;\">پله پلاستيكى &nbsp;</span></span> <span style=\"font-family: tahoma, arial, helvetica, sans-serif;\"><span style=\"font-size: 13.3333px;\">&nbsp;</span></span></p>\r\n<p>&nbsp;</p>\r\n<p><span style=\"font-family: tahoma, arial, helvetica, sans-serif;\"><span style=\"font-size: 13.3333px;\">&nbsp;</span></span> <span style=\"font-family: tahoma, arial, helvetica, sans-serif; color: #ff0000; font-size: 18pt;\">بهداشتی</span> <span style=\"font-family: tahoma, arial, helvetica, sans-serif;\"><span style=\"font-size: 13.3333px;\">&nbsp;</span></span> <span style=\"font-family: tahoma, arial, helvetica, sans-serif;\"><span style=\"font-size: 13.3333px;\">پوشك &nbsp;</span></span> <span style=\"font-family: tahoma, arial, helvetica, sans-serif;\"><span style=\"font-size: 13.3333px;\">سطل بسته بندی پوشک</span></span> <span style=\"font-family: tahoma, arial, helvetica, sans-serif;\"><span style=\"font-size: 13.3333px;\">دستمال مرطوب</span></span> <span style=\"font-family: tahoma, arial, helvetica, sans-serif;\"><span style=\"font-size: 13.3333px;\">لوسیون، و روغن بدن &nbsp;</span></span> <span style=\"font-family: tahoma, arial, helvetica, sans-serif;\"><span style=\"font-size: 13.3333px;\">پودر بچه &nbsp;</span></span> <span style=\"font-family: tahoma, arial, helvetica, sans-serif;\"><span style=\"font-size: 13.3333px;\">کرم ضدآفتاب &nbsp;</span></span> <span style=\"font-family: tahoma, arial, helvetica, sans-serif;\"><span style=\"font-size: 13.3333px;\">کرم سوختگی ران &nbsp;</span></span> <span style=\"font-family: tahoma, arial, helvetica, sans-serif;\"><span style=\"font-size: 13.3333px;\">وازلین</span></span> <span style=\"font-family: tahoma, arial, helvetica, sans-serif;\"><span style=\"font-size: 13.3333px;\">گوش پاك كن</span></span> <span style=\"font-family: tahoma, arial, helvetica, sans-serif;\"><span style=\"font-size: 13.3333px;\">کهنه شور (ماشین لباس شویی نوزاد)</span></span> <span style=\"font-family: tahoma, arial, helvetica, sans-serif;\"><span style=\"font-size: 13.3333px;\">خشک کن</span></span> <span style=\"font-family: tahoma, arial, helvetica, sans-serif;\"><span style=\"font-size: 13.3333px;\">پودر ماشین لباس شویی</span></span> <span style=\"font-family: tahoma, arial, helvetica, sans-serif;\"><span style=\"font-size: 13.3333px;\">تب سنج&nbsp;</span></span> <span style=\"font-family: tahoma, arial, helvetica, sans-serif;\"><span style=\"font-size: 13.3333px;\">مسواک معمولی و انگشتی &nbsp;</span></span> <span style=\"font-family: tahoma, arial, helvetica, sans-serif;\"><span style=\"font-size: 13.3333px;\">خمیردندان</span></span> <span style=\"font-family: tahoma, arial, helvetica, sans-serif;\"><span style=\"font-size: 13.3333px;\">ناخن گیر &nbsp;</span></span> <span style=\"font-family: tahoma, arial, helvetica, sans-serif;\"><span style=\"font-size: 13.3333px;\">شانه و برس نوزاد &nbsp;</span></span> <span style=\"font-family: tahoma, arial, helvetica, sans-serif;\"><span style=\"font-size: 13.3333px;\">کیف آبگرم کودک &nbsp;</span></span> <span style=\"font-family: tahoma, arial, helvetica, sans-serif;\"><span style=\"font-size: 13.3333px;\">کهنه نرم</span></span> <span style=\"font-family: tahoma, arial, helvetica, sans-serif;\"><span style=\"font-size: 13.3333px;\">زيرانداز پلاستيكي &nbsp;</span></span> <span style=\"font-family: tahoma, arial, helvetica, sans-serif;\"><span style=\"font-size: 13.3333px;\">لگن و حلقه توالت &nbsp;</span></span> <span style=\"font-family: tahoma, arial, helvetica, sans-serif;\"><span style=\"font-size: 13.3333px;\">دستگاه بخور &nbsp;</span></span> <span style=\"font-family: tahoma, arial, helvetica, sans-serif;\"><span style=\"font-size: 13.3333px;\">&nbsp;</span></span> <span style=\"font-family: tahoma, arial, helvetica, sans-serif;\"><span style=\"font-size: 13.3333px;\">&nbsp;</span></span></p>\r\n<p>&nbsp;</p>\r\n<p><span style=\"font-family: tahoma, arial, helvetica, sans-serif;\"><span style=\"font-size: 13.3333px;\">&nbsp;</span></span> <span style=\"font-family: tahoma, arial, helvetica, sans-serif;\"><span style=\"font-size: 13.3333px;\">&nbsp;</span></span> <span style=\"font-family: tahoma, arial, helvetica, sans-serif; font-size: 18pt; color: #ff0000;\">اسباب بازی</span> <span style=\"font-family: tahoma, arial, helvetica, sans-serif;\"><span style=\"font-size: 13.3333px;\">&nbsp;</span></span> <span style=\"font-family: tahoma, arial, helvetica, sans-serif; font-size: 10pt; color: #000000;\">پستونک &nbsp;</span> <span style=\"font-family: tahoma, arial, helvetica, sans-serif;\"><span style=\"font-size: 13.3333px;\">بند پستونک و جای پستونک &nbsp;</span></span> <span style=\"font-family: tahoma, arial, helvetica, sans-serif;\"><span style=\"font-size: 13.3333px;\">دندانگیر &nbsp;</span></span> <span style=\"font-family: tahoma, arial, helvetica, sans-serif;\"><span style=\"font-size: 13.3333px;\">جغجغه &nbsp;</span></span> <span style=\"font-family: tahoma, arial, helvetica, sans-serif;\"><span style=\"font-size: 13.3333px;\">آویز تخت، کالسکه و کریر &nbsp;</span></span> <span style=\"font-family: tahoma, arial, helvetica, sans-serif;\"><span style=\"font-size: 13.3333px;\">عروسک پولیشی &nbsp;</span></span> <span style=\"font-family: tahoma, arial, helvetica, sans-serif;\"><span style=\"font-size: 13.3333px;\">تاب و نی نی لای لای &nbsp;&nbsp;</span></span> <span style=\"font-family: tahoma, arial, helvetica, sans-serif;\"><span style=\"font-size: 13.3333px;\">تشك بازى &nbsp;</span></span> <span style=\"font-family: tahoma, arial, helvetica, sans-serif;\"><span style=\"font-size: 13.3333px;\">روروئک و واکر &nbsp;&nbsp;</span></span> <span style=\"font-family: tahoma, arial, helvetica, sans-serif;\"><span style=\"font-size: 13.3333px;\">کتاب داستان &nbsp;</span></span> <span style=\"font-family: tahoma, arial, helvetica, sans-serif;\"><span style=\"font-size: 13.3333px;\">اسباب بازی حمام &nbsp;&nbsp;</span></span> <span style=\"font-family: tahoma, arial, helvetica, sans-serif;\"><span style=\"font-size: 13.3333px;\">انوع اسباب بازی</span></span> <span style=\"font-family: tahoma, arial, helvetica, sans-serif;\"><span style=\"font-size: 13.3333px;\">اسباب بازی آموزشی&nbsp;</span></span> <span style=\"font-family: tahoma, arial, helvetica, sans-serif;\"><span style=\"font-size: 13.3333px;\">&nbsp;</span></span> <span style=\"font-family: tahoma, arial, helvetica, sans-serif;\"><span style=\"font-size: 13.3333px;\">&nbsp;</span></span></p>\r\n<p>&nbsp;</p>\r\n<p><span style=\"font-family: tahoma, arial, helvetica, sans-serif;\"><span style=\"font-size: 13.3333px;\">&nbsp;</span></span> <span style=\"font-family: tahoma, arial, helvetica, sans-serif;\"><span style=\"font-size: 13.3333px;\">&nbsp;</span></span> <span style=\"font-family: tahoma, arial, helvetica, sans-serif;\"><span style=\"font-size: 13.3333px;\">&nbsp;</span></span> <span style=\"font-family: tahoma, arial, helvetica, sans-serif; color: #ff0000; font-size: 18pt;\">سرویس حمل&nbsp;</span> <span style=\"font-family: tahoma, arial, helvetica, sans-serif;\"><span style=\"font-size: 13.3333px;\">&nbsp;</span></span> <span style=\"font-family: tahoma, arial, helvetica, sans-serif;\"><span style=\"font-size: 13.3333px;\">کالسکه &nbsp;&nbsp;</span></span> <span style=\"font-family: tahoma, arial, helvetica, sans-serif;\"><span style=\"font-size: 13.3333px;\">کریر &nbsp;</span></span> <span style=\"font-family: tahoma, arial, helvetica, sans-serif;\"><span style=\"font-size: 13.3333px;\">صندلی ماشین &nbsp;</span></span> <span style=\"font-family: tahoma, arial, helvetica, sans-serif;\"><span style=\"font-size: 13.3333px;\">آغوشی نوزاد &nbsp;</span></span> <span style=\"font-family: tahoma, arial, helvetica, sans-serif;\"><span style=\"font-size: 13.3333px;\">ساک وسایل بچه برای خارج از خانه &nbsp;</span></span> <span style=\"font-family: tahoma, arial, helvetica, sans-serif;\"><span style=\"font-size: 13.3333px;\">سان شید &nbsp;</span></span> <span style=\"font-family: tahoma, arial, helvetica, sans-serif;\"><span style=\"font-size: 13.3333px;\">آئینه کمکی ماشین &nbsp;</span></span> <span style=\"font-family: tahoma, arial, helvetica, sans-serif;\"><span style=\"font-size: 13.3333px;\">کمربندایمنی بارداری</span></span> <span style=\"font-family: tahoma, arial, helvetica, sans-serif;\"><span style=\"font-size: 13.3333px;\">&nbsp;</span></span> <span style=\"font-family: tahoma, arial, helvetica, sans-serif;\"><span style=\"font-size: 13.3333px;\">&nbsp;</span></span> <span style=\"font-family: tahoma, arial, helvetica, sans-serif;\"><span style=\"font-size: 13.3333px;\">&nbsp;</span></span> <span style=\"font-family: tahoma, arial, helvetica, sans-serif;\"><span style=\"font-size: 13.3333px;\">&nbsp;</span></span></p>\r\n<p>&nbsp;</p>\r\n<p><span style=\"font-size: 18pt;\"><span style=\"font-family: tahoma, arial, helvetica, sans-serif; color: #ff0000;\">دکوری - تزئینات</span></span> <span style=\"font-family: tahoma, arial, helvetica, sans-serif;\"><span style=\"font-size: 13.3333px;\">&nbsp;</span></span> <span style=\"font-family: tahoma, arial, helvetica, sans-serif;\"><span style=\"font-size: 13.3333px;\">آباژور</span></span> <span style=\"font-family: tahoma, arial, helvetica, sans-serif;\"><span style=\"font-size: 13.3333px;\">آویز سقفی -لوستر</span></span> <span style=\"font-family: tahoma, arial, helvetica, sans-serif;\"><span style=\"font-size: 13.3333px;\">چراغ خواب پیریزی</span></span> <span style=\"font-family: tahoma, arial, helvetica, sans-serif;\"><span style=\"font-size: 13.3333px;\">آویز موزیکال بالای تخت نوزاد</span></span> <span style=\"font-family: tahoma, arial, helvetica, sans-serif;\"><span style=\"font-size: 13.3333px;\">مبل راحتی&zwnj; یا کاناپه</span></span> <span style=\"font-family: tahoma, arial, helvetica, sans-serif;\"><span style=\"font-size: 13.3333px;\">پرده</span></span> <span style=\"font-family: tahoma, arial, helvetica, sans-serif;\"><span style=\"font-size: 13.3333px;\">فرش</span></span> <span style=\"font-family: tahoma, arial, helvetica, sans-serif;\"><span style=\"font-size: 13.3333px;\">تابلو</span></span> <span style=\"font-family: tahoma, arial, helvetica, sans-serif;\"><span style=\"font-size: 13.3333px;\">ساعت دیواری</span></span> <span style=\"font-family: tahoma, arial, helvetica, sans-serif;\"><span style=\"font-size: 13.3333px;\">میز تعویض یا تشک تعویض</span></span> <span style=\"font-family: tahoma, arial, helvetica, sans-serif;\"><span style=\"font-size: 13.3333px;\">طبقه دیواری / شلف</span></span> <span style=\"font-family: tahoma, arial, helvetica, sans-serif;\"><span style=\"font-size: 13.3333px;\">کمد لباس</span></span> <span style=\"font-family: tahoma, arial, helvetica, sans-serif;\"><span style=\"font-size: 13.3333px;\">چوب لباسی</span></span> <span style=\"font-family: tahoma, arial, helvetica, sans-serif;\"><span style=\"font-size: 13.3333px;\">دراور</span></span> <span style=\"font-family: tahoma, arial, helvetica, sans-serif;\"><span style=\"font-size: 13.3333px;\">پاتختی</span></span> <span style=\"font-family: tahoma, arial, helvetica, sans-serif;\"><span style=\"font-size: 13.3333px;\">آلبوم خاطرات و عکس</span></span> <span style=\"font-family: tahoma, arial, helvetica, sans-serif;\"><span style=\"font-size: 13.3333px;\">ترازو</span></span> <span style=\"font-family: tahoma, arial, helvetica, sans-serif;\"><span style=\"font-size: 13.3333px;\">سبد&zwnj;های ذخیره وسایل نوزاد</span></span> &nbsp; <span style=\"font-family: tahoma, arial, helvetica, sans-serif;\"><span style=\"font-size: 13.3333px;\">سبد لباس چرک</span></span> &nbsp;</p>', '/News//sismoni_kodak.jpg', 'تغذیه ,-خواب-,لوازم ,ایمنی ,کودک,-پوشاک,-حمام,-بهداشتی,-اسباب بازی,-سرویس ,حمل,  لیست ,سیسمونی', 'تغذیه -خواب-لوازم ایمنی کودک-پوشاک-حمام-بهداشتی-اسباب بازی-سرویس حمل  لیست سیسمونی', 1, 1, '2017/08/01', 'تغذیه -خواب-لوازم ایمنی کودک-پوشاک-حمام-بهداشتی-اسباب بازی-سرویس حمل \r\n\r\n\r\n\r\n\r\n\r\n-\r\n\r\n'),
(16, 'آیفون 8 بهتر است یا گلکسی S8 +عکس', '<p>&nbsp;</p>\r\n<p style=\"text-align: justify;\"><span style=\"font-family: tahoma,arial,helvetica,sans-serif;\">در این مطلب قصد داریم این دو گوشی شرکت های اپل و سامسونگ را با یکدیگر مقایسه کنیم.</span></p>\r\n<p>&nbsp;</p>\r\n<p style=\"text-align: justify;\"><span style=\"color: #a52a2a; font-family: tahoma,arial,helvetica,sans-serif;\"><strong>&nbsp;طراحی</strong></span></p>\r\n<p>&nbsp;</p>\r\n<p style=\"text-align: justify;\"><span style=\"font-family: tahoma,arial,helvetica,sans-serif;\"><span style=\"color: #0000ff;\">جنس بدنه : </span>در حالی که جنس بدنه گوشی آیفون 8&nbsp; شیشه است، جنس بدنه گوشی گلکسی S8 از فلز آلومینیوم و&nbsp; شیشه است.</span></p>\r\n<p>&nbsp;</p>\r\n<p style=\"text-align: justify;\"><span style=\"font-family: tahoma,arial,helvetica,sans-serif;\"><span style=\"color: #0000ff;\">اینترنت: </span>هر دو گوشی شبکه های 2G، 3G و 4G اینترنت را پوشش می دهند.</span></p>\r\n<p>&nbsp;</p>\r\n<p style=\"text-align: justify;\"><span style=\"font-family: tahoma,arial,helvetica,sans-serif;\"><span style=\"color: #0000ff;\">ویژگی های ممتاز:</span> گوشی آیفون 8 مجهز به سنسور اثر انگشت&nbsp; و همچنین دارای باتری با قابلیت شارژ سریع است. این گوشی دارای خاصیت ضد آب با استاندارد IP67 است که می تواند به مدت 30 دقیقه عمق 1 متری را تحمل کند.</span></p>\r\n<p>&nbsp;</p>\r\n<p style=\"text-align: justify;\"><span style=\"font-family: tahoma,arial,helvetica,sans-serif;\">گوشی گلکسی S8 نیز دارای سنسور اثر انگشت، باتری با قابلیت شارژ سریع ، USB از نوع C&nbsp; و و مجهز به اسکنر عنبیه است که امنیت بالایی را برای کاربر فراهم می کند. این گوشی همچنین دارای &nbsp;قابلیت ضد آب با استاندارد IP68 &nbsp;است که می تواند عمق 1.5 متر به مدت 30 دقیقه را تحمل کند.</span></p>\r\n<p>&nbsp;</p>\r\n<p style=\"text-align: justify;\"><span style=\"font-family: tahoma,arial,helvetica,sans-serif;\"><span style=\"color: #0000ff;\">وزن: </span>وزن گوشی آیفون 8 حدود 148 &nbsp;گرم و وزن گوشی گلکسی S8 حدود 155 گرم است.</span></p>\r\n<p>&nbsp;</p>\r\n<p style=\"text-align: center;\"><span style=\"font-family: tahoma,arial,helvetica,sans-serif;\"><img src=\"https://cdn.mashreghnews.ir/d/2017/09/16/4/2051836.jpg\" alt=\"\" width=\"450\" height=\"450\" /></span></p>\r\n<p>&nbsp;</p>\r\n<p style=\"text-align: justify;\"><span style=\"color: #a52a2a; font-family: tahoma,arial,helvetica,sans-serif;\"><strong>&nbsp;صفحه نمایش</strong></span></p>\r\n<p>&nbsp;</p>\r\n<p style=\"text-align: justify;\"><span style=\"font-family: tahoma,arial,helvetica,sans-serif;\">گوشی آیفون 8 دارای صفحه نمایش 4.7 اینچی از نوع LED-backlit IPS LCD با رزولوشن 750 در 1334 با قابلیت لمس سه بعدی و دکمه هوم است.</span></p>\r\n<p>&nbsp;</p>\r\n<p style=\"text-align: center;\"><span style=\"font-family: tahoma,arial,helvetica,sans-serif;\"><img src=\"https://cdn.mashreghnews.ir/d/2017/09/16/4/2051840.jpg\" alt=\"\" width=\"800\" height=\"600\" /></span></p>\r\n<p>&nbsp;</p>\r\n<p style=\"text-align: justify;\"><span style=\"font-family: tahoma,arial,helvetica,sans-serif;\">گوشی گلکسی S8 نیز دارای صفحه نمایش 5.8 اینچی از نوع SUPER AMOLED با فن آوری محافظ corning Gorilla Glass 5 با رزولوشن 1440 در 2560 و با قابلیت مولتی تاچ یا چند لمسه است.</span></p>\r\n<p>&nbsp;</p>\r\n<p style=\"text-align: center;\"><span style=\"font-family: tahoma,arial,helvetica,sans-serif;\"><img src=\"https://cdn.mashreghnews.ir/d/2017/09/16/4/2051839.jpg\" alt=\"\" width=\"800\" height=\"450\" /></span></p>\r\n<p>&nbsp;</p>\r\n<p style=\"text-align: justify;\"><span style=\"color: #a52a2a; font-family: tahoma,arial,helvetica,sans-serif;\"><strong>&nbsp;دوربین</strong></span></p>\r\n<p>&nbsp;</p>\r\n<p style=\"text-align: justify;\"><span style=\"font-family: tahoma,arial,helvetica,sans-serif;\">گوشی آیفون 8 دارای دوربین 12 مگاپیکسلی با دیافراگم f/1.8 در عقب و دوربین 7 مگاپیکسلی با دیافراگم f/2.2 در جلو است. دوربین این گوشی دارای فوکوس لمسی، دارای LED( dual-tone) ، تشخیص چهره و لبخند، قابلیت تصویربرداری HDR است. همچنین دوربین این گوشی توانایی ضبط ویدئو با کیفیت 2160p را دارد.</span></p>\r\n<p>&nbsp;</p>\r\n<p style=\"text-align: center;\"><span style=\"font-family: tahoma,arial,helvetica,sans-serif;\"><img src=\"https://cdn.mashreghnews.ir/d/2017/09/16/4/2051838.jpg\" alt=\"\" width=\"354\" height=\"276\" /></span></p>\r\n<p>&nbsp;</p>\r\n<p style=\"text-align: justify;\"><span style=\"font-family: tahoma,arial,helvetica,sans-serif;\">&nbsp;گوشی گلکسی S8 نیز دارای دوربین 12 مگاپیکسلی با دیافراگم f/1.7 &nbsp;در عقب و دوربین 8 مگاپیکسلی با دیافراگم f/1.7 در جلو می باشد. دوربین این گوشی نیز دارای فلش LED، دارای قابلیت فوکوس لمسی، تشخیص لبخند وچهره و همچنین قابلیت تصویربردای HDR خودکار است. همچنین دوربین این گوشی توانایی ضبط ویدئوهایی با کیفیت 4K را دارد.</span></p>\r\n<p>&nbsp;</p>\r\n<p style=\"text-align: center;\"><span style=\"font-family: tahoma,arial,helvetica,sans-serif;\"><img src=\"https://cdn.mashreghnews.ir/d/2017/09/16/4/2051844.jpg\" alt=\"\" width=\"800\" height=\"449\" /></span></p>\r\n<p>&nbsp;</p>\r\n<p style=\"text-align: justify;\"><span style=\"color: #a52a2a; font-family: tahoma,arial,helvetica,sans-serif;\"><strong>&nbsp;نرم افزار</strong></span></p>\r\n<p>&nbsp;</p>\r\n<p style=\"text-align: justify;\"><span style=\"font-family: tahoma,arial,helvetica,sans-serif;\">گوشی آیفون 8 با جدیدترین ورژن سیستم عامل ios یعنی ios11 به بازار عرضه شده است.</span></p>\r\n<p>&nbsp;</p>\r\n<p style=\"text-align: center;\"><span style=\"font-family: tahoma,arial,helvetica,sans-serif;\"><img src=\"https://cdn.mashreghnews.ir/d/2017/09/16/4/2051841.jpg\" alt=\"\" width=\"800\" height=\"450\" /></span></p>\r\n<p>&nbsp;</p>\r\n<p style=\"text-align: justify;\"><span style=\"font-family: tahoma,arial,helvetica,sans-serif;\">گوشی گلکسی S8 نیز با جدیدترین نسخه اندروید یعنی اندروید 7.0 نوقا به بازار عرضه شده است.</span></p>\r\n<p>&nbsp;</p>\r\n<p style=\"text-align: center;\"><span style=\"font-family: tahoma,arial,helvetica,sans-serif;\"><img src=\"https://cdn.mashreghnews.ir/d/2017/09/16/4/2051843.jpg\" alt=\"\" width=\"750\" height=\"500\" /></span></p>\r\n<p>&nbsp;</p>\r\n<p style=\"text-align: justify;\"><span style=\"color: #a52a2a; font-family: tahoma,arial,helvetica,sans-serif;\"><strong>&nbsp;سخت افزار</strong></span></p>\r\n<p>&nbsp;</p>\r\n<p style=\"text-align: justify;\"><span style=\"font-family: tahoma,arial,helvetica,sans-serif;\">گوشی آیفون 8 مجهز به پردازنده Apple A11 Bionic است. دارای باتری 1821 میلی آمپر غیر قابل تعویض توسط کاربر است. این گوشی در دو مدل &nbsp;64/256 GB با رم 2 گیگ عرضه شده است و قابلیت افزایش حافظه با میکرو اس دی را ندارد.</span></p>\r\n<p>&nbsp;</p>\r\n<p style=\"text-align: center;\"><span style=\"font-family: tahoma,arial,helvetica,sans-serif;\"><img src=\"https://cdn.mashreghnews.ir/d/2017/09/16/4/2051842.jpg\" alt=\"\" width=\"574\" height=\"460\" /></span></p>\r\n<p>&nbsp;</p>\r\n<p style=\"text-align: justify;\"><span style=\"font-family: tahoma,arial,helvetica,sans-serif;\">&nbsp;ورژن چینی و آمریکایی گوشی گلکسی S8 مجهز به پردازنده اسنپدراگون 835 و ورژن اروپایی آن مجهز به پردازنده Exynos 8895 است. دارای باتری لیتیوم یونی 3000 میلی آمپری غیرقابل تعویض توسط کاربر است. این گوشی نیز دریک مدل با حافظه داخلی 64 GB با رم 4 گیگ عرضه شده است و قابلیت افزایش حافظه با میکرو اس دی تا 256GB را دارد.</span></p>\r\n<p>&nbsp;</p>\r\n<p style=\"text-align: center;\"><span style=\"font-family: tahoma,arial,helvetica,sans-serif;\"><img src=\"https://cdn.mashreghnews.ir/d/2017/09/16/4/2051845.jpg\" alt=\"\" width=\"800\" height=\"533\" /></span></p>\r\n<p>&nbsp;</p>\r\n<p style=\"text-align: justify;\"><span style=\"color: #a52a2a; font-family: tahoma,arial,helvetica,sans-serif;\"><strong>&nbsp;رنگ و قیمت</strong></span></p>\r\n<p>&nbsp;</p>\r\n<p style=\"text-align: justify;\"><span style=\"font-family: tahoma,arial,helvetica,sans-serif;\">گوشی &nbsp;آیفون در رنگهای نقره ای، خاکستری و طلایی با قیمت 800 یورو به بازار عرضه شده است.</span></p>\r\n<p>&nbsp;</p>\r\n<p style=\"text-align: center;\"><span style=\"font-family: tahoma,arial,helvetica,sans-serif;\"><img src=\"https://cdn.mashreghnews.ir/d/2017/09/16/4/2051846.jpg\" alt=\"\" width=\"552\" height=\"448\" /></span></p>\r\n<p>&nbsp;</p>\r\n<p style=\"text-align: justify;\"><span style=\"font-family: tahoma,arial,helvetica,sans-serif;\">&nbsp;گوشی گلکسی S8 نیز در رنگهای خاکستری ارکیده، مشکی نیمه شب و نقره ای سرد با قیمت 610 یورو در بازار موجود است.</span></p>', '', 'شرکت ,سامسونگ ,در مارس ,,2017 از پرچمدار, جدید, خود ,با نام ,گلکسی ,S8 ,رونمایی ,کرد. گوشی هوشمندی که با توجه به ,ویژگی ,هایش رقیبی, جدی برای, پرچمداران ,جدید شرکت, اپل,  به شمار می رود., شرکت, اپل, نیز روز, ,11 سپتامبر,( 21 شهریور ) از سه پرچمدار, جدید, خود رونمایی کرد که یکی از آنها گوشی آیفون 8 است.', 'شرکت سامسونگ در مارس 2017 از پرچمدار جدید خود با نام گلکسی S8 رونمایی کرد. گوشی هوشمندی که با توجه به ویژگی هایش رقیبی جدی برای پرچمداران جدید شرکت اپل  به شمار می رود. شرکت اپل نیز روز 11 سپتامبر( 21 شهریور ) از سه پرچمدار جدید خود رونمایی کرد که یکی از آنها گوشی آیفون 8 است.', 1, 1, '2017/09/17', 'شرکت سامسونگ در مارس 2017 از پرچمدار جدید خود با نام گلکسی S8 رونمایی کرد. گوشی هوشمندی که با توجه به ویژگی هایش رقیبی جدی برای پرچمداران جدید شرکت اپل  به شمار می رود. شرکت اپل نیز روز 11 سپتامبر( 21 شهریور ) از سه پرچمدار جدید خود رونمایی کرد که یکی از آنها گوشی آیفون 8 است.');
INSERT INTO `news` (`NewsId`, `Title`, `Content`, `Image`, `Keywords`, `MetaDescription`, `User`, `Status`, `Date`, `Summary`) VALUES
(22, 'لیست سیسمونی کودک', '<h1 dir=\"rtl\" style=\"box-sizing: border-box; padding: 0px; margin: 18px 0px 25px; border: 0px; font-variant-numeric: inherit; font-weight: 500; font-stretch: inherit; line-height: 1.1; font-family: IranSans, Tahoma; font-size: 33px; vertical-align: baseline; color: #777777; text-align: right; direction: rtl !important;\">یست سیسمونی</h1>\r\n<p><span style=\"font-family: impact, sans-serif; font-size: 18pt; color: #ff0000;\">تغذیه</span> <span style=\"font-family: tahoma, arial, helvetica, sans-serif; font-size: 10pt;\">شیشه شیر کوچک &nbsp;</span> <span style=\"font-family: tahoma, arial, helvetica, sans-serif; font-size: 10pt;\">شیشه شیر بزرگ &nbsp;</span> <span style=\"font-family: tahoma, arial, helvetica, sans-serif; font-size: 10pt;\">سر شیشه &nbsp;</span> <span style=\"font-family: tahoma, arial, helvetica, sans-serif; font-size: 10pt;\">شیردوش &nbsp;</span> <span style=\"font-family: tahoma, arial, helvetica, sans-serif; font-size: 10pt;\">ظروف ذخیره شیر مادر &nbsp;</span> <span style=\"font-family: tahoma, arial, helvetica, sans-serif; font-size: 10pt;\">پد سينه &nbsp;</span> <span style=\"font-family: tahoma, arial, helvetica, sans-serif; font-size: 10pt;\">محصولات نوک پستان &nbsp;</span> <span style=\"font-family: tahoma, arial, helvetica, sans-serif; font-size: 10pt;\">بالش شیردهی &nbsp;</span> <span style=\"font-family: tahoma, arial, helvetica, sans-serif; font-size: 10pt;\">کیف نگهدارنده گرما - شير گرمكن &nbsp;</span> <span style=\"font-family: tahoma, arial, helvetica, sans-serif; font-size: 10pt;\">دستگاه استریل بخار &nbsp;</span> <span style=\"font-family: tahoma, arial, helvetica, sans-serif; font-size: 10pt;\">صندلی غذا &nbsp;</span> <span style=\"font-family: tahoma, arial, helvetica, sans-serif; font-size: 10pt;\">بشقاب، کاسه، قاشق و چنگال &nbsp;</span> <span style=\"font-family: tahoma, arial, helvetica, sans-serif; font-size: 10pt;\">لیوان دربدار/ ضدنشت &nbsp;</span> <span style=\"font-family: tahoma, arial, helvetica, sans-serif; font-size: 10pt;\">قمقمه &nbsp;</span> <span style=\"font-family: tahoma, arial, helvetica, sans-serif; font-size: 10pt;\">فلاسک غذا &nbsp;</span> <span style=\"font-family: tahoma, arial, helvetica, sans-serif; font-size: 10pt;\">غذا ساز &nbsp;</span> <span style=\"font-family: tahoma, arial, helvetica, sans-serif; font-size: 10pt;\">غذا گرم كن &nbsp;</span> <span style=\"font-family: tahoma, arial, helvetica, sans-serif; font-size: 10pt;\">پیشبند شیر و پیشبند غذا &nbsp;</span> <span style=\"font-family: tahoma, arial, helvetica, sans-serif; font-size: 10pt;\">دستمال آروغ</span></p>\r\n<p>&nbsp;&nbsp;</p>\r\n<p><span style=\"font-family: tahoma, arial, helvetica, sans-serif; font-size: 10pt;\">&nbsp;</span> &nbsp; <span style=\"font-family: tahoma, arial, helvetica, sans-serif; font-size: 10pt;\">&nbsp;</span> <span style=\"font-size: 18pt; color: #ff0000;\"><span style=\"font-family: tahoma, arial, helvetica, sans-serif;\">پوشاک</span></span> <span style=\"font-family: tahoma, arial, helvetica, sans-serif;\"><span style=\"font-size: 13.3333px;\">زیرپوش زيردكمه دار نخي body &nbsp;</span></span> <span style=\"font-family: tahoma, arial, helvetica, sans-serif;\"><span style=\"font-size: 13.3333px;\">سرهمي نخي&nbsp;</span></span> <span style=\"font-family: tahoma, arial, helvetica, sans-serif;\"><span style=\"font-size: 13.3333px;\">شلوار نخی &nbsp;</span></span> <span style=\"font-family: tahoma, arial, helvetica, sans-serif;\"><span style=\"font-size: 13.3333px;\">كلاه نرم &nbsp;</span></span> <span style=\"font-family: tahoma, arial, helvetica, sans-serif;\"><span style=\"font-size: 13.3333px;\">پيشبند نرم &nbsp;</span></span> <span style=\"font-family: tahoma, arial, helvetica, sans-serif;\"><span style=\"font-size: 13.3333px;\">دستكش نخی &nbsp;</span></span> <span style=\"font-family: tahoma, arial, helvetica, sans-serif;\"><span style=\"font-size: 13.3333px;\">جوراب &nbsp;</span></span> <span style=\"font-family: tahoma, arial, helvetica, sans-serif;\"><span style=\"font-size: 13.3333px;\">زانو بند</span></span> <span style=\"font-family: tahoma, arial, helvetica, sans-serif;\"><span style=\"font-size: 13.3333px;\">پاپوش &nbsp;</span></span> <span style=\"font-family: tahoma, arial, helvetica, sans-serif;\"><span style=\"font-size: 13.3333px;\">ژاکت برای فصل سرما &nbsp;</span></span> <span style=\"font-family: tahoma, arial, helvetica, sans-serif;\"><span style=\"font-size: 13.3333px;\">سرهمی کلفت آستین بلند برای فصل سرما</span></span> &nbsp; <span style=\"font-family: tahoma, arial, helvetica, sans-serif;\"><span style=\"font-size: 13.3333px;\">لباس مهمونی &nbsp;</span></span> &nbsp; &nbsp; &nbsp; &nbsp;</p>\r\n<p>&nbsp;</p>\r\n<p style=\"text-align: center;\"><video poster=\"..News//4938_video_games.jpg\" controls=\"controls\" width=\"537\" height=\"537\">\r\n<source src=\"https://hw18.asset.aparat.com/aparat-video/e285082e75e2b4e0dabbad70ffc054749223371-144p__55843.mp4\" type=\"video/mp4\" /></video></p>\r\n<p><span style=\"font-family: tahoma, arial, helvetica, sans-serif; font-size: 18pt; color: #ff0000;\">لوازم ایمنی کودک</span> <span style=\"font-family: tahoma, arial, helvetica, sans-serif;\"><span style=\"font-size: 13.3333px;\">&nbsp;</span></span> <span style=\"font-family: tahoma, arial, helvetica, sans-serif;\"><span style=\"font-size: 13.3333px;\">مانیتور اتاق کودک</span></span> <span style=\"font-family: tahoma, arial, helvetica, sans-serif;\"><span style=\"font-size: 13.3333px;\">گارد پله</span></span> <span style=\"font-family: tahoma, arial, helvetica, sans-serif;\"><span style=\"font-size: 13.3333px;\">محافظ پریز</span></span> <span style=\"font-family: tahoma, arial, helvetica, sans-serif;\"><span style=\"font-size: 13.3333px;\">قفل کابینت</span></span> <span style=\"font-family: tahoma, arial, helvetica, sans-serif;\"><span style=\"font-size: 13.3333px;\">قفل یخچال</span></span> <span style=\"font-family: tahoma, arial, helvetica, sans-serif;\"><span style=\"font-size: 13.3333px;\">قفل توالت</span></span> <span style=\"font-family: tahoma, arial, helvetica, sans-serif;\"><span style=\"font-size: 13.3333px;\">قفل اجاق گاز</span></span> <span style=\"font-family: tahoma, arial, helvetica, sans-serif;\"><span style=\"font-size: 13.3333px;\">گارد تخت</span></span> <span style=\"font-family: tahoma, arial, helvetica, sans-serif;\"><span style=\"font-size: 13.3333px;\">دما سنج آبی (برای دمای آب حمام)</span></span> <span style=\"font-family: tahoma, arial, helvetica, sans-serif;\"><span style=\"font-size: 13.3333px;\">دماسنج اتاق</span></span> <span style=\"font-family: tahoma, arial, helvetica, sans-serif;\"><span style=\"font-size: 13.3333px;\">&nbsp;</span></span> <span style=\"font-family: tahoma, arial, helvetica, sans-serif;\"><span style=\"font-size: 13.3333px;\">&nbsp;</span></span> <span style=\"font-family: tahoma, arial, helvetica, sans-serif;\"><span style=\"font-size: 13.3333px;\">&nbsp;</span></span></p>\r\n<p>&nbsp;</p>\r\n<p><span style=\"font-family: tahoma, arial, helvetica, sans-serif; color: #ff0000; font-size: 18pt;\">خواب</span> <span style=\"font-family: tahoma, arial, helvetica, sans-serif;\"><span style=\"font-size: 13.3333px;\">&nbsp;</span></span> <span style=\"font-family: tahoma, arial, helvetica, sans-serif;\"><span style=\"font-size: 13.3333px;\">تخت &nbsp;</span></span> <span style=\"font-family: tahoma, arial, helvetica, sans-serif;\"><span style=\"font-size: 13.3333px;\">تشک استاندارد تخت</span></span> <span style=\"font-family: tahoma, arial, helvetica, sans-serif;\"><span style=\"font-size: 13.3333px;\">سرویس خواب (لحاف، ملافه، رو بالشتی) &nbsp;</span></span> <span style=\"font-family: tahoma, arial, helvetica, sans-serif;\"><span style=\"font-size: 13.3333px;\">بالش &nbsp;</span></span> <span style=\"font-family: tahoma, arial, helvetica, sans-serif;\"><span style=\"font-size: 13.3333px;\">قلت گیر &nbsp;</span></span> <span style=\"font-family: tahoma, arial, helvetica, sans-serif;\"><span style=\"font-size: 13.3333px;\">پتوي نوزادی و پتوی دم دستی &nbsp; &nbsp;</span></span> <span style=\"font-family: tahoma, arial, helvetica, sans-serif;\"><span style=\"font-size: 13.3333px;\">قنداق فرنگی /كيسه خواب نوزاد &nbsp;</span></span> <span style=\"font-family: tahoma, arial, helvetica, sans-serif;\"><span style=\"font-size: 13.3333px;\">پارک و گهوره&nbsp;</span></span> <span style=\"font-family: tahoma, arial, helvetica, sans-serif;\"><span style=\"font-size: 13.3333px;\">نی نی لای لای &nbsp;</span></span> <span style=\"font-family: tahoma, arial, helvetica, sans-serif;\"><span style=\"font-size: 13.3333px;\">ضربه گیر تخت</span></span> <span style=\"font-family: tahoma, arial, helvetica, sans-serif;\"><span style=\"font-size: 13.3333px;\">گارد تخت &nbsp;</span></span> <span style=\"font-family: tahoma, arial, helvetica, sans-serif;\"><span style=\"font-size: 13.3333px;\">پشه بند</span></span> <span style=\"font-family: tahoma, arial, helvetica, sans-serif;\"><span style=\"font-size: 13.3333px;\">تخت کنار مادر</span></span> <span style=\"font-family: tahoma, arial, helvetica, sans-serif;\"><span style=\"font-size: 13.3333px;\">&nbsp;</span></span> <span style=\"font-family: tahoma, arial, helvetica, sans-serif;\"><span style=\"font-size: 13.3333px;\">&nbsp;</span></span></p>\r\n<p>&nbsp;</p>\r\n<p><span style=\"font-family: tahoma, arial, helvetica, sans-serif;\"><span style=\"font-size: 13.3333px;\">&nbsp;</span></span> <span style=\"font-family: tahoma, arial, helvetica, sans-serif; font-size: 18pt; color: #ff0000;\">حمام</span> <span style=\"font-family: tahoma, arial, helvetica, sans-serif;\"><span style=\"font-size: 13.3333px;\">&nbsp;</span></span> <span style=\"font-family: tahoma, arial, helvetica, sans-serif;\"><span style=\"font-size: 13.3333px;\">وان حمام &nbsp;</span></span> <span style=\"font-family: tahoma, arial, helvetica, sans-serif;\"><span style=\"font-size: 13.3333px;\">حوله نوزادی &nbsp;</span></span> <span style=\"font-family: tahoma, arial, helvetica, sans-serif;\"><span style=\"font-size: 13.3333px;\">لیف &nbsp;</span></span> <span style=\"font-family: tahoma, arial, helvetica, sans-serif;\"><span style=\"font-size: 13.3333px;\">حوله دست و صورت</span></span> <span style=\"font-family: tahoma, arial, helvetica, sans-serif;\"><span style=\"font-size: 13.3333px;\">حوله تن پوش &nbsp;</span></span> <span style=\"font-family: tahoma, arial, helvetica, sans-serif;\"><span style=\"font-size: 13.3333px;\">پارچه خشک کن &nbsp;</span></span> <span style=\"font-family: tahoma, arial, helvetica, sans-serif;\"><span style=\"font-size: 13.3333px;\">اسفنج حمام &nbsp;</span></span> <span style=\"font-family: tahoma, arial, helvetica, sans-serif;\"><span style=\"font-size: 13.3333px;\">شامپو بدن وسر کودک &nbsp;</span></span> <span style=\"font-family: tahoma, arial, helvetica, sans-serif;\"><span style=\"font-size: 13.3333px;\">محافظ چشم کودک &nbsp;</span></span> <span style=\"font-family: tahoma, arial, helvetica, sans-serif;\"><span style=\"font-size: 13.3333px;\">فرش وان &nbsp;</span></span> <span style=\"font-family: tahoma, arial, helvetica, sans-serif;\"><span style=\"font-size: 13.3333px;\">صابون &nbsp;</span></span> <span style=\"font-family: tahoma, arial, helvetica, sans-serif;\"><span style=\"font-size: 13.3333px;\">پله پلاستيكى &nbsp;</span></span> <span style=\"font-family: tahoma, arial, helvetica, sans-serif;\"><span style=\"font-size: 13.3333px;\">&nbsp;</span></span></p>\r\n<p>&nbsp;</p>\r\n<p><span style=\"font-family: tahoma, arial, helvetica, sans-serif;\"><span style=\"font-size: 13.3333px;\">&nbsp;</span></span> <span style=\"font-family: tahoma, arial, helvetica, sans-serif; color: #ff0000; font-size: 18pt;\">بهداشتی</span> <span style=\"font-family: tahoma, arial, helvetica, sans-serif;\"><span style=\"font-size: 13.3333px;\">&nbsp;</span></span> <span style=\"font-family: tahoma, arial, helvetica, sans-serif;\"><span style=\"font-size: 13.3333px;\">پوشك &nbsp;</span></span> <span style=\"font-family: tahoma, arial, helvetica, sans-serif;\"><span style=\"font-size: 13.3333px;\">سطل بسته بندی پوشک</span></span> <span style=\"font-family: tahoma, arial, helvetica, sans-serif;\"><span style=\"font-size: 13.3333px;\">دستمال مرطوب</span></span> <span style=\"font-family: tahoma, arial, helvetica, sans-serif;\"><span style=\"font-size: 13.3333px;\">لوسیون، و روغن بدن &nbsp;</span></span> <span style=\"font-family: tahoma, arial, helvetica, sans-serif;\"><span style=\"font-size: 13.3333px;\">پودر بچه &nbsp;</span></span> <span style=\"font-family: tahoma, arial, helvetica, sans-serif;\"><span style=\"font-size: 13.3333px;\">کرم ضدآفتاب &nbsp;</span></span> <span style=\"font-family: tahoma, arial, helvetica, sans-serif;\"><span style=\"font-size: 13.3333px;\">کرم سوختگی ران &nbsp;</span></span> <span style=\"font-family: tahoma, arial, helvetica, sans-serif;\"><span style=\"font-size: 13.3333px;\">وازلین</span></span> <span style=\"font-family: tahoma, arial, helvetica, sans-serif;\"><span style=\"font-size: 13.3333px;\">گوش پاك كن</span></span> <span style=\"font-family: tahoma, arial, helvetica, sans-serif;\"><span style=\"font-size: 13.3333px;\">کهنه شور (ماشین لباس شویی نوزاد)</span></span> <span style=\"font-family: tahoma, arial, helvetica, sans-serif;\"><span style=\"font-size: 13.3333px;\">خشک کن</span></span> <span style=\"font-family: tahoma, arial, helvetica, sans-serif;\"><span style=\"font-size: 13.3333px;\">پودر ماشین لباس شویی</span></span> <span style=\"font-family: tahoma, arial, helvetica, sans-serif;\"><span style=\"font-size: 13.3333px;\">تب سنج&nbsp;</span></span> <span style=\"font-family: tahoma, arial, helvetica, sans-serif;\"><span style=\"font-size: 13.3333px;\">مسواک معمولی و انگشتی &nbsp;</span></span> <span style=\"font-family: tahoma, arial, helvetica, sans-serif;\"><span style=\"font-size: 13.3333px;\">خمیردندان</span></span> <span style=\"font-family: tahoma, arial, helvetica, sans-serif;\"><span style=\"font-size: 13.3333px;\">ناخن گیر &nbsp;</span></span> <span style=\"font-family: tahoma, arial, helvetica, sans-serif;\"><span style=\"font-size: 13.3333px;\">شانه و برس نوزاد &nbsp;</span></span> <span style=\"font-family: tahoma, arial, helvetica, sans-serif;\"><span style=\"font-size: 13.3333px;\">کیف آبگرم کودک &nbsp;</span></span> <span style=\"font-family: tahoma, arial, helvetica, sans-serif;\"><span style=\"font-size: 13.3333px;\">کهنه نرم</span></span> <span style=\"font-family: tahoma, arial, helvetica, sans-serif;\"><span style=\"font-size: 13.3333px;\">زيرانداز پلاستيكي &nbsp;</span></span> <span style=\"font-family: tahoma, arial, helvetica, sans-serif;\"><span style=\"font-size: 13.3333px;\">لگن و حلقه توالت &nbsp;</span></span> <span style=\"font-family: tahoma, arial, helvetica, sans-serif;\"><span style=\"font-size: 13.3333px;\">دستگاه بخور &nbsp;</span></span> <span style=\"font-family: tahoma, arial, helvetica, sans-serif;\"><span style=\"font-size: 13.3333px;\">&nbsp;</span></span> <span style=\"font-family: tahoma, arial, helvetica, sans-serif;\"><span style=\"font-size: 13.3333px;\">&nbsp;</span></span></p>\r\n<p>&nbsp;</p>\r\n<p><span style=\"font-family: tahoma, arial, helvetica, sans-serif;\"><span style=\"font-size: 13.3333px;\">&nbsp;</span></span> <span style=\"font-family: tahoma, arial, helvetica, sans-serif;\"><span style=\"font-size: 13.3333px;\">&nbsp;</span></span> <span style=\"font-family: tahoma, arial, helvetica, sans-serif; font-size: 18pt; color: #ff0000;\">اسباب بازی</span> <span style=\"font-family: tahoma, arial, helvetica, sans-serif;\"><span style=\"font-size: 13.3333px;\">&nbsp;</span></span> <span style=\"font-family: tahoma, arial, helvetica, sans-serif; font-size: 10pt; color: #000000;\">پستونک &nbsp;</span> <span style=\"font-family: tahoma, arial, helvetica, sans-serif;\"><span style=\"font-size: 13.3333px;\">بند پستونک و جای پستونک &nbsp;</span></span> <span style=\"font-family: tahoma, arial, helvetica, sans-serif;\"><span style=\"font-size: 13.3333px;\">دندانگیر &nbsp;</span></span> <span style=\"font-family: tahoma, arial, helvetica, sans-serif;\"><span style=\"font-size: 13.3333px;\">جغجغه &nbsp;</span></span> <span style=\"font-family: tahoma, arial, helvetica, sans-serif;\"><span style=\"font-size: 13.3333px;\">آویز تخت، کالسکه و کریر &nbsp;</span></span> <span style=\"font-family: tahoma, arial, helvetica, sans-serif;\"><span style=\"font-size: 13.3333px;\">عروسک پولیشی &nbsp;</span></span> <span style=\"font-family: tahoma, arial, helvetica, sans-serif;\"><span style=\"font-size: 13.3333px;\">تاب و نی نی لای لای &nbsp;&nbsp;</span></span> <span style=\"font-family: tahoma, arial, helvetica, sans-serif;\"><span style=\"font-size: 13.3333px;\">تشك بازى &nbsp;</span></span> <span style=\"font-family: tahoma, arial, helvetica, sans-serif;\"><span style=\"font-size: 13.3333px;\">روروئک و واکر &nbsp;&nbsp;</span></span> <span style=\"font-family: tahoma, arial, helvetica, sans-serif;\"><span style=\"font-size: 13.3333px;\">کتاب داستان &nbsp;</span></span> <span style=\"font-family: tahoma, arial, helvetica, sans-serif;\"><span style=\"font-size: 13.3333px;\">اسباب بازی حمام &nbsp;&nbsp;</span></span> <span style=\"font-family: tahoma, arial, helvetica, sans-serif;\"><span style=\"font-size: 13.3333px;\">انوع اسباب بازی</span></span> <span style=\"font-family: tahoma, arial, helvetica, sans-serif;\"><span style=\"font-size: 13.3333px;\">اسباب بازی آموزشی&nbsp;</span></span> <span style=\"font-family: tahoma, arial, helvetica, sans-serif;\"><span style=\"font-size: 13.3333px;\">&nbsp;</span></span> <span style=\"font-family: tahoma, arial, helvetica, sans-serif;\"><span style=\"font-size: 13.3333px;\">&nbsp;</span></span></p>\r\n<p>&nbsp;</p>\r\n<p><span style=\"font-family: tahoma, arial, helvetica, sans-serif;\"><span style=\"font-size: 13.3333px;\">&nbsp;</span></span> <span style=\"font-family: tahoma, arial, helvetica, sans-serif;\"><span style=\"font-size: 13.3333px;\">&nbsp;</span></span> <span style=\"font-family: tahoma, arial, helvetica, sans-serif;\"><span style=\"font-size: 13.3333px;\">&nbsp;</span></span> <span style=\"font-family: tahoma, arial, helvetica, sans-serif; color: #ff0000; font-size: 18pt;\">سرویس حمل&nbsp;</span> <span style=\"font-family: tahoma, arial, helvetica, sans-serif;\"><span style=\"font-size: 13.3333px;\">&nbsp;</span></span> <span style=\"font-family: tahoma, arial, helvetica, sans-serif;\"><span style=\"font-size: 13.3333px;\">کالسکه &nbsp;&nbsp;</span></span> <span style=\"font-family: tahoma, arial, helvetica, sans-serif;\"><span style=\"font-size: 13.3333px;\">کریر &nbsp;</span></span> <span style=\"font-family: tahoma, arial, helvetica, sans-serif;\"><span style=\"font-size: 13.3333px;\">صندلی ماشین &nbsp;</span></span> <span style=\"font-family: tahoma, arial, helvetica, sans-serif;\"><span style=\"font-size: 13.3333px;\">آغوشی نوزاد &nbsp;</span></span> <span style=\"font-family: tahoma, arial, helvetica, sans-serif;\"><span style=\"font-size: 13.3333px;\">ساک وسایل بچه برای خارج از خانه &nbsp;</span></span> <span style=\"font-family: tahoma, arial, helvetica, sans-serif;\"><span style=\"font-size: 13.3333px;\">سان شید &nbsp;</span></span> <span style=\"font-family: tahoma, arial, helvetica, sans-serif;\"><span style=\"font-size: 13.3333px;\">آئینه کمکی ماشین &nbsp;</span></span> <span style=\"font-family: tahoma, arial, helvetica, sans-serif;\"><span style=\"font-size: 13.3333px;\">کمربندایمنی بارداری</span></span> <span style=\"font-family: tahoma, arial, helvetica, sans-serif;\"><span style=\"font-size: 13.3333px;\">&nbsp;</span></span> <span style=\"font-family: tahoma, arial, helvetica, sans-serif;\"><span style=\"font-size: 13.3333px;\">&nbsp;</span></span> <span style=\"font-family: tahoma, arial, helvetica, sans-serif;\"><span style=\"font-size: 13.3333px;\">&nbsp;</span></span> <span style=\"font-family: tahoma, arial, helvetica, sans-serif;\"><span style=\"font-size: 13.3333px;\">&nbsp;</span></span></p>\r\n<p>&nbsp;</p>\r\n<p><span style=\"font-size: 18pt;\"><span style=\"font-family: tahoma, arial, helvetica, sans-serif; color: #ff0000;\">دکوری - تزئینات</span></span> <span style=\"font-family: tahoma, arial, helvetica, sans-serif;\"><span style=\"font-size: 13.3333px;\">&nbsp;</span></span> <span style=\"font-family: tahoma, arial, helvetica, sans-serif;\"><span style=\"font-size: 13.3333px;\">آباژور</span></span> <span style=\"font-family: tahoma, arial, helvetica, sans-serif;\"><span style=\"font-size: 13.3333px;\">آویز سقفی -لوستر</span></span> <span style=\"font-family: tahoma, arial, helvetica, sans-serif;\"><span style=\"font-size: 13.3333px;\">چراغ خواب پیریزی</span></span> <span style=\"font-family: tahoma, arial, helvetica, sans-serif;\"><span style=\"font-size: 13.3333px;\">آویز موزیکال بالای تخت نوزاد</span></span> <span style=\"font-family: tahoma, arial, helvetica, sans-serif;\"><span style=\"font-size: 13.3333px;\">مبل راحتی&zwnj; یا کاناپه</span></span> <span style=\"font-family: tahoma, arial, helvetica, sans-serif;\"><span style=\"font-size: 13.3333px;\">پرده</span></span> <span style=\"font-family: tahoma, arial, helvetica, sans-serif;\"><span style=\"font-size: 13.3333px;\">فرش</span></span> <span style=\"font-family: tahoma, arial, helvetica, sans-serif;\"><span style=\"font-size: 13.3333px;\">تابلو</span></span> <span style=\"font-family: tahoma, arial, helvetica, sans-serif;\"><span style=\"font-size: 13.3333px;\">ساعت دیواری</span></span> <span style=\"font-family: tahoma, arial, helvetica, sans-serif;\"><span style=\"font-size: 13.3333px;\">میز تعویض یا تشک تعویض</span></span> <span style=\"font-family: tahoma, arial, helvetica, sans-serif;\"><span style=\"font-size: 13.3333px;\">طبقه دیواری / شلف</span></span> <span style=\"font-family: tahoma, arial, helvetica, sans-serif;\"><span style=\"font-size: 13.3333px;\">کمد لباس</span></span> <span style=\"font-family: tahoma, arial, helvetica, sans-serif;\"><span style=\"font-size: 13.3333px;\">چوب لباسی</span></span> <span style=\"font-family: tahoma, arial, helvetica, sans-serif;\"><span style=\"font-size: 13.3333px;\">دراور</span></span> <span style=\"font-family: tahoma, arial, helvetica, sans-serif;\"><span style=\"font-size: 13.3333px;\">پاتختی</span></span> <span style=\"font-family: tahoma, arial, helvetica, sans-serif;\"><span style=\"font-size: 13.3333px;\">آلبوم خاطرات و عکس</span></span> <span style=\"font-family: tahoma, arial, helvetica, sans-serif;\"><span style=\"font-size: 13.3333px;\">ترازو</span></span> <span style=\"font-family: tahoma, arial, helvetica, sans-serif;\"><span style=\"font-size: 13.3333px;\">سبد&zwnj;های ذخیره وسایل نوزاد</span></span> &nbsp; <span style=\"font-family: tahoma, arial, helvetica, sans-serif;\"><span style=\"font-size: 13.3333px;\">سبد لباس چرک</span></span> &nbsp;</p>', '/News//sismoni_kodak.jpg', 'تغذیه ,-خواب-,لوازم ,ایمنی ,کودک,-پوشاک,-حمام,-بهداشتی,-اسباب بازی,-سرویس ,حمل,  لیست ,سیسمونی', 'تغذیه -خواب-لوازم ایمنی کودک-پوشاک-حمام-بهداشتی-اسباب بازی-سرویس حمل  لیست سیسمونی', 1, 1, '2018/01/29', 'تغذیه -خواب-لوازم ایمنی کودک-پوشاک-حمام-بهداشتی-اسباب بازی-سرویس حمل \r\n\r\n\r\n\r\n\r\n\r\n-\r\n\r\n');

-- --------------------------------------------------------

--
-- Table structure for table `onlines`
--

CREATE TABLE `onlines` (
  `OnlineId` bigint(30) NOT NULL,
  `Session` varchar(500) COLLATE utf8_persian_ci NOT NULL,
  `Time` bigint(30) NOT NULL
) ENGINE=InnoDB DEFAULT CHARSET=utf8 COLLATE=utf8_persian_ci ROW_FORMAT=COMPACT;

--
-- Dumping data for table `onlines`
--

INSERT INTO `onlines` (`OnlineId`, `Session`, `Time`) VALUES
(1, 'vk7gmlmu5d5elmq1jgja2d10a5', 1501099832),
(2, 'c5f3rnd31bjdonov029h6thf66', 1501222309),
(3, 'mj1va0be51jmj1i263cmlvct95', 1501104589),
(4, '9so18chho8abaijugqniiiehe0', 1501133652),
(5, 'bltt820glldes1q57pf5jcs9k2', 1501135745),
(6, '95515cd3ogrhgj10eecai034m0', 1501135672),
(7, '51hfq72vpj845s8tlebns670d7', 1501136830),
(8, 'qm35ik3du7dej58e3fjrfs4h47', 1501140517),
(9, 'a93jia1a8i9a406s93nqboo874', 1501142000),
(10, '2e0c34fuqlttneot4i4cf65ee5', 1501147011),
(11, 'ik0d62fb4s6tqsqk9fqukrnst4', 1501147011),
(12, 'grcsuev2a4cbrt7sa0q040p0s0', 1501148916),
(13, 'slm45fha4cjjnf26v27nkqgt11', 1501149965),
(14, 'k8h17k4gragvs31vjsujjb8j33', 1501150514),
(15, 'tetcv971flbodqjk7ia4g1mrk1', 1501155146),
(16, 'cv6f402mk1i9gmnt4fck881it0', 1501156169),
(17, '3qdlr7dos7o9q7ag5smh856rp3', 1501157723),
(18, 'u6f7o1l95ejah31f4tc7l9b327', 1501166794),
(19, 'ispfkt31p6n6tijfm6s6gpqah7', 1501167006),
(20, '4vr4ncrf8bk75j2cavjjtarjd5', 1501176440),
(21, 'cdksjlds9qkua691hoai3tj9k3', 1501181122),
(22, 'soes3pobce1qejmvrf07k4ejs1', 1501180646),
(23, 'dp86pu6dp5hs315cclu5s64av5', 1501184938),
(24, 'au9mnc6kcit3fcvvhtu624sgn4', 1501207809),
(25, '5cu70ob1tkjm3gauhu3nhjnec0', 1501212879),
(26, '0dlotdpfh8cdajuhtodc54tq00', 1501219904),
(27, 'avcvhrn040k9fm3vsv2oh6d833', 1501220117),
(28, 'g2qsjp9ceaikqvp6obapel8g21', 1501220117),
(29, '0mt84m1vdf743da1dp64g251f2', 1501220483),
(30, 't8jbuis4npboj1co5m39ihdsg6', 1501221264),
(31, 'a1bj0hhhfa3a17tic905p4obp1', 1501221946),
(32, '7pqdtmian2n207659sdkr7rt34', 1501222627),
(33, 'to9alilppfu4rq74somnnpbj11', 1501235144),
(34, 'j1tj4vln8ppcudk4savftd4al2', 1501222854),
(35, 'c9fguf69n508tedm7ob1q6pot6', 1501223535),
(36, 'qqr43edortsqm62l7iea1fuao0', 1501224217),
(37, 'p9m98r2ged8nnp8302jp6upgk0', 1501225124),
(38, 'u8o4h8pbvtumi01h3se4da4uv1', 1501226713),
(39, 'vrrg866lt8856v5tbpomk45ok1', 1501226940),
(40, 'jamflbmg697eb1khi9qj5700o7', 1501226989),
(41, 'f08tmuhaobkfi1h5htajs1sdu4', 1501227394),
(42, '7r9h77ekd5i4i93sqjngnoutk3', 1501227621),
(43, '7pm8d6mlsja02cusju3fnd4sh0', 1501232571),
(44, 'rrv1aoiio5j0bosiamhpu8j3q4', 1501232974),
(45, 'jgq34sn6g4hs1vmnd4fn0398k4', 1501233014),
(46, 'lh4uddsm5oj10un2d3vhua3d21', 1501233014),
(47, '9ot7099uu12n99mevb6fesp8b4', 1505902722),
(48, 'h9ap523ejrgj74u47mrhcu8hf6', 1501253270),
(49, '3gns70v9rt6dd7r44vrtjbfhk3', 1501255240),
(50, '81m7ulp90ilh0gbtqgp7ivbcl3', 1501247880),
(51, 'gtuugpeu3p63psftenv8c5a7s0', 1501248669),
(52, 'oh410l8ts22ff71793mh3arp52', 1501255408),
(53, '76uljt2gs7a5r6ge1n0l0v10i0', 1501263055),
(54, 'qpt72470g8ed31ah2gtvjfsvg2', 1501261778),
(55, 'gfnfvms03eefqvg76p1do5pdi0', 1501264039),
(56, '93uua9tagsmiml14oh7tj20df0', 1501270448),
(57, '6di59mnigqj17c9pcjsi2p99m5', 1501271258),
(58, 'e6scp98bnha7p88i3jf2k1rhm0', 1501271258),
(59, 'huuh4l8ctp3t7096s8n6ucsl96', 1501276472),
(60, 'rm2v2glklt88aitniglhn3on33', 1501275386),
(61, 'qmnot77dqtc9snuqvr5gbbve72', 1501285327),
(62, 'cbfvrvnkg2gerjpvq53sjfog33', 1501286735),
(63, 'h3kdtmais1cpvpa9sthij17ei1', 1501286786),
(64, 'i71d3t9g1dtj5vm2gtiqh936g5', 1501323975),
(65, '7rgd6t6peh52vtkcofq24q3te1', 1501307563),
(66, 'mp29023d4iduteb5gpi8q80816', 1501313801),
(67, 'mog2avuu9oil170ovlu375qui2', 1501315206),
(68, 'mmij8f8k9tovgl6hivvqb8f1a2', 1501316002),
(69, 'o7brmvm2jk5u9h9bbutqjc7e54', 1501318845),
(70, '8s0uo0jq5sd7o35eufd658jja3', 1501321366),
(71, 'pcmrb84n7dems5m4ds5fbpud76', 1501322338),
(72, 'g1bbgf47q4of6ukoascgk3pgo4', 1501326837),
(73, 'idb25udd9leonb33d20dmioh65', 1501327364),
(74, '0vf57k4qp4ncddtim7mrqolr65', 1501328987),
(75, 'ctbnp816qut1v86q19ibdtjqu4', 1501331630),
(76, 'qiudl39j9rn36vb9j85k38f3a7', 1501332130),
(77, '7p5q12sekangdit44ubqokoa57', 1501333110),
(78, 'flgs612tvkdvapubuard5suhl3', 1501333568),
(79, 'g4lc7sunft78o9t2t5b4ll5qk2', 1501333952),
(80, 'gookp4ldfmtgka2601vr07h054', 1501334217),
(81, 'r6a6tb59bfovfaa0adl25dt8c4', 1501335485),
(82, 'j1bee60rfeecorbt37476ep2r7', 1501337005),
(83, '6isf7ses28cjr4io985q9ckqc1', 1501337005),
(84, 'gmf9fg2o59r80kt013fihheb95', 1501337417),
(85, 'm5663o614nkvsmndaa5cicntd2', 1501339554),
(86, 'sb9r12lo2r7hgf1h9kd5t4k7a7', 1501340942),
(87, 'njht2r6so8l2j75bia17qg70m1', 1501341544),
(88, 'h3daj8meg6vgspr26dq7afumj5', 1501343060),
(89, 'o4ogonck3p0jtfalcge0rcbp97', 1501345824),
(90, 'rjb8s70lnrur152eg6d7tkfrm7', 1501346198),
(91, 'vbdh8412i36hsv28snf08adud7', 1501348688),
(92, '948o49al9jekmetcev7hi78440', 1501970984),
(93, 'drkb6k2ndkcojaj0nhdqqfs592', 1501352648),
(94, '4545ockj8kpe5266jtcgcv4ip6', 1501352927),
(95, 'hmk5ed4gbbtd3gd8um990veff3', 1501355347),
(96, 'nac686n95b0qqn0rgla3io6e77', 1501356346),
(97, 'cptt32jlc3tvmubl7os3s8es33', 1501358544),
(98, 'udojm604ohprgbdcvo2gla8jk1', 1501359006),
(99, 'lt6b56m4dqharei848nekij070', 1501366684),
(100, 'uui69gfm6i9j2fn9ot1gerp4a4', 1501367972),
(101, 'l4fde6g7ra59e7ppdfvrunuee6', 1501369668),
(102, '9hjnjc58jnpebhk79rfj1ka6h0', 1501376190),
(103, 'dfrs3quiv0ui0sk41b83q14pv4', 1501378746),
(104, 'kftgg8dpc91c20762id8tpnc53', 1501380055),
(105, 'dfo0l7dkom112766mthh0j9js3', 1501380517),
(106, '0lhtlfuqhutj3nfslsv2ls2ds5', 1501385171),
(107, 'tml5rnfa7tr57585p8atsejsj5', 1501388428),
(108, '5tg0b4q3k7j95mlavo2mi7s7q6', 1501391412),
(109, 'ceqrl85ln27qhqglht2n3ebej3', 1501392292),
(110, '5t6to1nvv0c8ajpdckreeeo1v5', 1501402398),
(111, '5nr7rmlqkhgogu6oidbghmkf36', 1501395635),
(112, 'toal3vef6o8oh92510r86tgvq7', 1501395635),
(113, '2rqh29sbkjaskvgs9tplm717a7', 1501396005),
(114, 'ouia0dql9iufs8638e48crome3', 1501397029),
(115, 'm4g7hp5j8vk86stcpive4u9j10', 1501397344),
(116, 'mjjvkh3sn5g6tmelvtnhonn9f5', 1501398364),
(117, '1nqkt0167j9167bge3jbc2gqq7', 1501401838),
(118, 'dpc2uvco4isi8nlf55j1ul7gr5', 1501408945),
(119, '0luuhmp6te8v5cag1cv0flgls2', 1501404013),
(120, 'hvtrc684orgs35ge63dsqlahd7', 1501410062),
(121, 'v6bs3atklukh7ndte6od3asmd1', 1501409055),
(122, 'm1kp5m0f13k8anjhaikuo22je5', 1501409510),
(123, 'ssqikpjiui02iu576085f4ksa4', 1501411292),
(124, '6aq284dg94f3bube99rephlb11', 1501411586),
(125, 'ok4o6k0emahqqmmr7l5c5jrg97', 1501413556),
(126, 'ap0do9l2earkb6jhlm8hvpuck3', 1501416869),
(127, 'hcf7ic2ppgkf09fihsfu6ctsb6', 1501422364),
(128, '5ap6vp3obpa6s5nclmvc369at6', 1501423293),
(129, 'rubqbtkopso0vuk2huqqmh8lg4', 1501428206),
(130, 'ihs1bh0jtgma9jou37b9h0drd5', 1501429015),
(131, 's8meeqgd5itknk5uv8ee0stop6', 1501429052),
(132, '4nlaciu99k9rat9f492n752j56', 1501430120),
(133, '2anfri5do389pflm18qa211u85', 1501430858),
(134, 'pc5dj08m5k3jfoa8ce9mbi3362', 1501435165),
(135, 'vh37hv9e2032tr3evtqlj8gr76', 1501437425),
(136, 'a5lm5pnt6g45j0pg46pjtdo033', 1501439210),
(137, 'v2bl1fl47104fi1u9jemuq2531', 1501443736),
(138, 'akh00bresfsr2e8ao31ge9ski5', 1501450851),
(139, '90c3vg2eebilqbqf2m4i453vq0', 1501452811),
(140, 'kccql056o5ragksl181drmqpp4', 1501456975),
(141, 'qvq3d4bneqkal6qt49or32jdj5', 1501457716),
(142, 'rkaqqkmkk0edq9d80egul9peu0', 1501464417),
(143, 'u7a3dtgbjn6718rco75k82fok1', 1501472152),
(144, '6h0kbr24cfi1um5gmskkc59pm4', 1501473551),
(145, '3mrjdc63eebiplblojsbr2pt97', 1501475211),
(146, '0gk6sa14afc9t9km828l20a9c7', 1501507189),
(147, 'n15cc8vlm9vcpenbebogcrtcp1', 1501478839),
(148, 'kfs3a41b474k74c23ns0guh187', 1501478839),
(149, 'dqnmvbl04larq1a7mvtboeb6u2', 1501479243),
(150, 'cj61mtb28aipjng6igum6uh941', 1501479649),
(151, 'fskekl85amh17h8mt64blqrhc2', 1501480826),
(152, 'vvs4kog6s8gjmtl8gpbhf542g5', 1501485015),
(153, 'd5ph0bkuikfif2jomd75i4c044', 1501489632),
(154, 'ofp00k80m72k5jcq2jim5dn1j5', 1501491214),
(155, '8nbvp5gevudhifircpsbcen4d1', 1501493239),
(156, '04ep5jdfu7umllkq565hhfmdo6', 1501496213),
(157, 'ankmcr1j4l74q1i29ntpimen40', 1501499231),
(158, 'l9b8spbk7gnh0mn3i3u259imj6', 1501503570),
(159, '5rv8rpuji0kbuds5uvt413fu50', 1501503975),
(160, '6ssit3gvm9gq1td7rsmvpna2s7', 1501505655),
(161, '8u8jol831j9dibufa7e2ho2gg2', 1501505938),
(162, '5q86hmtudbleq7q8l6t3d8rlc7', 1501506731),
(163, '1ptte92op6if5qu2fkrblcdba6', 1501506874),
(164, '6krtub5r5ucj0fj3dum25i5462', 1501509813),
(165, 'fl042glke8585kr5lmbgnd74e7', 1501509895),
(166, '0jk0h7e47tssbdurncthrel9g7', 1501508887),
(167, 'd824lpc6ele7j8ti8p8eiqarg1', 1501510577),
(168, 'mie0n0mnjj0t8qi3grcujjr6i6', 1501511249),
(169, '0s1uf41av7jp87b0eh8s7v6dd1', 1501511256),
(170, 'miu5e5l68qr4avksgdsrobdur6', 1501515456),
(171, 't9v9uh6gc4q6mauedapda22qm4', 1501516473),
(172, 'hgpbrv4pph1aevsrrashrhkir6', 1501524359),
(173, 'lvmocjoeudkot0r7mvk1d1blt4', 1501525672),
(174, 'eo4qhuu3dodi5ntinp0vr7fe65', 1501527248),
(175, 'a4a6b1tugion1487oo6s9n0ev3', 1501529610),
(176, '4vk1ugfh1ar85q2m04jtt37f47', 1501537353),
(177, '0u6gk8pkkin4hv8f0pocmlv1e1', 1501537910),
(178, '0ebk35g5huv29jbqff9dke1042', 1501538005),
(179, '1errsjlomq1a3jtphh8d0tibs7', 1501547718),
(180, '4gi6n4put0ea9n6n9g5ilaor32', 1501548640),
(181, '1t4crc0tgghtk3fa8tuo39qup3', 1501552910),
(182, '923u346kct7ehthnemklespi22', 1501554311),
(183, '442ddjuocab82dftloo0q9k3k6', 1501554811),
(184, 'asvegjge839a1fgvego9cmpcb2', 1501555342),
(185, '2kdnnj1pi1u5ul4oelaro487v3', 1501555749),
(186, 'rd81um9m9em3sh3b9apgsafg64', 1501556159),
(187, 'qt0bpkf81089kdr224t6bafgb0', 1501556183),
(188, 'q5caqqp0him5tuq0fja634f4o3', 1501559762),
(189, 'n1alelvo9u6fbrk96t1fo8pig0', 1501565124),
(190, 'v2llo8n7jioq7ip28ddidc9d37', 1501569235),
(191, '5uf1frngrgp8cdorpj2thjo5l5', 1501567749),
(192, '6qmnpl8oq31nuu20fiqotmf396', 1501569773),
(193, 'q8ukspnjljf3ohorq48kisnid5', 1501570086),
(194, 'sbj3qi33geaa041f4bchg7sja3', 1501570836),
(195, '66nfbokvnf42jv3s5cve8kua83', 1501574537),
(196, 'lkiop9bjediir7jg9egkolidv2', 1501587418),
(197, 'fqf4kre88e1oh14r64931f6u80', 1501580445),
(198, '122tvkhfnhptcvsnc89du645r1', 1501582206),
(199, '80au57n0g5lma8gadkcd3mf6c3', 1501585546),
(200, 'f9qjaf61han2p3uhtuaq080ak4', 1501583340),
(201, 'sgetm0chet67kaagkp2o7v8sm7', 1501584144),
(202, 'urh4ssel5tnhrtmk6n3tnf4tk2', 1501585525),
(203, '5hs39bajclbpn9sa2d73ufofd5', 1501589410),
(204, 'mvpeck6k4il4d5n2b7es01i3m3', 1501600307),
(205, '1fp3b109nkbkg83j4f6g873r94', 1501601854),
(206, '4i7vcjk1f96g0nvi60o5lh20s2', 1501592651),
(207, 'sn0e8gd6oprg3lvevj44b9ba93', 1501593543),
(208, 'ck9drh05dmgat09u1suk5ror42', 1501594363),
(209, 'fvdipbdnit7bp7j6asm9uumcs0', 1501595115),
(210, 'bc5tvgjd9sihhv149sj6elre75', 1501596057),
(211, 't5ktvipl53j37hnk984qj0jkb1', 1501599487),
(212, '5vc5jroa8cuf54ci38q56n0i97', 1501600100),
(213, '0ro3oise3jd29alcmaan632kj6', 1501604783),
(214, 'v9l5aqf75mkq0ec3qr1ils76f4', 1501605731),
(215, '42dh582nqqnfnfjfkcfr04b3i3', 1501606930),
(216, '5plm222vd7rv54pq8r4e9nqec7', 1501612280),
(217, 'df3vr5nbmabtp8do0ffspgacs4', 1501614133),
(218, 'e857re0i7u1g8ui8blj7fb62k6', 1501608922),
(219, 'q2p4r2ihe0cpe4jt3sogodlel6', 1501614038),
(220, 'h73r2lbkbb5ag2mgvannavde50', 1501614404),
(221, 'o5ch52r6e73mh07k0lbiinu8q7', 1501616301),
(222, 'rmpugtsk28n1t1s547kj3df251', 1501618129),
(223, 's5d9ct5r5h2cjs7auk2rs1njv2', 1501619658),
(224, '29jl1fsenoikef2fmbk15l7887', 1501624177),
(225, 'uj3j2djrhsukjj34d7l8vhfsl0', 1501624363),
(226, 'i2ngsungic9nv3ia32k4i551e3', 1501624848),
(227, 'm17c1iang90nerm5mjlbk54lc5', 1501627831),
(228, 'd03ogepnnhbhlf1c68o8umu9a4', 1501636912),
(229, 'gusmp64kslqcgrp2oq30ae0s35', 1501637455),
(230, 'jq4k1lb1eq8r1pphpra7pp65f7', 1501640494),
(231, '5hv5apcbn3fookhhfc0ak28vd5', 1501640661),
(232, 'fli1pse51jo8682h6uji72kt25', 1501641417),
(233, 'svui1tma548gkfp2uosf19vdp6', 1501641534),
(234, 'a3b26oq1bkfbdl1id2dpjf35h5', 1501642767),
(235, 'locsn5sdrfrnp2mk7s2m2kirm1', 1501650823),
(236, 'ii4magvnhi219df294oaii45g6', 1501653138),
(237, 'd5fnsq655h5nfvkumd7i5e7j77', 1501653579),
(238, 'uqq9s5m7b8cnb1hc260u0acb05', 1501654609),
(239, 'jgr14rdp067dnl71oa3l0u5rk6', 1501661396),
(240, '6hc1dq860118kjtg3pd5ire0s4', 1501661411),
(241, 'ooemed10m0q3faa2vnrra1k023', 1501661470),
(242, 'rvgcutbgea2emqkm76ovcfhau1', 1501663661),
(243, '8hop0iqjvps1tc0j9fens3f7j4', 1501662163),
(244, 'q0p3era79olmgq289de31imf92', 1501668774),
(245, 'ckubd4rmqpo3jjqcmbg7ohv7t3', 1501663470),
(246, 'jf4kjg9iaieo8bhtlciqr0pdt4', 1501669383),
(247, '0e3v6nkho7utphgh5tu8n7b420', 1501667460),
(248, 'g2iskd7lm8un16390lrhm1qup3', 1501670436),
(249, 'vq07tumunhmeieg4admqcqqeb7', 1501671541),
(250, 'otl06b837h09c8ft6d1aeo6sc2', 1501673081),
(251, 'r2p3133r1ttr62ah3v3342ha84', 1501673081),
(252, 'sf687cq0mjcc6fegrdl46r0go0', 1501673933),
(253, 'jdrqa7i4ptji92a8v545h66n92', 1501674576),
(254, 'tni4bjnc04d3oiik8cbrk2jlp2', 1501675887),
(255, '0qc7s2i55jtjd13d8qbkhp1pd7', 1501676287),
(256, '34viamg3uj82liiv8ik2tbiij0', 1501676839),
(257, 'ml96scq652qsf0ie20gtdcnjp0', 1501682569),
(258, 'sgl8602idpmdbisml6vvul1n53', 1501686502),
(259, 'gaag1apf065p9c1jagi11uq310', 1501686372),
(260, 'vfp5rm0tksarf8kk5mu0h5qpj1', 1501687727),
(261, 'qvs7336gt7bq4jgd3q6ujjf0v4', 1501698287),
(262, '6dk25pqdntfvhll4ev9jq2ib23', 1501692134),
(263, '3bag3som8vf5515lgb81vjh8m4', 1501693570),
(264, '2tudjffngqo54niabb2tajppm6', 1501693574),
(265, 'ee1gis43khdk87p8san09fmo05', 1501693656),
(266, 'l7lnfbn7vlpgakt4mour3veiv7', 1501694024),
(267, 'tga48eg61fbpstnqa8jp7ss6f4', 1501699000),
(268, 'n4nnlppe82geulsq8nspjuajj7', 1501702855),
(269, 'ohi2u8fpqh2dlr01r8l23b8ur1', 1501702904),
(270, 'e3de4rdv2thl3mspsn2gvd0d21', 1501703911),
(271, 'tpllq3mvuha7qur38m2vhjldv7', 1501707874),
(272, '3kqisucoodhl7lgaq0abgmsoa4', 1501708199),
(273, 'qk8o063a4thn3otr5taf1f6f82', 1501708941),
(274, '3id6gd28elqso6rg5d5l0vgff2', 1501709454),
(275, '12nqcteefhflt1rjiv4qauv3r0', 1501712901),
(276, 'gbe08smb61m0mmk62lnklumm50', 1501713759),
(277, 'r6ip811enp1mjj9hntln9qnqc2', 1501719811),
(278, 'ma6mm41bsghib9i083l9t7n2q7', 1501720568),
(279, '63ptd9jj1s3ji4p7m00c748hq0', 1501721583),
(280, '88khomom4peftii421ootlmvb5', 1501726682),
(281, 'naqh0e42s6q0lf6vffs19k95q1', 1501732215),
(282, 'n2057vtm17l8tk03sh123hpc23', 1501732217),
(283, '93l7hb4abp0hrn757vtlb7eab7', 1501732219),
(284, '152qv5qo4tfehsbt4v4flt7fk1', 1501732221),
(285, 'o15jls705lsq2lk1u1b995phk7', 1501732223),
(286, 'knu3v694q65gq452hi15ofapf1', 1501732225),
(287, 'ajggds01ggnkssujum0hilk1o1', 1501732227),
(288, 'gmbtthft33056bl38n3nmp4kd7', 1501732229),
(289, 'navf047nu1be4qhnlvc4ne2u43', 1501732231),
(290, 'afacveo8tac6lvtthn8i2to570', 1501732233),
(291, '37h0tie7d0jel41u8e4uotdv47', 1501732235),
(292, 'm0fgrdreo8hhcce3nmm6645j74', 1501732237),
(293, 's6682555ujipl2ijov3ecnp041', 1501732239),
(294, 'n6us40910tl1910lu4tkfsgqk4', 1501732241),
(295, '3eegn95bj4jj24qkflf7jv2fb5', 1501732244),
(296, 'uqpa2lcs9vl86s3cjnfm2n6ra0', 1501732246),
(297, 'vmreq5rmv7tmg8eetk9m7fmoe7', 1501732248),
(298, 'vnhs5c8seid39uf832e11412p5', 1501732250),
(299, 'mnmvo3u8q3pr3rlk63n49ambv0', 1501732252),
(300, 'df6ef1l71pi1lab9hnes9qpf44', 1501732254),
(301, '540cpv6smm8n470029qivc63s1', 1501732256),
(302, 'vuk2f28a8nlbd0mp3n8b3ud5m1', 1501732258),
(303, 'uglabb7s7l2kpsp5gs0ak6qe00', 1501732260),
(304, '8boik05dv2bcqvkiti8gtcsub1', 1501732262),
(305, '51seq1srosg1o674if44ma03a1', 1501732264),
(306, 'fdi3q23n25mnu2c2g45cv6vb91', 1501732266),
(307, '6htq065gbeuj86bjic6bq25d32', 1501732268),
(308, 'eijcrs1d2m28htvlvpcq37m2k2', 1501732525),
(309, '5v78aq49e7tqch660p5vsd1n82', 1501735837),
(310, 'cgds2k88gsoiuk0ehelp7sk057', 1501740857),
(311, 'eeavn13kvstes9cr1efk9bqnk6', 1501737375),
(312, 'cq739mpca2gkon2ev39h3cj6i0', 1501743467),
(313, 'eg2p8v24a7nt6goo576m1pu9o6', 1501744944),
(314, '8fmgmlhr7hln0q5ei0olnalqf5', 1501745206),
(315, 'e5ofbb6c5k5b60qc3qf8ojqql2', 1501745247),
(316, '161u40snrm85fgbp2mnaun77j1', 1501747367),
(317, 'euo93sd5or0u9i9v5tcm1oss97', 1501750527),
(318, 'enej1easmmrt2loedskb7ekpv1', 1501749550),
(319, '5dsrooftihmppraeqtedtjrl25', 1501751319),
(320, '2q59m8ngsfaktlpb1m4ift2sv5', 1501751482),
(321, 'lv0a4lq4rgomossme23ih5odp0', 1501752059),
(322, 'cp71h9rtpjuit933knb8bbel80', 1501753143),
(323, 'a2tgnemcq8kolu86r0ca0vml33', 1501753523),
(324, 'm2gt042mbdmrjeod96hm1q3uf2', 1501756602),
(325, '9uvonp0hg11at2f1l71bcgdn13', 1501756819),
(326, 'mfc6a15pvpvjn289r80ugpmq13', 1501757001),
(327, '29oi59n86k6msqfgsiiu564555', 1501758951),
(328, 'jiqlo4tacr1vtlsmjveej2n934', 1501759396),
(329, 'jffhqap5tfug64h7bdooep8uv5', 1501760169),
(330, 'ivmqjbrf2fc1lajo8n7s0mn2c2', 1501761426),
(331, '50mqrp7gs859uehtef1u1jjqm6', 1501762982),
(332, '3ss4rf8i41uqgfjde88j70eqp2', 1501763460),
(333, 'g5g5be4rc1lljcdtc5t90eeak0', 1501763469),
(334, '17moib4fluh5ifp5lb0egm2666', 1501763471),
(335, 'q8gmjd07gbdh6bahg7fvou7qc6', 1501763474),
(336, 'rk85rrpgq33j03mp7enavkg8j6', 1501763481),
(337, 'v1u23aobmdv6guhvi0q92m4oa5', 1501763488),
(338, '4elt3n0cv3vlo0ut7or70l0696', 1501763492),
(339, 'op7ra3ocfhc99m4m0nvc3pif25', 1501763496),
(340, '4afhe1s6sqfvf94sqcg4h60ni5', 1501763501),
(341, 'p6fp85rnac3ha8e032gvkc9ss1', 1501763680),
(342, 'v6pa07fnf22drnisenj1cin4f4', 1501763752),
(343, 'gpiocf9egl448rrm5hbuqn4t16', 1501765161),
(344, 'jtmvbf7bltsl26urh11fed3s31', 1501771410),
(345, '92672g3tv7goga89ovnud5nto0', 1501766380),
(346, 'g7rv3h434gh7td0fq85lvb8vt5', 1501766420),
(347, 'b1ee92cip7ecpkpt3j8bjjlmg3', 1501769518),
(348, '11eu4rbie7rh4i6psbr4ihlt16', 1501770108),
(349, 'ni12v26eo4bnrsa5s6tjfk5io4', 1501771001),
(350, 'th1pj2q8v0tvuits60lsna6o04', 1501771318),
(351, '4kciqfp8f019cs5opd9ipf0kn6', 1501772758),
(352, 'saccq9uhtbdfrmlff6dbn4b8d1', 1501773711),
(353, 'm4ercg5e1b4dv58djujitmec40', 1501776213),
(354, 'm9slh0gl8df4j9d2n1gsjg6pt5', 1501778018),
(355, 'oggp9813lpdic1599a1aa9bpf3', 1501780415),
(356, '82v7m4j0ebr21i01ruts5332j2', 1501785065),
(357, 's9mn37d61nhn6b9c5dncu9ri81', 1501787917),
(358, '3d4er3r8oidmc3p2cloedu8p26', 1501788555),
(359, '8uep4bh8pfm2hnkvvloqi05314', 1501788588),
(360, 'v0gha3d0l4bkss1nhl4kghf9u5', 1501790052),
(361, 'khoj3mshe3b9a9e10qep6pqge5', 1501790415),
(362, 'h5075l4p2kdrq0ctt8hc540vr5', 1501799172),
(363, 'k03g810i0fj0v8ehik01pvvco6', 1501795773),
(364, '8b7red3q59s51jvuktreet9m21', 1501800741),
(365, 's9iumi94bhmd1hek2qqne6fc12', 1501800856),
(366, 'mc0gkt2q3t7i54eofs799c0fp5', 1501802718),
(367, '1sn1l33e56cjn0seuuk23qrcu6', 1501808547),
(368, '59im6a40i3rrrbqmtjjnmqjcj1', 1501809943),
(369, 'rhn30uqrkuef1e76jlbcgj4uh5', 1501817143),
(370, '3cq1svhb5sbhihrbhjm95c5ur1', 1501819075),
(371, '8qvc4qmejlmpl1ff9h6nbj9cr7', 1501821872),
(372, '636f8dttq8sn8i04rqiqp8qsv1', 1501824624),
(373, 'als8h5t2i40m55b1483atf4pn0', 1501823527),
(374, 'gpedjnvgr0uil3ugck79rv0ap1', 1501823537),
(375, 'ubrog0sjcehvl4eqb4qnvcpjl0', 1501823563),
(376, 'p6gbm1q3j5gt8jqn8du4dk8106', 1501823565),
(377, 'npbmdvrre949eab0td3j2cmh46', 1501823668),
(378, '4krbu2j6qr3f0jr6ior7jkoqo4', 1501823769),
(379, 'r26o7jd2tl5f57qld7trb73vf4', 1501824640),
(380, 'itrr1ishb1dnn08cvs0urj16a6', 1501827264),
(381, 'd6bf6e42ttaq9qfav8piquggb5', 1501826755),
(382, '4geu50qsppam0rpeqot70rpdf0', 1501843506),
(383, 'bh3984lol707mm9gigc3mpvpt6', 1501831170),
(384, '3gn813bjgcdct2kmje7c5khnb0', 1501831887),
(385, '56dcf4e1081o6masguf6i71eu6', 1501834507),
(386, 'h4fl5glgmfglkiqhjpa15e9pq1', 1501834147),
(387, '7mba1n4d3nnhc1o0f4rmvovqe7', 1501837453),
(388, '70abgvvnpp8eun3o8n9ascehv2', 1501840171),
(389, 'bik24ilfa0nqvm4ubr6rc74754', 1501842427),
(390, 'lv0s5532ru3rcbl2v5a154e164', 1501843672),
(391, 'bkm44k5mga3ofq3ubo167lobk7', 1501844462),
(392, 'fhgflktp4r1njtreblp1b0n895', 1501846833),
(393, '2kj5tuoqkuncg1hkksutu6igr2', 1501846854),
(394, 't1je7o9rshpb7e2qt2jche86p1', 1501846966),
(395, 'd9tjj3fictdh8p2b912vq8mvu2', 1501850862),
(396, 'hre658ou32pcnikhrvsk39b0l3', 1501861993),
(397, '60k7vct004efqmmob6nesgphq4', 1501862182),
(398, '58h5tvlp1limjtmuufm3cguap5', 1501864392),
(399, '6jsguq4139kdvfbc8tmml3j3m5', 1501865907),
(400, 'fd25c98kp8rkuondt6og087777', 1501870147),
(401, '8keq96chttqtvetg18u30p2ua1', 1501870153),
(402, 'htda82g6cguf3dflk2qovnorl2', 1501871763),
(403, 'eop3f4v0tpdm2rqabmirj3g317', 1501872793),
(404, 'jr2q5m3652lisbh8nm6vll6h62', 1501874914),
(405, 'g5gtp56cso85ln39fe0eqh9f82', 1501876239),
(406, 'afklc5oah3qijep4ojk93uphj0', 1501878521),
(407, '40kgdoutrdsrudvvo77sdgi496', 1501880499),
(408, 'nqqk8id7v8sgdn4870k54foip4', 1501883001),
(409, 'n52rr5fuc8i4no7gca2uujgud3', 1501883872),
(410, 'dd8emh30oicomlqrhjuvkk3075', 1501884020),
(411, 'd4nh6a52gf3r7rhieehn0785d6', 1501893667),
(412, '65dnt8fgt5i8ssosg2a7morkv2', 1501896989),
(413, 'h7ll9dejn4n08hhol5psgjtiu7', 1501897993),
(414, 'u5k7mjgjp6hq0hr7qmds3atc20', 1501899278),
(415, '2j4remi8h123203nrjqhhffjs3', 1501900009),
(416, 'qqcj40qio15s83gqohni2gpem2', 1501901060),
(417, 'q7s3e1tmg3fihup3is4cituuq2', 1501903102),
(418, 'jepo9k5ptcs1mclbcobh62lf27', 1501903282),
(419, 'qejb5u0m2dqei46ofdom3s07i6', 1501906413),
(420, '6ek1imtkv1nsg6n2po75h3ttq2', 1501909895),
(421, 'g3gljftapggu3u04lt734n7j64', 1501910260),
(422, '7d7sv37u1ltq7900gc7km9q0l4', 1501911006),
(423, 'lgj612vj4klj5irdi3fmatfm64', 1501911355),
(424, '4gjoij79dukjo4m49pqpfun992', 1501911416),
(425, 'dnsqdmnc5ang4klehbf38r3h57', 1501912490),
(426, '0lbv1fqvtklp9nsh7go6j5act7', 1501914034),
(427, '7si8ugvfs3cgr0gtg9k9v1jd33', 1501926645),
(428, 'e09i89orh8e33dc9o7a3qab736', 1501927221),
(429, 'oa67hjrkiorm1ki4rnqmhp4rk4', 1501930179),
(430, 'omguium00gdomrenfqhfk7lpm1', 1501933280),
(431, 'u358ar7b0t7ic8kqrt1235mf84', 1501933842),
(432, '2u1r8th17mgtlgnrfbgnsqg8e0', 1501934328),
(433, '7srapbct183svj1v41n2gul3l0', 1501935538),
(434, 'qptadmp9a02b0eegqokb963vs5', 1501935722),
(435, 'ipocjcv0kt4l1806ha4lb21cj6', 1501939450),
(436, 'jlhslc9205n7lbvug4d29pj1f4', 1501939539),
(437, 'svl48tidk8n0oasdluh6k8clu2', 1501940827),
(438, '11o880ftmceklcluth9veskha1', 1501942355),
(439, 'v91fm2r8696uut1h6kj9n0et66', 1501943031),
(440, 'i602nenfn1kq713gdvj2k5juk7', 1501943329),
(441, '68a32eg0bofpt9qhqb1e30fbj5', 1501945267),
(442, '2nsj6ofvgpp9s0rasmq7h486h5', 1501946189),
(443, 'c1l4hagd3kn79hpoq690r97273', 1501951279),
(444, '3c80up9bbtv450h5265dd0ooq6', 1501952319),
(445, '0lntsbko26ekvdobsml0vr5rh6', 1501956376),
(446, 'm62sfj7ds4visa1u2skfglsb45', 1501960105),
(447, 's9ob8n650us4qnecsncnaq4965', 1501960232),
(448, '1epvki85gsggu6tef168bq31s5', 1501961985),
(449, 'pmmjte6i2b8uvqaf4ecorqdrr5', 1501963439),
(450, 'd5li7dnduet7ttrfqa3qbe7im5', 1501963839),
(451, 'sqalvhu8fg781ubkquagm8bah5', 1501963937),
(452, '5voavj09t3h4aopbatb16b0qq2', 1501964755),
(453, '9sjrtqtv4udpgndsfgna61jui1', 1501967110),
(454, 'rj99ecnncvg3sdlg2okvci9tc1', 1501968783),
(455, 'ghe64n9vd4dohvtfthr47b5g92', 1501969784),
(456, 'j2i8nh61fc8ouea0432m3nv3q4', 1501970037),
(457, 'tcc91skgfod9lok1c3aq3j4vm3', 1501973829),
(458, '3srr3a1spag3fqfgd0ef75pu32', 1501976257),
(459, 'bodmli31s1prb2c4miop561o66', 1501977664),
(460, 'mmaqc67in7001q8489fi2c5jo2', 1501978520),
(461, 'htdl8bpgk97emmfpqit9ggcm96', 1501990262),
(462, 'd18ko4qkgb5bgn75p35teuf902', 1501992324),
(463, 'mdui7ddcre2c0jsseo1isdvme4', 1501994737),
(464, '3u3u73qgv41eqd90a09l05ph22', 1501995963),
(465, 'j736ss6nb95o9qf6svq12npbn0', 1502002511),
(466, 'bg7i762a0g7kvl181p0o9mmqk2', 1502005410),
(467, 'fr6f3nob5ep223sj3g9af1qro4', 1502008874),
(468, '3klr9gt1qnfkn834m20p4cnco2', 1502009385),
(469, 'nk8krkkks27q8jbk5nfscmd414', 1502009991),
(470, 'gs62fke19d5rbflho5lrpd9d64', 1502011458),
(471, 'v7nd80lif0t4ac2uoti6o650h4', 1502011708),
(472, 't4shrj5aotbibt6i4q4q5hgo41', 1502012024),
(473, 'm50b1jkb13jeotjrvkm6vmbm70', 1502012963),
(474, 'rr9bjnkbu90gc28rf8o2kvdh93', 1502013488),
(475, 'obvg5kmfcmbrpc2jos7253ekb0', 1502018802),
(476, 'vpr7109qq64a5tvebv6hi75kh5', 1502022027),
(477, 'osepoee7pp7lv6tpik2b588pn0', 1502028676),
(478, 'sruc2nhff4p81n5odfefhijh13', 1502032427),
(479, 'jo5b1i6h3mmd138cr6ur9tsfd3', 1502038278),
(480, '25695fc6r7iv093hlma197toc3', 1502038307),
(481, 'v00q1mua273qbncpj6tbkvhet4', 1502043148),
(482, 'rmkogg47akdesd275l5oqiqeb3', 1502043551),
(483, 'o2neei8q1jeknpb42jb8o3q5h6', 1502044003),
(484, 'kmc8p286fi8cbl8sovtgl530q6', 1502047072),
(485, 'l2iklg5dgfs8cq9au4gom72bu1', 1502050365),
(486, 'rcl885cm3eb4348h6snqj82eb1', 1502054387),
(487, '8f5fb79mbcuc5fnca4dntnngk0', 1502054715),
(488, '0hq0jd2lb9o0v7oh2hfvsd57g3', 1502056260),
(489, 'lkf0sevfmitpttigir08e6d8n6', 1502064086),
(490, 'qqf58um0tcgnrhpkq57f449f21', 1502068394),
(491, 'au67nqm08j6j6jkfhqtntqnt36', 1502076909),
(492, '324bp79iqjim72u0m62qn1bsi5', 1502078593),
(493, 'jeoqi5k5qh0o49aii3f4i19ds0', 1502078883),
(494, 'f972nt1e6pd5q435injbhrj992', 1502080739),
(495, 'u0r5430oc7uds7nnhi5f49cu94', 1502081473),
(496, '84vs9lgrm4961ujfs34jseltb5', 1502082478),
(497, '09kajp68siprkbdavm9eui3jm1', 1502082886),
(498, '9avh48eadeb9haeacdcphpqme6', 1502089298),
(499, 'p4taclhq06mj8jmhn38iuvgpg1', 1504086179),
(500, 'es9ue0c3v671h826ckjtcqa3l4', 1504086208),
(501, 'cdi45n68f187jk8oie1apfp0n4', 1504086266),
(502, '0g39jruhctkluoeq4thabpq6s4', 1504090107),
(503, '18olg2lco4efjhqj1e190sekr0', 1504092224),
(504, 'v9dc3cjpjjdjqutipkibb0m5b6', 1504092228),
(505, 'jgmv4vonc4rvate6j6sgre2qo0', 1504092370),
(506, 'd1ul7q002kg8v3mld6p1fl2mo4', 1504092957),
(507, 't8dr0lhtj2vb440r3ncf92s084', 1504093686),
(508, '7nproa5clqsuvgsq38b4m1eci6', 1504093849),
(509, 'm8s5a120rk5r1iv3ucro9hmaq6', 1504096412),
(510, '13mgddhirdqk53d8alpdnv9ia6', 1504110167),
(511, '9q8fsis2h251uijidonj2pqo24', 1504096240),
(512, 'uuvo1jvckcs57n6ebfopv5e2k0', 1504096731),
(513, 'lme4crgifd9rboq026lsh3i382', 1504096477),
(514, '3j68soism56kelfrgvvl18mvb4', 1504096657),
(515, 'pdg9hp7ssisbok68ijegs84o93', 1504099800),
(516, 'rt41a1rnk381k9qcajla69eti1', 1504099970),
(517, 'aqa9178507q3l5hotibqoggm86', 1504104241),
(518, '4qm924vptu52d4k3jche7ld3d5', 1504107454),
(519, 'dmldqtdshi0dklh98mh8ap50i5', 1504104888),
(520, 'h1qvffe8tj7fcoeahq04c91765', 1504105973),
(521, 'q46mkvrgkcgru7a6clgtcmjv63', 1504106240),
(522, 'mpti41ei5vld7hbkhftj9s75g2', 1504113522),
(523, 'fmfhe6is3uu4a0h5pe7tda6v07', 1504109285),
(524, 'kargv5g1d20tpo03slqo8n7u14', 1504109370),
(525, '001rf5rihviiv5ail9mlfkr1i5', 1504110227),
(526, 'ntd4s83l9anmi01pk0la64dqa4', 1504112026),
(527, 'ce2db0tl1vt0hve4nvsthspqd7', 1504113197),
(528, '8j8577vjeu144k50pkdqu9d3b1', 1504113906),
(529, 'krmmup0ba3vme2hr25rrjga7f2', 1504114702),
(530, 'maoh3ren5flqkq60b971vjfp22', 1504115708),
(531, '3qedeucg51uq18c58e7iojef05', 1504117890),
(532, 'jsvtf8ihkoff7anj4l74i51nf5', 1504125214),
(533, '82k99dqllnfk1mlonkujevbol6', 1504126796),
(534, 'gtg9cgceoe7eiesf8ttno4d0f7', 1504130292),
(535, 'h2rdvkoe8lb2gpk688hqufjof1', 1504131363),
(536, 'aoguni4h7h61u11umd97v9mbv4', 1504131778),
(537, 'ft0l221qs2rfrd2vbt1ugaa0m3', 1504132405),
(538, 'vq97pm85if3p2crou3vl1r7np0', 1504133687),
(539, 'vqk1o0jcmcfnsvo3plveq4k416', 1504133691),
(540, 'prnqaal3auo5us5tar60f9csa2', 1504133695),
(541, 'ipg10asqjasnpe066ackr5t0t2', 1504139107),
(542, 'q7k4qel7jdmvrvtfe36jumuo05', 1504140688),
(543, 'paj52kvibcrvjsu8vbvnq4q513', 1504142331),
(544, 'ptgdku04qk69a5mo3is03cjgt2', 1504142383),
(545, '8htt0tovhlvpeesbseked1s2m2', 1504142662),
(546, 'dmahrct6t36u5fsat1p4c6a1m0', 1504144581),
(547, 'dc91mtgu0hrle5pq0c08194iq7', 1504148214),
(548, 'eksg0d8fpnp3dv1jnpg8h6b4q1', 1504148294),
(549, '8vif6id6177iptaoojneii6he4', 1504150312),
(550, '2bsk0q5nhp6r4vog9m6fdhsgn5', 1504150315),
(551, '9osd9sejokb122lgtjl6ca6801', 1504151228),
(552, 'po23ci37torkc0bkb766kjggu4', 1504152103),
(553, '14vt9f6to1bs9sobngl5vofl56', 1504152106),
(554, 'ni8fo692skaije60nug1b247c1', 1504152412),
(555, 'dublvdb361evjehuqs11q1u3b7', 1504153913),
(556, 'bc8ldkvavfi28f9on7f906d961', 1504153916),
(557, 'he82ebo5cppl3p99s632vsae65', 1504154105),
(558, '8srvectv4mlmuf170dlu5qec55', 1504160658),
(559, '84nvvjcpundlobenmso9tcno64', 1504163482),
(560, '7mnlu55uovi4ltf0qq604ja342', 1504160874),
(561, 'khk0g1c90842rseci8v6a84f36', 1504161465),
(562, 's7gappat3vpbj1rlqf6an36d06', 1504162806),
(563, 'esoo6k0ev51bkie72h3ro8hap6', 1504163318),
(564, 'ovubvbrj1hqdgqs5lc60gp5ap2', 1504165606),
(565, 'j5p99hnlpcpcbacnet9niv0h73', 1504170365),
(566, 'huu7c0ugfkdshg19boa3viu413', 1504171598),
(567, '2p1bn1gajgcmari0r6lnaki9u2', 1504172957),
(568, 'hcquj5cu988lv6ajcs1j0b5ba5', 1504173346),
(569, 'koqv0r5eaurr67bc10v0cs7bg2', 1504176482),
(570, 'sa8eij0ecr9l5uh2okufffc617', 1504177800),
(571, 'hthtkthhl6set8muirn5aac7e6', 1504181443),
(572, 'jcdrpll9dlpc4u53deejeao287', 1504182899),
(573, 'h9ja835q7queqoflghu6ba6rn5', 1504187176),
(574, 'uueuv58t6g3nre7f0k3qvvdli7', 1504186922),
(575, '0eo5cp6a61cve4luu4uvs8ak80', 1504187151),
(576, 'jsne683599eng9kah5s1q210h7', 1504187982),
(577, '45m6sc9ddlr5l848pqgah46kn2', 1504191250),
(578, 'ockjf19bnbqh2vki1efbs2u1s0', 1504189754),
(579, 'toebmhitu112iibt5dkhkouo34', 1504191156),
(580, 'rlsbe6uopmltai4f8sm8mf6bd0', 1504191910),
(581, '4qlkovre7h43gl7pp58ku6f0g2', 1504196303),
(582, 'kumq1amd5rqn7eacc8hd6qqdn0', 1504195325),
(583, 'gjrflk7p83r78ljbhkruoh3fa6', 1504198705),
(584, 'ak7vcbervk3u8ojt8c9m470cm0', 1504198917),
(585, '8ptrl8i5q78ave3aigr2eu0kp6', 1504200371),
(586, 'te6uumttk8iakdc99r2ml3mkk6', 1504200391),
(587, 'vevahukmclirlnt166vsovipf7', 1504201432),
(588, 'qh05seub9b4ff3tpqoi1h8tt66', 1504203585),
(589, '65tktdglu8f19u62o45qnb36t1', 1504203952),
(590, 'eakkg9vvuhrf9am7gckg194m31', 1504207467),
(591, 'ej481joc3dptb9139l6v1hc0n1', 1504209534),
(592, 'ajaglg2erpnkvi0v737joboqu0', 1504209737),
(593, '37oeq8orhht6u1ri2ij4b4vmd3', 1504209819),
(594, 'jjmg4m9555bs0iunbimqs3gl35', 1504209853),
(595, 'u2cd3jptaavvvfh20u795f6s91', 1504209893),
(596, 'c4v2qgerel7cvbbs92c0ntuca1', 1504210023),
(597, '76dat3ga8985646d5lhh5jds61', 1504210023),
(598, 'i25a7826cv30rth0as4crdvoo2', 1504210263),
(599, 'rn1mtickbq2e9aapvunfc6h3a0', 1504210278),
(600, 'l0lfdmcpqa4g4tbv2kmd9n2740', 1504210326),
(601, '2hkdhuumq1jegr9r0eitbbt4r2', 1504210508),
(602, 'qcbrn5lioiihro8q05gcafik91', 1504210543),
(603, '6scjsk5g9uifi70g2nmo54k1p4', 1504210949),
(604, 'e7rrp0ontrijvou873dhjobn84', 1504213150),
(605, 'biefs430qtgdv8cjfcphscbra0', 1504218640),
(606, '0lv0516e6jfj35q0br12jifsh7', 1504226360),
(607, '12pr5eq2uqkgaduffs356nttm7', 1504226735),
(608, '8dr5u39n1ntp2rbu5v87sq2gp3', 1504229836),
(609, '384b3muqlbg1p4t1usi1paicu0', 1504230354),
(610, 'ipna18gun2qhc29lulq0fj7qh4', 1504230629),
(611, 'vdd5a6rk576g42sbpoegigc5r6', 1504231971),
(612, 'f0d0be7prplfucveblgjt5erl5', 1504232353),
(613, '1856q3o5e5sq35gns1gbutu7h2', 1504236120),
(614, 'q8gfnmlp60r0obbeqtofj5e8i5', 1504237352),
(615, 'gul6g4qqpas01h6acq4kuptvh4', 1504239262),
(616, '9e88lj5kk4rs9ag2mqkvivn5l2', 1504239450),
(617, '4em35neavrsrhe1luod7ep9060', 1504240081),
(618, 'e5a7qqh9hp1tv2bedq86v6rp43', 1504240304),
(619, '710kgqj3f1holaag1n8bv3ksn0', 1504241260),
(620, 'ag9sqaj0ih9mp1i5tmulg870k0', 1504241248),
(621, 'nd9art4o91om7o29s7rkk40521', 1504242892),
(622, 'c6eejcki9fu1m75r5bp7pbcal7', 1504243997),
(623, 'tc6l6l0fheq7vn59s870f9ud00', 1504245529),
(624, 'f8kqujaa05tplddq9fhqjh1ev0', 1504246835),
(625, 'eeqpmiv513rk9dvvm9s3ncmol0', 1504247408),
(626, '9joov25587e6grfui5rdhgnk55', 1504250635),
(627, '29uacdbkbem9cv9jrccbio3pj0', 1504252573),
(628, 'resh8ai1mrmde9215pos50jos5', 1504252580),
(629, '46houpi3jm8blteov145gm27s5', 1504252676),
(630, 'keoqtjol55j16vphhm11p5gjm4', 1504252678),
(631, 't2jj8ujm9tbsgfahda56rg5q87', 1504253091),
(632, '970ngmi2l8rpmhsl7ervv20ae3', 1504255941),
(633, 'k8mm0iks1krvq488igj54hhgk6', 1504256261),
(634, 'almfc6ndpre3ss2uuhptl6hhr7', 1504258685),
(635, 'qc9raj32gj86b90el9eutu23c4', 1504260659),
(636, 'gjr46edu5uhha8jmhn3esherv2', 1504261592),
(637, 'dnmk4f4vo98godfleiieio0sj4', 1504261682),
(638, '4ln89b2dsthq3ilvolj6d9run0', 1504261953),
(639, 'jtkk30l925f29dqtik4g7h9si7', 1504264894),
(640, '1e4b7re61i62f0m923aj2eij85', 1504265888),
(641, 'eekaim33aveq0q75o6rj52s013', 1504270953),
(642, 'cjbjtars0qkqe6nt01bvlcl5i0', 1504271047),
(643, 'sd0o7b25thr42bppk2tvht6el5', 1504272201),
(644, 'tkalud3249tc64c94p6ts409n7', 1504272349),
(645, '7c1kcf3tipt9da6q40au0k23v7', 1504275596),
(646, 'oit84420282qrus9qmf3fcv421', 1504275832),
(647, '4f30nr8lq3g3pu5m2gs3o1dq17', 1504277619),
(648, '2nvhm0s2o198mra4j612jj3v32', 1504278227),
(649, 'e752pc6genul36adklgj5j2up0', 1504282448),
(650, '8hr6uda6f83pmafp3c9bgfde10', 1504286284),
(651, '8jugd56ud4nn4lj83ss0p3rjj0', 1504286485),
(652, 'n224mgi5uud31ouqbfn3ns52s1', 1504286903),
(653, 'apiajru2au9ollan2qopk3ufe2', 1504288474),
(654, '6kpbmkg0kbb3q472m6duurf7p7', 1504288808),
(655, '80bjivt219v2i1bd5gl19h77p3', 1504292572),
(656, '6c48tm7klca16fl7p2u54og9k3', 1504292872),
(657, 'humbmrs40k6c5b0i73imvn4l17', 1504294407),
(658, 'du8b8pc2ss1vbklargb97j7g87', 1504294423),
(659, 'qb5v27g7ro3mq01a593i3817r3', 1504294891),
(660, 'j6jf2pv2q6b9fp9nm8l1ubd2b2', 1504296590),
(661, 'g28eg7drt37737efianmq7gr75', 1504298783),
(662, 'm9bl0ekbu5nr2jm1hn56vjnmp0', 1504300831),
(663, '2if0g47kmu78da4de1nfieuph6', 1504301282),
(664, 'gft1tn4qnijh9ah7p4q5i4jg11', 1504304353),
(665, 'edv1dl8n2hjrgdnld2tf2va3u5', 1504305196),
(666, '2lrnrkf1gc8ael5v00290kjh40', 1504310915),
(667, 'cig995fj57m32nk03jsraq24a2', 1504313975),
(668, 'ergb5c6f2djvho3dj5dkbkv6j4', 1504315473),
(669, '6dn9io62tinkiij7qkv96fk307', 1504315564),
(670, 'untm0ctrm4oai9kc2dr0tm7920', 1504316245),
(671, 'b9ogi9v7sjbqlhmbhmjd709f22', 1504317203),
(672, 'n1vr73s8pdo6qrd8kor3o5q6t5', 1504317384),
(673, '60o4h3u8nl1u624gnvfum329s7', 1504317834),
(674, 'fve312rr6v8lpku785qvdvqlg1', 1504318969),
(675, 'pjql823iu58cpuj9ue6lnuhhf7', 1504319877),
(676, '2t1selmol0dmgo38e45qgn5695', 1504320437),
(677, 'fee3aalissg4d62aon9v5dsea3', 1504320785),
(678, 'egimmmu321kn9reekuh8fcsa21', 1504321852),
(679, '372sjm8cjidi30tdogr5m2b2t1', 1504323596),
(680, 'cttioh1h7nnfbc5cn1ltbr8k20', 1504330550),
(681, '71asobeisjcb2jcdpu0srb0oq1', 1504331309),
(682, 'm2h1m5uvc621fkboo8kl5hk077', 1504333791),
(683, 'l9g0kqqe7mbisbrk8stfm78rs5', 1504335427),
(684, '0vu6n5ss0p5quq4qaebatjnhu3', 1504335431),
(685, 'qa3nndsejpaaho0le1ving18s5', 1504335435),
(686, 'p97s2eidp7n0ujlpgd3glbaus6', 1504335439),
(687, '8oks792b7tsqbt862vfh0aph83', 1504335444),
(688, '01vm5uf98418giebbnus1ego36', 1504335447),
(689, 'mvr41n8egcr7ifbt2hgo7a96v2', 1504335451),
(690, 'qsac2ikbt1bhuogpe3mel1gpu7', 1504335459),
(691, '347836mgipp1kdkb07t3bsnh03', 1504335461),
(692, 'icm8uv00nnesb8133m6trb9im5', 1504335464),
(693, 'btv49lrbjmubre3dpotjp09jc7', 1504335466),
(694, 'e3oe4b559pq5dofumfqstrqrb4', 1504335470),
(695, 'jogk85kuat3l1rbtf89m0rj324', 1504335474),
(696, 'm1l6vm48vsjs1fq25rpmearmd2', 1504335478),
(697, 'v1leg6k5svcb2kvqmncetv5ne7', 1504335482),
(698, '66lfq7q18bll30tc96tj4bog04', 1504335487),
(699, 'cfhggaa5q1rrfd9pemu29q9if0', 1504335490),
(700, 'ljl176osc9429guomriciu91r2', 1504335495),
(701, '3nh6r30nbq81mhlucet6l5t2k0', 1504335498),
(702, '9iuoimptv7rr0n3vlfvavijj47', 1504335505),
(703, 'nkur3g2p4m9eq0sinocqo71aa1', 1504335509),
(704, 'pcstouonaknntvt7tfnhp51115', 1504335515),
(705, '6nnht7cqnv8gif0i9s7rtjgbt6', 1504335519),
(706, '0u7ta2nfdfh1ha34hj1vj7f6i3', 1504335523),
(707, '2vj524np145gb0dgk4mfggbhd4', 1504335527),
(708, '3i08etdf9ghi58knjfldpjbfr4', 1504335529),
(709, 'asap4gjeedqstme1t8l1jqong5', 1504335539),
(710, 'c3t0dckbmj57aiq5g1l1l0fka1', 1504335553),
(711, 'urd5hp7mtq678n6amrt3i6cqh7', 1504335561),
(712, 'or7k7as5fnh7gk83h46pr57lq7', 1504335566),
(713, 'm1lkhb4cqlf4rs08vhubavd592', 1504335569),
(714, '4nbm9td3q4kv6c7hj9ttr3db14', 1504335573),
(715, 'rotgid3e0lml4uinv4jkgrmst0', 1504335581),
(716, '4m9c1err62o96ebu20gkppds40', 1504335587),
(717, 'rq1eao70geh40g7n6gerj4o4v2', 1504335592),
(718, '5aold660ocbo8rmoqjcf9rkgk0', 1504335599),
(719, '7268i4e0rkd061m8b2mns95113', 1504336126),
(720, '8c4d6no092nbifsr48616bjho2', 1504342227),
(721, 'rhh2ui1fnvjpve3et9raqd85q1', 1504342708),
(722, 'd6usf339vp4ims0baalkmel210', 1504343331),
(723, '1b188g06us6qrkncviudnunke0', 1504343770),
(724, 'pkdi6gh2ka956skveu79r88841', 1505560324),
(725, 'j7cnod6l712s8dpl4rvs3mvb85', 1504344517),
(726, '218kdv2aani82kdmjquilni3j1', 1504345419),
(727, 'uvgv6eor70500mn9oft018bnn6', 1504345848),
(728, 'vsct281dvil6hvfgqi6sshkg77', 1504345926),
(729, 'ckkjsake4h3e9qmmcir9h8no34', 1504346775),
(730, '80742n0q43sna6ted3uiaktig6', 1504347552),
(731, '5872l70clk52dleb879gg91je5', 1504349223),
(732, 'nbg0989fk0c2pp2t7ptjs732s7', 1504349273),
(733, 'gq10psvrfki086au6gdtu4ht85', 1504350295),
(734, 'amva4rhbrhl9k2tl25705ig766', 1504350789),
(735, 'ita7d91p7fs9j9jq2sbuo2tj47', 1504351683),
(736, '4074f6cdqnltr14s36l458v5e3', 1504351865),
(737, '43cbtsdftdtfau9llomg454di1', 1504352834),
(738, '2sml2f8gr5qviio0bink90oaq5', 1504353404),
(739, '2v9ect7kkd5ifksjt0fjh1alf2', 1504354176),
(740, 'lpkaq2vd5k0q0dbgkgut8rhk27', 1504354414),
(741, 'res6nieaacp2pokhgm5t0bem53', 1504356744),
(742, 'hadugoosstkp2g5mj4tk6gnuj3', 1504357044),
(743, 'o5bu6e8t4jt4bpv8criir8sgm6', 1504357600),
(744, 'ilr4i14pg8gtjdr9c9u61nv767', 1504358018),
(745, 'lpkcgchmfmsunkdkv6noilbb91', 1504367148),
(746, 'dcpau1amshoo6pu9dqf2p7b765', 1504360804),
(747, 'uu7kr91is2t5g53uv8jvtimc37', 1504361561),
(748, '1mfhiaunu4ch6flvpkj6b8ep71', 1504458148),
(749, 'b7i7kjt71fsu4jviudi49nf2q6', 1504369792),
(750, 'nptmqhm6lha7fp7a6r56cok161', 1504372208),
(751, 'du22ckoju7p0stfuact3jvj764', 1504372225),
(752, '9ckrvfa8hts4qof4m23o34eg37', 1504373335),
(753, 'flgi8h5nno21q04qj3cl6dsp37', 1504374253),
(754, 'lofm2sforgfo3eli01fgn5t6g5', 1504375210),
(755, '05p2383524nbmmbt8arnnpf0e1', 1504375709),
(756, 'isqrrtgq9ctjhqj4h655g7nql5', 1504376807),
(757, 'a3e0lpkloppb9ctp188nf0p956', 1504378443),
(758, '97d9s08v4gfvem1cdj6v047305', 1504380570),
(759, '8nqpfgqnbck9kfe7t4he9viu21', 1504380762),
(760, 'vci10tqvh3ap44u1kct9aubi64', 1504382586),
(761, 'o3clpvlmpiisa4vc56rf8ni695', 1504383276),
(762, 'i6r3n103f7dllc4no69rq18fg1', 1504383819),
(763, '3hnrap2jr8fgdig1j37kgn0ud5', 1504385373),
(764, 'pfc6l5oiuvqgb3uaullo22hq17', 1504386044),
(765, 'sa0hldcsjd617ff3gogc0nfnp6', 1504387040),
(766, 'duq4fmi1711ab7qivj3v1bb4j6', 1504387042),
(767, 'ufsnpa9c1rq5u23auh8fj3uom5', 1504387044),
(768, 'v3a5c73uajhq724bdti2sokov6', 1504387045),
(769, '1iu8vjgcvutif3obg10hq07fp3', 1504387047),
(770, 'c4eitla3er40ndgo11flgk7bs0', 1504387049),
(771, 'av932fl91h02mp372laa0ukah6', 1504387050),
(772, 'a4sk41l3olelrjd3tfqmpqmh36', 1504387052),
(773, 'uh7to9pi9ibtolhesh3kuaqnu6', 1504387054),
(774, 'qmigbgak7t70gr52fo9ubbc7r4', 1504387055),
(775, 'd3fm6led7l3qvu1tjdpt0gkdr1', 1504387057),
(776, 'g4ad0o1hpo3futdaeaogovb1q5', 1504387059),
(777, 'l66vo0a1lql8jgvsndvlhgveg4', 1504387060),
(778, '4bh52ac6h8b8e69v4k2svjec91', 1504387062),
(779, 'qql8orhfe6v2dfkg5f7ngmtvu5', 1504387064),
(780, 'q9inn126dl4br1f0s6hp0qvhv3', 1504387065),
(781, 'vqfjo4b2136l6ta0i94lt8jdl0', 1504387067),
(782, '3eacaf7mv8k1n2r2srlm8ubnb7', 1504387070),
(783, '14g23ubifsks3f5l9lp0j4afs3', 1504387072),
(784, 'frl7a32v27lflk0p9a7k1kmoa2', 1504387073),
(785, 'jsjbcdkbpvivk6b437gtlmtiq0', 1504387075),
(786, 'u8444leqiokqcp2kt6rkadqfj6', 1504387082),
(787, 'u01gmef7a1kot7l1jqpkn4tq75', 1504388239),
(788, '08cftenk5ttdrh8boqvb4pcmj1', 1504389600),
(789, 'hq3e5trieuc97eletlfctf4dh6', 1504389604),
(790, 'cpsh03oe3pto04lu913l1s04q6', 1504390962),
(791, '248dr34qnnf351ck4opmp47hg3', 1504391545),
(792, 'pai6qhe8kec5e8a81a02sq22p6', 1504391672),
(793, 't2aqcctliqs2bl92gob7a4gdm6', 1504391822),
(794, '9o19bj89vki3aoikvgl1qghbh1', 1504395242),
(795, 'jvn8bpcp7h8ectqbt9krbnkth2', 1504396170),
(796, 'kcd49ocmgetms2ndes2kc1c3t5', 1504396566),
(797, '03olqgoci5dh4s1hb9fb36lgu2', 1504396716),
(798, 'gj9jsrpdlm0e6e3m4rohocmkg7', 1504396830),
(799, '2tmh3nqveh05c6jkcqvk613964', 1504398886),
(800, 'i54mgfo316bn297qd9j6vanob6', 1504398902),
(801, '62rqd75lavj0pee5l6qm51aec2', 1504399311),
(802, '7pdhoa2ttv38v41lg1fl3fsj15', 1504399511),
(803, 'oflcertlm1bu1vvmopn4nt60a7', 1504405524),
(804, 'ik78dcj589jcoeoiv6a3kt5bn0', 1504406349),
(805, 't9841kqimcif22ho6rpq60hlm7', 1504409503),
(806, 'lh74cbovpdpgvk0s3n15va22l2', 1504410522),
(807, '2doukg3d7ftks071m2g49srni6', 1504410972),
(808, 'c4ujrka0540mh6m8en950uvto0', 1504413040),
(809, 'omu0b4cpdfnbhu1tf2o6i2jkg1', 1504413317),
(810, '7o76c5vpjfiv0kf4l1pr4d6el6', 1504419194),
(811, 'j2rngf03h4nbpevbait25v9v31', 1504421179),
(812, '1tlkk6vrljshrta4kv60k55e05', 1504422512),
(813, 'pt7m8uqpba232pdof0vj1jj2j0', 1504423474),
(814, '7ndh85tmc82v7b3vjjo3hp7bu3', 1504425381),
(815, '81rgsd153r8vk71kq8oblegh80', 1504431356),
(816, '0viola7t7o7ibnog5tj9a2v891', 1504425933),
(817, 'hcru2drvkr3964f2puvq02t435', 1504426752),
(818, 'o4ch8ke485c0h9mgoqipalqot5', 1504427174),
(819, 'lpoh00a7kru5pkmf6kj7jet0o6', 1504427746),
(820, '1f0ci5ps201v4vmsvrchs1k0l6', 1504428981),
(821, '38djvgcsto9fn4g4h63ubfjog6', 1504431202),
(822, '1iu96rfoa954n3spkbf5j0it50', 1504433011),
(823, '9ujb5r4us42tcfrr8uj5amsgs7', 1504437896),
(824, '4u7pco2bgnb9sb06a5e9e83l15', 1504438262),
(825, 'qs0mnp733lg1jc01950rbd8510', 1504439485),
(826, 'sohedau0upincf86d3k1anhac2', 1504440478),
(827, 'q0r2j0icv1eomh8ufhkapj7va1', 1504442466),
(828, 'pmdkig88qht0jlf456g8jhuop5', 1504446150),
(829, 'oqb0fguthmahlf64olhrlrfcc4', 1504444106),
(830, 'j080umtt5p0oqae29clisbab97', 1504446877),
(831, '4fjaok04kn5bi07i2dabl8bea1', 1504447402),
(832, 'q1r3cl880ts70pssbup7009jb2', 1504447492),
(833, 'k0mmc1vl7ifpqhqhg0bmcb0ad4', 1504447916),
(834, 'e12u6enc5ibjq37aua0rdcnfk1', 1504447920),
(835, '2htuuh7bvkc43peo98on4terk5', 1504451618),
(836, 'is7suutlsqi4igrtbmi26nm7k7', 1504449669),
(837, 'qi512c6171l3vl0vjbdhej8kq1', 1504454099),
(838, '5erdfppp1pa1vjaji8ajqpj9h1', 1504454234),
(839, 'gjpq7jfntvn11pq2uh9v1ts9e4', 1504451532),
(840, '0gjad3rqpkvor3l3k8042jkfq0', 1504451779),
(841, '22ls339j7v78a4lao0s83j2ap6', 1504451943),
(842, 'm2ut5f6jkqnkrhnb0r8suqqf42', 1504452270),
(843, '7atfm0eo007lqpnqm7ik3p0111', 1504452873),
(844, '60b00qnslpf9l020l5upau58u4', 1504455231),
(845, '8jl3m43rg2qpkkdbaq141kh9k6', 1504455952),
(846, 'tvflc6rcdm20156rvg8eec8le7', 1504457914),
(847, 'gp6k6a6c6h32cg7gul95nsqre4', 1504458113),
(848, '4q0j7hg0m4u8tj2bokfg3sliu5', 1504458123),
(849, 'fqkfsuerje4hjdgj18lmqomqj7', 1504458189),
(850, 'm2om12v678ekdopcb7q9b6nud5', 1504458864),
(851, '0chc7m3167e4uu1m9ajtjcv1o7', 1504460614),
(852, 'a6heg4h2lgl5pml6tj9epcdne5', 1504461080),
(853, 'df0gcerplv4qt66113i9idbjv0', 1504462561),
(854, '7h3l9usl1gf1h54ms99b3nad83', 1504464909),
(855, 'uba0frcfrrlv6gadarn9m3urh6', 1504465166),
(856, 'ao63e2hjp98hpgtpsgdlikf2s6', 1504465866),
(857, '7vr6avv3iqip69cpiv8mo8abg4', 1504466628),
(858, 'sn1su1h46am37d8re3n1a76sr4', 1504467462),
(859, 'nv8evoqs2p89t6mdu2e0gu1gj6', 1504467567),
(860, '5anah0djt2o9ir0lkmplunpep4', 1504468722),
(861, 'v9sp6gn5ns5mkqf84q6uk4uud4', 1504469224),
(862, 'q4efqc81h6jq5tho854du19v76', 1504470716),
(863, '9b169m50n2lfi3g5rpl33j12f7', 1504471823),
(864, 'qkn3ungafcihfvh62rp9jotmn6', 1504473752),
(865, '6l3541puvcv9kb7lhabovghk73', 1504474852),
(866, 'jk36fgi49abomlv2ajdp7ar7q3', 1504475756),
(867, 'umjiqtrst16qs9hu0n94aj2ts4', 1504476306),
(868, '4cefb2nmrsnimr65ceb8n2qe41', 1504476527),
(869, '49cmrb6jrbn6hr49vqvn85tso1', 1504478675),
(870, 'ihi7r4fvd3pfb7v9denva78873', 1504479269),
(871, '3qr537hg5ojekc91j7udu4h8f5', 1504480192),
(872, '187kqio3m8vckvuqcuveedfp55', 1504485073),
(873, 'n454mg7df3r9n3knis8lseb322', 1504486376),
(874, 'n7goh4f1khm1jcuch7snptosp7', 1504489016),
(875, '8d48j4a8e5moq0sq75k7br4gl3', 1504489843),
(876, '989njqilrkmhbjudd5sr77d8r7', 1504491532),
(877, 'ni8oco80d9sog2uaq1fjshn0u1', 1504495092),
(878, 'tacj1thii623hamqruk262r6e2', 1504495342),
(879, 'sir67rl16t1qh3m8rendde6c53', 1504497025),
(880, 'jd5p1uorgs6s1v0kbchg4d2la5', 1504504612),
(881, 'v13vvfa45b2vp43lbed5jj3fp5', 1504502478),
(882, 'fnrln2qdjjqduufrau8vrheld1', 1504504013),
(883, 'lf50efgisa1fs71g558ddhbh83', 1504504792),
(884, 'pkofbh232k3ien1ul3rk7o5n12', 1504506483),
(885, 'j4fjsnq6fkffgscvhd2g0l7jn7', 1504507227),
(886, '4ar18u17id7gvjcuatigvn5h51', 1504510098),
(887, '88ot72msrk8gff2lv0cvsu5o82', 1504514332),
(888, '8kbahgkti13j9l03ivbtop3227', 1504519326),
(889, 'qttc2rmrnvv7hm63op3f3tu1q7', 1504519691),
(890, 'ho94q4t763q3jggumqlgbgvfu3', 1504524216),
(891, '9got3p9dhcq4mqihis39lppsq2', 1504524579),
(892, 'v50ko78dboel326c7f3ne9s9o6', 1504529065),
(893, '0bevts5fcn5eua333842b41mn6', 1504530155),
(894, 'n2qi6co3rrc38e06rpgjbpnks6', 1504531114),
(895, 'a02kac8vg261321f0rmvn7me71', 1504532943),
(896, '4k296atfk57vgbbe70o2muq0a0', 1504532927),
(897, 'bpdbkbneu0sc31ok6egqsj7cb4', 1504533044),
(898, 'bp35b71djq9m0jiapkqjdvhro2', 1504533599),
(899, 'ggaq11r2d3cnr6kk5v0drjol14', 1504534630),
(900, 'km3vern2ulnd3j2vkrmv0d0ss5', 1504538201),
(901, '7ml912k6r55q38qhtp8e1bh1s3', 1504540103),
(902, 'uni0a0n0stdkso6qsb5l27anj1', 1504539984),
(903, 'j891n22k4ve44556at8vlqc986', 1504540057),
(904, '75i2dolprg51tgmjdn86vrlve5', 1504546917),
(905, 'fo5g0j0441ge4dnd8bradv32e5', 1504542204),
(906, 'p712u2aq38u2qcga0v1cem3hf2', 1504545031),
(907, 'egdh0c7f0ve4ge2k96emq06pr0', 1504546196),
(908, '2p930c7e4k0746n9htilni5iq0', 1504546517),
(909, 'gh8apsljkpp5lg1njcuhq1dv86', 1504548857),
(910, 'kon8ao3joco7lb9g6otibbqtu3', 1504553771),
(911, 'rfbhjfkcl423okmrvac2iimjp6', 1504555564),
(912, 'qss2ivl6j8gd9hlm7pdvvusoa2', 1504562595),
(913, '460dpjcsn31142jtn0bgfp7a72', 1504563346),
(914, 'u8hqrm56q1onh6s8lbrqp6paj0', 1504563708),
(915, '0m2ln140cv5o84jdj7bbrpgt45', 1504563827),
(916, 'vpcblb2r102fe91sbgm0ob0o76', 1504566193),
(917, 'v3aq1t47i34hacvvnacd7m3ti3', 1504566818),
(918, 'k8llpvm209s2ur4abfsbrcpp42', 1504569542),
(919, 'me6fjtmi2sd8hhaq8iilf4qfd0', 1504571046),
(920, '87ifuo3bfi5ts7vba4n17mt7j5', 1504572438),
(921, '88jkohun5bamgb4oldg59f2aj5', 1504574736),
(922, '18n8mi6shj7u8jfj03ooesnf22', 1504580464),
(923, 'njk75v9qs2vgjlaffrvbgbnlp4', 1504581378),
(924, 'et99ktactmr8nvariatldp3nu3', 1504582034),
(925, 'rgt635tve46ajlmum7ii36t0v7', 1504587208),
(926, '9nb3nhvmim3n0lklcgk1e42c37', 1504587599),
(927, '5m5fd27p2rehujvc1temn7bv64', 1504590158),
(928, 'utqupj176dhe086d0sdgp1tqm4', 1504591252),
(929, 'dk5rnv7ldccui3fdht7u5gap33', 1504594573),
(930, 'ap9es95e99qefdp7skki1puem5', 1504603809),
(931, '4m01iuhnr1k7buvn4aqag1oeg3', 1504605397),
(932, 'cd4qp9cck7o9qc5dt71cpv6jt3', 1504605471),
(933, '1tfell6i6ngtlsjhfvfqbrk492', 1504607559),
(934, 'dt4c8n1nrolgp14ocfnn4aabq6', 1504609409),
(935, 'f4kbh7vrvne3750bqblk38d0v2', 1504613662),
(936, 'etftdcpkrpvpom6pj6nf25i612', 1504613665),
(937, 'j228mlvthm9459mgf1qcqd8mo0', 1504614374),
(938, 'dfradbbuem23f8qt2p5rg7i245', 1504614737),
(939, 'julfjb8m590nphmh87vrdomol1', 1504615113),
(940, 'hb52soeke4nk0jdsp8amsvagc2', 1504616638),
(941, 'gtpecd6g2jc1f3vdmho60030l0', 1504617091),
(942, 'u4ch4etu38kk9k6uo9sm2a9c90', 1504617340),
(943, '1jjts7j5gugjh8u1otd90sshr0', 1504619030),
(944, 'vve7f4m0h6uuaqbhk3i8u39fi5', 1504619494),
(945, 'ndffsf270s80ivndqd0av6uo40', 1504619858),
(946, '33k7eml75ua0n0qljihrted8q1', 1504620083),
(947, 'qjt8lgj6fgf82cpk6u9smn9tu4', 1504620683),
(948, '8ckkvtdjqccvl8pupd0ttcchp1', 1504621508),
(949, 'sge1hkobgoc8ks6lfo70inru66', 1504621659),
(950, 'cen3s6k4to2p5dgkbic975vb71', 1504623835),
(951, 'lg3n6m1iid0ofnje1vapkj35i0', 1504627106),
(952, 'vm2r0po6n3a7hpnhctkg8q34m0', 1504627582),
(953, '4he4je36l4emohbdqe9aptl6d7', 1504627732),
(954, 'hpa4msqu5lho5b8skhmhmpu987', 1504627787),
(955, 'de407r238bc55p06bq4kf69297', 1504630586),
(956, 'p9qnt60cppbkpp0hqugp8anmk2', 1504633909),
(957, '970vm79pl4nqr8o4mviaan2kp1', 1504634033),
(958, 'l5mbjlrsrrdnsv2o9jgctppsl7', 1504635264),
(959, 'qjuq6kj7c7r7tl04d11ugdp8f1', 1504639110),
(960, 'gqcpscel5boo10khhcg821icn1', 1504640082),
(961, '65h70fcsmk53nnianncitubqq7', 1504642513),
(962, 'v1025tkd9mcqg0oqqkii3qkhf1', 1504643995),
(963, 'f53fa7hlqphbg3qg95e3krot14', 1504645333),
(964, '5phm88gpeqhmkr2lp5cemftaa4', 1504648827),
(965, 'h5iid38uph2vqbak0jgj1dmv60', 1504651029),
(966, 'hk9k5e3k5i99jjc8qc9puqf9v7', 1504652445),
(967, '5vcij7ht0jf4g3hnel4mvv6tb5', 1504654294),
(968, 'qrt4616m6irm17r6p2j5lk5li6', 1504657209),
(969, 'vb101qsve4bs2vds7cr3mhghg1', 1504659857),
(970, 'n2sjqnmpmrublj81stmne5aft3', 1504660750),
(971, '55bk3iju3k1hinb9g8vm84p4h7', 1504662596),
(972, '6v8qss08mt1lea2anga435tiu1', 1504663116),
(973, '8v0t8m9qcl0aeb9a5qh2g7fo76', 1504669651),
(974, 'cl57te4knbq3r7i36942o8p687', 1504670092),
(975, 'u194i2iuhnk477ina3fu7j2uq3', 1504670513),
(976, 'mo282s4v7m1m30hkog9e3n59k7', 1504670702),
(977, '4gan6mqfaiaviote6padsbna44', 1504672306),
(978, 'u6b8ou57i5vft5khf0nnf8rl20', 1504675425),
(979, 'qd34nslo6073gjosk4b45a8na7', 1504676373),
(980, 'bgbocmp40vkvsfnjfs861jam85', 1504676727),
(981, '5t8te93dfgf25hugk4rqij7de5', 1504677681),
(982, '83ughhcqp1e5u5qhkbmqk8fhj0', 1504679140),
(983, '1f04tgcrab7td3uaar19u16n52', 1504681907),
(984, '65q291c3n3bujuvjmp8tbu05i6', 1504682871),
(985, 'r3jabvcd0aefsebcv9dlpi14c4', 1504684053),
(986, 'draigk87okvnakegtl0jea4v01', 1504685088),
(987, 'o4hsrutr1snrqff747k7ap3662', 1504686633),
(988, 'qo634c1ftba4blsu5rs8l4th94', 1504689322),
(989, 'ihgf1ko1upc6sdbsou0bkqv7n6', 1504692578),
(990, 'ath1vpoooggubag88fnsrcd8u7', 1504692590),
(991, '1lb29v9tekp325p9proo82a5l6', 1504693393),
(992, 'b6clb5cvapl4sq274ja4bvko66', 1504693733),
(993, 'vaf3162q0rgvjg962o28cbspq4', 1504695082),
(994, 'gg7pt54c15a35canahrb9a5hc2', 1504696364),
(995, 'ffukgeu8nlsq20knue2dc6qot0', 1504701763),
(996, 'buf9n8vcsve2l7p48avjv0nn73', 1504701776),
(997, 'o9d8399grrcbg5i475p0cc94q4', 1504701893),
(998, '9d5ka8bjajnvj37mad9ad9g5s3', 1504702623),
(999, '0ohb3j66vurv2buebjb2o6arn1', 1504704847),
(1000, '5lhp4jp5botqordk9it03obum1', 1504706079),
(1001, '48vll9tndrh5s3t32vd86qeui0', 1504706141),
(1002, '4jsaht0o8t2g6vialcpmq1rga7', 1504706425),
(1003, 't61dkrgs36ph2rfu5shse60r20', 1504707743),
(1004, 'bid7v8g3a9usujlcon8t6ds0q2', 1504706676),
(1005, 'fe6q2rsg140eer3mq8g5cj92e2', 1504710190),
(1006, 'emqtpri1oocqe0mcj7h6cd7ta3', 1504710377),
(1007, '47fmbn454ajnmb8196sv01es15', 1504710625),
(1008, 'l70srgg1r2ednn2ogtbrootrd5', 1504710675),
(1009, '131n6u0cfl3piku0c3bdsn6cu5', 1504710689),
(1010, 'aajtdmfvf9q4100glmkh93sjk6', 1504711585),
(1011, '6hojknelkggnpgdqi11aqft2j5', 1504711608),
(1012, 's1k0htv7v535ulson57uta5dh2', 1504711894),
(1013, 'bmobaarrb2qf7di4ll9a67f1l5', 1504713116),
(1014, '8g4u481s3d20sflicp67shi3q3', 1504713414),
(1015, 'cg27mvloitkpgs7c7ulh5ipre7', 1504713596),
(1016, '3rh40ckn3r45v73o2u9f41pv40', 1504714948),
(1017, 'l21lqusvk5tkjb25vjrldgtpr4', 1504715151),
(1018, 'vq3s1vi7b170srpj62rs9eh9h5', 1504715600),
(1019, 'u69n7qe2pvd8ckm7c15cbapb32', 1504715835),
(1020, 'tjo19ljd122khb4gt155q1qe24', 1504716774),
(1021, '0ktdtvf4h3j7g8vnenikqq11i2', 1504717283),
(1022, '7qgte5qb2t94eid5sq1td4grh1', 1504717974),
(1023, 'us6q2vjlh5582b2vt4hkk5l557', 1504718551),
(1024, 'qd885c66o7i3e9tv32t3nk0s50', 1504718649),
(1025, '3ru1ha8ck3u744a63np7fdo3k0', 1504718928),
(1026, 'f13bfavmoqs6vhee3p4dm84jb3', 1504719563),
(1027, '3ls80i89128fopcdp2qkp1hgi1', 1504721049),
(1028, 'mp70vftvtf47q7hk4kc5phnsm1', 1504721811),
(1029, '5ehqc5nngi311t24o40s1cmaf1', 1504722637),
(1030, 'ubg1fetqfejen0nsigltt90423', 1504723091),
(1031, 'j0jf0g2hc5tlbvh5fd4ll65vl1', 1504726722),
(1032, 'qosc88nb362coqnln66vp1s7i4', 1504728167),
(1033, 'uu297l6ntmehl4b6on9d5j44g6', 1504728312),
(1034, 'qpntvih42io11c8ob153e3eku7', 1504732175),
(1035, 'e2tot6dm8eo5mlmidughcdsl82', 1504732407),
(1036, 'uab653t4rh4j9jva7pqib8cgv0', 1504732414),
(1037, '4akb4eoklppid3seqpa3b2ghb7', 1504733065),
(1038, 'l9nnnh6q3q652cpcom6g1npla7', 1504733934),
(1039, 'vo6hmg7om3oegc68nis6gjvdb7', 1504734193),
(1040, 'vm9hlcpmfiqd3dhh5r5t4okhr6', 1504734213),
(1041, 'qvv4k2et21865j5rnfnb7gdr64', 1504736385),
(1042, 'nqujj75vtk3nh480jeck51t6k3', 1504737619),
(1043, 'ibef36j340ldeu2lo27s3i6s30', 1504738754),
(1044, 'egdvf3577803ri7o1uf06cnf01', 1504740116),
(1045, '00uviu5fph8b9psi65g6vhacl4', 1504740570),
(1046, 'lgra59gnala0cv36ku3uroo0j3', 1504741765),
(1047, 'kug9qs12qahge1r8svn5ni6rh0', 1504743747),
(1048, 'oqk9i0b92t13l5076qeh29fmu7', 1504744936),
(1049, 'bb5pdpn7t8dr92pegq4ftqlcr7', 1504747406),
(1050, 'imp39tjfp4u4pkg8lu139vbdp1', 1504748018),
(1051, 'df6d6bq145a5ra6cu6e3v3au42', 1504751601),
(1052, 'vfdu52rp9fu0revulkser3k097', 1504752586),
(1053, '55gren5b98389vn34ijbktq1b7', 1504759091),
(1054, 'cf01millkmsjbqh6mm1vaamv67', 1504763116),
(1055, 'fskcnulnqs5ehr0p4bu0a1oid6', 1504764398),
(1056, 'dgu6mmnv5qt5t3ntta2vj1hov6', 1504773500),
(1057, 'nhuvgc8ema1hfhm3m8oe34s277', 1504932544),
(1058, 'v19vbm5psevbcfmntv9g1pqoi7', 1504775208),
(1059, '0df8j1c0f17alp5pukmt531dc3', 1504776795),
(1060, 'c6iskdgf15at4h3rp03ti9rbc4', 1504776834),
(1061, 'eiq1te9do7f2n8e92isp5gunj4', 1504776843),
(1062, 'rec4dqmlfhksn7assrhdst7kp6', 1504777322),
(1063, '1qfa3v0jdelitdiflgquku15e6', 1504778144);
INSERT INTO `onlines` (`OnlineId`, `Session`, `Time`) VALUES
(1064, '0aj7gp3fq8ht5jckjeajsvrfe5', 1504778501),
(1065, 'ac1qg9m93s0frtublckl5dv9c1', 1504779824),
(1066, 'dlhni3ccvdjtkph3ci4ogq1780', 1504780523),
(1067, '54mou87jgoap7kgnn8gmnasg82', 1504780990),
(1068, '8afquursmmrasl3f4tha2cc1i1', 1504782409),
(1069, 'kbehprdj35ttvt01ip7nq74b24', 1504784407),
(1070, 'altb28tul88b3ethlatj86om13', 1504784529),
(1071, 'k3k94376ttag23id3ed5o8rc95', 1504789008),
(1072, '1fifj999votlcfc4fnl67ia1k1', 1504789357),
(1073, 'idp5tg0gj4s4luevvjhohhlge2', 1504790204),
(1074, '4vqbn2n63pdbn8981qhgifhjt4', 1504791814),
(1075, 'g07j8deemscbtb2qe5u7gpo205', 1504793764),
(1076, 'vfuun5sjhsr826fs4ldok08g81', 1504796154),
(1077, 't8c3m106vrsl8esevkj6l5o7a2', 1504796821),
(1078, '11n4e8s4tb1eme8e1g5tusmo01', 1504798320),
(1079, 'n7sj67ukfbnb32sqf7o8aglhb2', 1504798939),
(1080, '3iphn5dkpucgr19juckl1ri2d1', 1504799244),
(1081, '7e5f0omcccvj9qron8l3qbt181', 1504799246),
(1082, 't15tdejk9no9mdlg1grnc02hn3', 1504799542),
(1083, 'gearl6p8ok91g4f3f373p81ps1', 1504801695),
(1084, '5l886sd9kbck40fvlo2op734r6', 1504802720),
(1085, 'i3l1adtr1dghdidnpttp7vr2m3', 1504802901),
(1086, 'rn7b7vrm39m4gos11m10g97bc6', 1504803524),
(1087, 'b92tim15uaq349j76unqv5n3f5', 1504949209),
(1088, 'rqd0391ub93vcv1l331t6vcda0', 1504804558),
(1089, 'l5aji3jeng1gktf1e20oruhrb1', 1504805360),
(1090, 'fufboknkpoq16shdapp5ij3fd6', 1504806320),
(1091, 'caolh12gh3p5hpt2rgal8j3hi2', 1504807366),
(1092, '0inkrhitm7qfjthcsaportl705', 1504807499),
(1093, 'vh94l1gpgabv6ucs9sgo9lh6s0', 1504808406),
(1094, 'g4apa9ah6pe9c3mtqpv4o5cr53', 1504808705),
(1095, 'esnn49f2aalupnphej7csthkh1', 1504808851),
(1096, 'a5haudg818kkq0iggk02o6fi43', 1504809310),
(1097, 'augpk3mub09d4bc1h3dn07q813', 1504809529),
(1098, 'qje03bke5pb431dtmgjndf9c76', 1504810834),
(1099, '2cuk47icfei7i59j20u4dtv4t7', 1504811134),
(1100, '527ep1r4t32f240lfg1ep3m930', 1504811163),
(1101, 'oqqad1apae94kns12ooh0g3ma4', 1504811249),
(1102, '7qdgd8llkqh9fojkm6snikuqq5', 1504813308),
(1103, '8otbj5cdridv728rjvl20n5qk3', 1504814065),
(1104, 'ohj5cgjo3olfpu42ja8n02f316', 1504814710),
(1105, 'crah06f6hatpf8dl3hloij5pt4', 1504814769),
(1106, '2g9su7l56qp611ft8bdkbfgu05', 1504814945),
(1107, 'u1k8p6hm9ruoth040f8o5inm92', 1504816883),
(1108, 's8aii5g7qtkml1gpo9decla2h0', 1504818168),
(1109, 'gr5ak6g4f9p6ns2rh7vvpf4nr4', 1504823457),
(1110, '46ipt0i68aqpb64uftg78c1b41', 1504828794),
(1111, 'semvj83u14hoa2rvfvud63gkb5', 1504830088),
(1112, 'aorli3mqjpvouk5684i2jsrh80', 1504830410),
(1113, 'q5miopdg3dr7lk2to5ih1ion31', 1504831588),
(1114, 'gd5fv30oev7skgt8k6s65ckn47', 1504831849),
(1115, 'kpaffr2bsnegn01hq01b8j52c5', 1504832143),
(1116, '5kbtv6kclt6e2g36529cas26h3', 1504832201),
(1117, '2529vl16lv9mrbqor7ut5b6hp2', 1504834693),
(1118, 'mveu1reej5ocii12v10st7i2d5', 1504835121),
(1119, 'id7ha8si0tl8d7ejjbhr12u2k7', 1504836545),
(1120, 'fhfpb8vcvqrs2f47jaqe02n4i5', 1504838365),
(1121, 'use9kkjbb3m1h73n5spq68khi6', 1504838541),
(1122, 'dc7mr45u4ibv7elv77m31o4pg3', 1504841528),
(1123, 'gfo3kl5bp4apk4u2491tro6it1', 1504847111),
(1124, 'q4lvd0em4mpr1hs1gk8djolft1', 1504848428),
(1125, 'u3fkkm8p911n1g2i8c871dmgp1', 1504849106),
(1126, '592to528gijtkguu531qg89e00', 1504849513),
(1127, 'iql9nlofshgs9v791r1i5tt7l2', 1504854435),
(1128, '4c7n7ut7vcmo05ql2purhkag51', 1504854437),
(1129, 'jkpgpu5r7pfkdo1124g6nimnr2', 1504854509),
(1130, 'n35gda2d1a6i2tn8sh3c6vn3b1', 1504855559),
(1131, 'oltf9erloin5m33vh5v9hbc0v2', 1504855675),
(1132, '4kcg4ooichvub8l7qrumd0v2h3', 1504857071),
(1133, '9vg577n0oagvbttc4v3fa3pot0', 1504857997),
(1134, 'mraeuctpr7qj9fc5a09khek9o6', 1504859837),
(1135, 'q7k8s1775d8qo97p8qmvsdumv1', 1504860486),
(1136, 'jenludtbu6i0rir7s2m9s3t2c6', 1504863501),
(1137, 'ab8t6p0ju83gf371n6efauaje3', 1504870201),
(1138, '1soeci4tnjarc79ohr9f5cc445', 1504877654),
(1139, '0d12el97mpue4sngb1f17h39g6', 1504889057),
(1140, 'kmoov1h6siclk647jjirdf7i10', 1504881953),
(1141, 'sd5ib35dkm5ishdesp1cvlqfm5', 1504886538),
(1142, 'j2ccvt7htqa0bh4f3pdrhq7ck2', 1504888549),
(1143, 'q6dbvij6mh6cg2hpiel730cb50', 1504889078),
(1144, 'qg9noiems49hu739ct7iplkse5', 1504890344),
(1145, 'c5aucnhjbhnbo6tq20pfr3kgh1', 1504892153),
(1146, 'opa06divbatr89c61mnes49gh2', 1504893041),
(1147, '3k7vq6v3mjujvoqqtvpbelv872', 1504893249),
(1148, '50nngvdg8o7br49t18fj2l5756', 1504896956),
(1149, 'la5ddc0fspm7cc196qd7t7ai93', 1504897729),
(1150, 'b8nb75vh5taacf8oqa9cavun05', 1504897562),
(1151, 'b1s3fg3d9csje36j66ukf69tg2', 1504904752),
(1152, 'njemrgtv4a4jbquss10an0ivi3', 1504906789),
(1153, 'b09j42bcjh9opokhkuftaokaf3', 1504908069),
(1154, 'pd2c3bc7kncaga8fp3lhqjjqv6', 1504915634),
(1155, '3d9icmd9t2d17569k7vh1lj5q0', 1504929589),
(1156, '1bbgen8a0b9ffj2h9l6v9csd05', 1504930693),
(1157, '9fl4gh14ai69dhgmurkrrm4sl3', 1504933361),
(1158, 'dqsgabi3m0fgv4f2spf4ejcei2', 1504934742),
(1159, 'rj032qb0j838b0n0g630hdlea5', 1504935361),
(1160, '21ns0k9aaf5s9peu8m6lipo7q1', 1504938740),
(1161, '8qn1q0dsmia27ms1jl6njq6a33', 1504942633),
(1162, '1fs7dneod3tu95td8oisq26bs3', 1504946318),
(1163, 'jqu2p82vjpv5sh4i78kbjqrv13', 1504948120),
(1164, 'b1rjk1g1kb58kfurrruqnldh16', 1504949841),
(1165, 'l8vco288h0s5k42uv1r01ae0m2', 1504950149),
(1166, 'f72hv7s2s9r76kggjmu61ap681', 1504950535),
(1167, 'h73vjg2d22cketo6f6tp95jie6', 1504952450),
(1168, 'ecvh91m49n3f5256vhg3upqio4', 1504955634),
(1169, 's28719cgjoud5dtpst2kr2bt94', 1504958498),
(1170, 'ecf8sc4596dmgiaa2thq0vunt2', 1504958728),
(1171, 'lq1duk566jbu5u267nae8vouq4', 1504964889),
(1172, 'gb8o5g4sg8hod61s266kashg65', 1504971058),
(1173, '6dp5ceu5avnkobnop0bqnbokn6', 1504975548),
(1174, 'l5gd2qk1k0991kna3dhoveea65', 1504979726),
(1175, 'sqvgfe0og3ku8uogsoauqba0k7', 1504981471),
(1176, 'hk6ru5jl65hhuspajpmk1dko21', 1504985324),
(1177, 'qjkq6ujermv7cuivvsugkoi6h4', 1504987316),
(1178, 'djqek2d5iuopfgqng7bhabm5i1', 1504990382),
(1179, 'foeba92e8uapajukno0hin59q1', 1504990459),
(1180, '2t1d4lloko15hig7qu1qvbo967', 1504990461),
(1181, '74s4k313o1051ibavkhiv3g7q0', 1504996434),
(1182, 'leshfojb4n3nm1589e2eukt254', 1504996487),
(1183, '9p596oh64fh8vvla2ihhmssi33', 1504999567),
(1184, '1hq1qvn8v4aqnkmolfdqlr2bn6', 1504999604),
(1185, 'dhas9r6sjsilrubae0692m0pa1', 1505000236),
(1186, 'lgmsl92kq18kg13c8jtpbfo2o7', 1505001598),
(1187, 'pluoot5s5r6dm2gtg66scvqq27', 1505002080),
(1188, 'jcjitjobpc28v94es7nka9cco6', 1505003651),
(1189, 'v4futr9gf27f6p290nbfe30op3', 1505003705),
(1190, '55jlrf68nnn6tk7s8bctoqqv14', 1505003759),
(1191, 'ojd433vnnrcmk17nd280s3f197', 1505008030),
(1192, 'gh8rret5i51o6afvcd89l5j5j0', 1505010760),
(1193, 'hlb9r5rb3cdmf1fvrjeqphc2v1', 1505012606),
(1194, 'in0agpds87sq09aegpihlk78u0', 1505013257),
(1195, 'sqv2fna3itppde2ngn2n9p2av0', 1505014278),
(1196, '6d8piire7uobp3id17dm2v69b0', 1505017831),
(1197, 'pt8huo9oap779ne1auk812utc4', 1505020095),
(1198, 'm1c82g90g0ngocmegfqq32b7f0', 1505021692),
(1199, 'jr8si6fogls66n67nk9jg1nn57', 1505021755),
(1200, 'l9qo40nha89mlgv8euu7qor0k6', 1505024809),
(1201, 'bnj0r5tviooh8jqpvuk8o1u775', 1505037908),
(1202, '3tskbvp14n29la9jk7o05vt3c1', 1505038816),
(1203, 'vfkp5ac08a26t2ma752a7f8dm7', 1505044835),
(1204, 'sceupe01m8t2kjmi3hhpfj3jj4', 1505045115),
(1205, 'jqk2d8fedi35pbl00eo9v8vhm3', 1505048291),
(1206, 'tls6kvckle22suib5nlsjgrpv3', 1505048559),
(1207, '9vhbitguvpl7713m0lrfdlim16', 1505050986),
(1208, '1d3gq70920elpn6nrggh4bsmd3', 1505053766),
(1209, 'j6cve2spse5ico8pmb0a0oo5r2', 1505058904),
(1210, '5nd28vqis62g385q8g0buvhih2', 1505059077),
(1211, '809b3egrhda7lbjs0fjk6gikc6', 1505066522),
(1212, 'nfb8k0ofne5m45e8ckcn3lenv5', 1505067776),
(1213, '0encbla81gflr3vqgfoas8sth0', 1505075902),
(1214, 'onj1ot6r6oo6rtgi45a9kmo8j7', 1505077743),
(1215, '8609d1599cegsaub7rbtmt9bk1', 1505078495),
(1216, 'cps1uckjf5q39qbk51uig4av17', 1505078627),
(1217, 'hih0u6vesbmk4u1qasuh9c1me1', 1505078632),
(1218, 'pje96nfoiqmqi1qn6hll1a2083', 1505078636),
(1219, 'sdcdapbllg528bc3nhes3d7nl5', 1505078643),
(1220, '7dg9qildf53e2m3td00pf2vfh7', 1505078651),
(1221, '18ke0nfpeaj5mpi7ea41chvh17', 1505078657),
(1222, 's4efbric49cnbmcfqrgvov6hp1', 1505078665),
(1223, '3urcvektq8atb80iqtk1243dd5', 1505078671),
(1224, 'q33vn6cjsifsl9jr7gt4qur9n5', 1505078678),
(1225, 'h37d14rtt1mib0age4igd7bui3', 1505078684),
(1226, 'trd3uehcd33jptf5t302apbiu4', 1505078690),
(1227, 'n0usc98q0bdr35hc5p9bicmbq3', 1505078698),
(1228, 'gab0mddjd2ci88faqlqjduk3k1', 1505078702),
(1229, 'tgvguapjpikqmnc4rsa814ace5', 1505078705),
(1230, 'l2paq2524glcnqgmklsea5ugb2', 1505078711),
(1231, 'aauuu2stiiiipbpsff4sbsgqn0', 1505078715),
(1232, '5d1cb8s62gvabk97a0qdqptre4', 1505078721),
(1233, 'rdhqlf2a5lt6nha0ffkjistra6', 1505078729),
(1234, '3s9ehkkmbtaqluorurhm4ndjt6', 1505078734),
(1235, 'd135tf34ivhab8g0u5jdr6ea76', 1505078742),
(1236, 'os54381cat13k9spkioah9eoq4', 1505078748),
(1237, 't8ncll0h744fdv6k8edno97ss6', 1505093672),
(1238, '4vn8gmv11f9vlg6dfhc5karc82', 1505102577),
(1239, 'vvl2bpa1chkp9ocn2inr33tac7', 1505103822),
(1240, '5ocjikvqlndsvqh1sfvj81mpl6', 1505120884),
(1241, 'se6m2c7pbeigmitdc44v62g271', 1505125783),
(1242, 'lpe0nt6r6ncecgiffb869gopp7', 1505132840),
(1243, 'r3o17tgv31toggkboslkuckps4', 1505134050),
(1244, 'r2bbato3mfoad7r3mhan96cnn2', 1505135487),
(1245, 'jhtc82t28tvi69mmb85i9ds7i2', 1505135988),
(1246, '0h948r3qrcp7epe121q4q68vn1', 1505136185),
(1247, '6v7jujpn9g6tjet2rapkoafaf1', 1505137939),
(1248, '4vsk8h86tn10idunkrhtqihv76', 1505139204),
(1249, '9n7a9vtb21ftqgh8hkes5c39d1', 1505141198),
(1250, 'l739jh2no8u7g20fh0qhrhikg7', 1505142534),
(1251, 'oe68qe5jkvpjhoeaat8mun26m5', 1505143575),
(1252, '7gmg71kfbi8g45fobd5j7rls47', 1505227083),
(1253, '2ntdel4nnnra1gskdv69n1l6c3', 1505146729),
(1254, 'bc8v28b25jrg2toqbrvhbum9f3', 1505149620),
(1255, 'n33mcv7r0o8ljtvoe9gm4km7n4', 1505150367),
(1256, '4dv04fkfcjuhtsq6j5scpmieb0', 1505151805),
(1257, 'oppmt8jcp9ug7qgmv01b5rjk53', 1505154243),
(1258, 'a0tsbn494i6s6tu9m1rh5amlr6', 1505155469),
(1259, 'ap2ea3u5tqfqdm88jku8a4vk75', 1505158405),
(1260, 'aoudiano3pll210lde98iae7b2', 1505159831),
(1261, '14kaddtd4cqtus2nljn56aa7t4', 1505159834),
(1262, 'e8i71fs44vsaeekdf6irc6h617', 1505159837),
(1263, 'b3i4jhac02ja5df1l8rjvoo1s2', 1505159841),
(1264, 'hc997eelh68242u8g748bvpi53', 1505159857),
(1265, '58gb35epltns0pc386smj6od24', 1505159868),
(1266, 'mahgn7bkee3evth81eno40m8g2', 1505159874),
(1267, 'lm0v1hp5a5fqdilf8703qgc6c3', 1505159877),
(1268, 'uek334eakrqmturd0bertpe391', 1505159882),
(1269, '99im1jnnrebcf0p8iociqcalg1', 1505159885),
(1270, 'lbi4i81vd37bubkq8t2fh90k65', 1505159888),
(1271, 'css0a69k5m9r6essc9isf9prg2', 1505159894),
(1272, 'el6t0v3dkd0ru0p67c30admsa1', 1505159900),
(1273, 'n94li78kcs1mvjgq48mj0jcj91', 1505159904),
(1274, 'i9ve2dvj8029odlh6vudv3l1k2', 1505159923),
(1275, 'qncomeqcuhai1mrq0f0u4brtk2', 1505159932),
(1276, 'p033jalqah993qhpf24dm4rpi2', 1505159936),
(1277, 'oeh288u04vdif8b6nv7ri3si34', 1505159940),
(1278, '4t0odir0qbrc430m2lb5pql5t3', 1505159943),
(1279, 'hmhc56umpdp150gh3v2bmc5f25', 1505159945),
(1280, 'iebulkhfar1br7jful1r1tq487', 1505159950),
(1281, '5hednkm49vgvsl9p4ki671lqu7', 1505163247),
(1282, '3kc0m0gs3tcndjm18h3irv5776', 1505163504),
(1283, 'd7ssg8b28q4toes7umls3giqn2', 1505165263),
(1284, 'psjs411rf5vka25s7mja78i507', 1505176192),
(1285, '7ud13eqc80v8mqpf7t1i4qi6r6', 1505177177),
(1286, 'bh5cqsvo9a5p5grb3ejhrgul33', 1505177942),
(1287, '5us2sbp1e02h045da0lkn4ajr3', 1505179165),
(1288, 'uha66ihjr2d26j4f8ick40g3f7', 1505185119),
(1289, 'qursls7dcloc0la9tt3s989172', 1505185360),
(1290, 'fk8buo0cs8v0ful5onhoncm073', 1505185686),
(1291, 'u8urd6t4k9cspf6o4og17oh9o7', 1505186013),
(1292, 'jm8p4qj5k5egruaj0pa9hci1k0', 1505186834),
(1293, 'mofdh901kg6lcmq0l7lacel2o0', 1505189684),
(1294, 'aup2ge5qftuea22dgvt2u2lrk3', 1505190091),
(1295, '0cd2im4th4qqvgkfpk01iajl41', 1505190277),
(1296, 'rvvfgvm7rb4nujt58h7tl7nt42', 1505191574),
(1297, 'cmvjddlstskjqhlksbj8qrh5p7', 1505191579),
(1298, '639sit1v2ccc60m34m1d6pdib7', 1505191799),
(1299, '4fput93egc37dtpa1nsepv3op1', 1505192777),
(1300, 'jmrq9fmp6d58qiq2gr8f87d6o1', 1505193022),
(1301, '1jotpth0nvposb73tqumv16ja5', 1505193361),
(1302, 'r8t4qco26m4cn64q624qbm70s2', 1505193674),
(1303, 'qe2h305s38p3ep8e6f8eofu4o3', 1505193755),
(1304, 'rann1h797l6gq2n4dbeih0arm5', 1505196028),
(1305, 'eie748ihsfhj6s1jr79i0pmko5', 1505197607),
(1306, 'oe7ik8lupbvr94boviie3fmqc3', 1505199785),
(1307, 'lmrd6t7fem4tc018sg4cndv4l3', 1505199956),
(1308, 'j1ua2l1f5qk3rvg0599v4g4031', 1505200384),
(1309, 'dan4d0tvego2cphvtbkoqb4fp7', 1505200419),
(1310, 'j3g7ar6v8gp7ardsj02mr691v4', 1505204445),
(1311, 'og5gkrdsiguqhgufbud97869k1', 1505210279),
(1312, 'nchgs49h0lhhvffaa5vht9e914', 1505212013),
(1313, 't62pv51cvr80goqi4i3t9i55g1', 1505211632),
(1314, 'ikecjb0vsu0kj61sebr3dj8gb5', 1505216996),
(1315, '042eu2do4cm84vv64e9khdc6u0', 1505220487),
(1316, 'u84v9fd1741gc0bcdkm8d0ec61', 1505221042),
(1317, 'kqucnd146igr4hsm4v7388jtj6', 1505222494),
(1318, 'mnvqgpumoln6anh4gak12n4206', 1505222518),
(1319, 'b73puffvch27e5qfgiufq1le87', 1505223106),
(1320, 'dg9i0d4ik5vkuevjrpgg6igm04', 1505223559),
(1321, '878sk0e4q93l7fr5m5l9m9ljq4', 1505223934),
(1322, 'qn6lh11g8bg4ghg8ur97ud52t4', 1505224435),
(1323, '9j1vngoiejukvuk0n0pho02od6', 1505231869),
(1324, '11b33qgghvdebq9ttnk1vj9tk0', 1505413889),
(1325, 'u2k9j78huavq5v77guvc080mq0', 1505236836),
(1326, '5s4qn6scatc9k5ndut2vavs3j1', 1505240118),
(1327, '8hvktdkrqn53v0f1lf6c82a3v3', 1505245883),
(1328, 'mditvhf693aauqpf14fsg302e4', 1505246619),
(1329, '3r7862rjq40jlctab4rhe06k25', 1505246820),
(1330, 'h5d7426hnqc4n8t0ngn84adr35', 1505249394),
(1331, 'd1dhfhkirub2urvg3km9lm5o41', 1505250389),
(1332, '5ph2rll2u15ajd58om3mh2s7e7', 1505250444),
(1333, 'u6tfgr1e7vm2uomdbmvl2435s5', 1505250556),
(1334, '5spk5nq2nabb99i855dtugbn07', 1505252249),
(1335, 'l4t1uoelmco71j5l5uv9i1kg76', 1505258470),
(1336, 'osqkq7vrfa6k96uqjadl1s6334', 1505258584),
(1337, '519tiqqev11poe0p3fd15llts2', 1505270356),
(1338, 'k8tvrllqbt55u7e75bomflfma1', 1505272870),
(1339, 'jqabqjv29hgb26s53j522kv5t2', 1505281272),
(1340, 'v4jau8n2j13farvb4q5imuq250', 1505281879),
(1341, '9ppfrh31un7kt3t2prbv9bpso6', 1505284994),
(1342, 'lk53g3b1t5hveha5iskg7hucb7', 1505286237),
(1343, '3k4taf8ut0lr3fk0tbue6nscf7', 1505286437),
(1344, 'lcvdii747jpehdq40htm6i6jm3', 1505290191),
(1345, 'guho9s5fpt75g1in4tijhmglf6', 1505290759),
(1346, '7i5mupudpsnalgn3q3pi2rbn44', 1505290836),
(1347, '1iq6dloph3mb66ajnq9luu4hb4', 1505295346),
(1348, 'nu8o2ve896cnt4dum91npdaf17', 1505300777),
(1349, 'ouc09co4c2nmkrin50jhnfah07', 1505302631),
(1350, '639l8v0qgulu0jalvn04docp74', 1505303908),
(1351, 'q0kk45t0flrr45eobf0rms97f3', 1505304100),
(1352, 'ou7h338mpuhefsidc6fbk7en30', 1505304961),
(1353, 'rgo7d9d6cr41fqqull1fng0e93', 1505305354),
(1354, 'f44t2snscap0i73g9afj1t3s53', 1505336000),
(1355, 'l5e6a93pqi9vl9kp2ong9vc3b4', 1505307172),
(1356, '2ilprmipqhlbtiftvpk4a905c6', 1505308588),
(1357, 'g0qf3h7rsueno0hilh3s5smn76', 1505309981),
(1358, '1m3j3nhnofi24jch2kdj14cun5', 1505313225),
(1359, 'itfpkcn0oh4o5vp0h7kat5c1o5', 1505320113),
(1360, '1le5hi3bvbbgqqi78pbtqc8nv6', 1505321592),
(1361, 'tb8hqha9p88lm8vtqrh4qdusi1', 1505323494),
(1362, 'puragfhhni3aqhj6hlcdft1la6', 1505323876),
(1363, 'c85gep9jeelat5ds84ml20n8g4', 1505326446),
(1364, 'tajrtdj2qh5g3vh1biq6bm4k37', 1505328351),
(1365, 'am8a3vjiib8nh1eqp08nfdu750', 1505330527),
(1366, '00a3tpv1u6udfhqd3m3h0k2754', 1505337532),
(1367, 'fe62q9qp1a1aj9mc5du0dqrb41', 1505338675),
(1368, '1vev1gb0f10lceg7726cmo0ou6', 1505339862),
(1369, 'ruapf0ng7fek00ldhvrmo067c3', 1505342721),
(1370, '725iaeulmuldoi7tqikgmuonq6', 1505344668),
(1371, 't04dtcso435svb4ks7ccsr52b4', 1505349696),
(1372, '6abhsljqrpu8k1a9mjb1jroip2', 1505354109),
(1373, '8vh68r479mmphd86goku3pmti2', 1505356045),
(1374, '80114l0o4e5tltrb5eqcv2m0m0', 1505357610),
(1375, '1enpnfm18i5qpk3as5g5etejv2', 1505358979),
(1376, 'gd60p9k8mkcj119icjki03gii3', 1505365156),
(1377, 'q603unpf605obttupeq7q2ccd1', 1505366414),
(1378, '223vvmon32o87t3u52hslrv7k1', 1505369059),
(1379, 'ctfmmj2qi8lj9aliquuo86lo62', 1505371645),
(1380, '1587qut0sgv5u093pnvouldfn5', 1505371741),
(1381, '3qspcj64tkrqu4q7jt9fcequc1', 1505373224),
(1382, 'j2mfai4g1igt17q0mg02r7oop5', 1505373875),
(1383, 'itikc49r1tobnockicdpfquak4', 1505373769),
(1384, '0il5n25u02roevpotipo10v501', 1505375376),
(1385, '6c76j3q919kbd7rj78buk15rq5', 1505376273),
(1386, '2hfgpdtq0c24d4bi54au5rtdi0', 1505377189),
(1387, 'uls9gn6jkbaufgg4gpcpia0gd6', 1505377254),
(1388, 's0uavc0g4uv5kj64b9p3rdf7u3', 1505377676),
(1389, 'jte9los7lflhpd8nvfjhleld93', 1505378722),
(1390, '2t1r34i1dqodgf7l1fophf8oo5', 1505379214),
(1391, 'j1v907s4tikj959qvn646lvri5', 1505379903),
(1392, 'hf3insnuu569tvta57c33g6mg5', 1505379992),
(1393, '8q28m195p766l9e83otujg27d7', 1505382640),
(1394, 't2hm9ips9l02akfdv7bn6lv9r3', 1505382817),
(1395, 'lmf68fq1sa8akt393g3h1eef97', 1505385755),
(1396, 'b3t33bsf1os1k8bh5pc20e10h4', 1505386570),
(1397, '9r0g4bs9unst3pev7da27ormq3', 1505388267),
(1398, 'nhi0vvo081cbej8uvuatfts0r5', 1505391697),
(1399, 't49eiagp7n1dpqqbj29257otf2', 1505392088),
(1400, 'rhalceqgjpdrcblrhpuq5c0dp0', 1505393219),
(1401, 'o1mnqbfv850ne7a1mrgjku7202', 1505393945),
(1402, 'v52eod9e4hkpol5bije15fj222', 1505395932),
(1403, '2madsn91frra3af4hpflf3mit4', 1505398802),
(1404, 'vc1qcdhlek7fosui976ec3eeh7', 1505398930),
(1405, 'e8gid01nvjksboptdup7bugbt0', 1505399022),
(1406, 'i1icfg94m4ddthn3lf5n8u0as4', 1505399380),
(1407, 'ssghltdqrtjvlaian0235hi1i4', 1505399782),
(1408, 'dkrged31jglg0iki1u7no7bk56', 1505400982),
(1409, 's8mv3dk1fnrks9mt62cureojm1', 1505401185),
(1410, 'bf3snkebb59o3166ljr4ebkdp7', 1505404408),
(1411, '00068hii6c4to09idmmpnm5982', 1505404598),
(1412, 'eonssnkh8v10vllpgldfo11t76', 1505408675),
(1413, 'oi0hdol264jr4vt7bt641hd5n1', 1505410108),
(1414, 'jcdbm1e87d4693llraq6auo490', 1505410177),
(1415, 'd2to2jvtqo5kcn2dsiaa5g4tu3', 1505410642),
(1416, 'eb1gmp9n419sau123edsldmh96', 1505410764),
(1417, 'j6sslkvehe7hh0sb2cr2k6ekn4', 1505415106),
(1418, 'i0cg80qvkguecl8b5c6tcl30a0', 1505416119),
(1419, 'g8h45cc6gaktqs03ta13mct3f4', 1505419348),
(1420, 'p0dqjumrshik10st24el361qf1', 1505424962),
(1421, 'jk0rf73qgbm7rsas6p6lpv3lv6', 1505425806),
(1422, '8sni8ua6ns6f836rcgt0dn4vc4', 1505431264),
(1423, 'htd6m1p80fp87ohcqig6i5jsu4', 1505432529),
(1424, '466n9fq7ijd5n49lhjng37hbm7', 1505445210),
(1425, 'be3jm4diqu9opgccla5mo65gs5', 1505451705),
(1426, '5dhipp52j7cc3it67pae8hesb5', 1505449300),
(1427, '4obr31gcdc096sq6mnhu9joco6', 1505449612),
(1428, 'g69ootteh4nceg6sg4cfhcc7r0', 1505451405),
(1429, 'o623oe45m8jurmnjlci0iahth0', 1505455265),
(1430, 'e1quci6b9nqrj9sqpqlel3ftt5', 1505455919),
(1431, 'jofidb4bqem3a8lvos8nf6buq7', 1505456192),
(1432, 'e2ao38eu7t8dgpff1gumbb7kl3', 1505459157),
(1433, 'kp91v2gllodroajqv0tgpe9853', 1505462173),
(1434, 'ehn3krbbmsqbi778he1ukphov0', 1505462297),
(1435, 'd3e7jlniqdgsld2a7ml2kr5pv1', 1505462624),
(1436, 'qd81jhs8dr4j5pkto4cu15i3a5', 1505464136),
(1437, 'j483oq5oq0erfrjeimhq1mdcn5', 1505464209),
(1438, 'u3v81fvioufqc06lchta93rkl4', 1505464321),
(1439, 'sc1q3322ridcq3purle1gdqjb0', 1505464415),
(1440, '5b45fdjonpj7j3dot2h3ad12e1', 1505465793),
(1441, 'gpsfaa1co7a62dna2vhnhbhjd2', 1505466055),
(1442, 'fsnsaq5fruve61mfq2bv2ns2c2', 1505467344),
(1443, '9pjv1n9cu48td200poc4qc4097', 1505467840),
(1444, 'o09i595q7e8ifrmssiqm3t1cq6', 1505467996),
(1445, 'chk4a56ua0tev0afnlns18c920', 1505468273),
(1446, '4gf5idfbko5lrmnku97g0gru34', 1505468385),
(1447, 'j9diba0sqe9p84gvmhn52d5uq7', 1505468539),
(1448, 'flebvf789fdv92r3dcls984se6', 1505468778),
(1449, 'tsd1j6r2bval8ofv87rtpjk267', 1505468962),
(1450, '25pgknkh439k39vafhgp7m8ql5', 1505469078),
(1451, 'skqf35meeihii0giqgsg9uj2u1', 1505469078),
(1452, '9j6d78358corlbu783s2qj2gr0', 1505469083),
(1453, 'b3b60cgetb7soupfjvn1018ip5', 1505469311),
(1454, 'n6ilvju1775k68ask5fk6ilia7', 1505469391),
(1455, '1vn3q9cuk70omid1gks757fmk6', 1505469391),
(1456, '5vqvhofhiap8qqtt459pf3hm96', 1505469412),
(1457, '6uci8590envf1t1c7vuh5fa043', 1505469416),
(1458, 'nklccdp1codnh9u5fcjm1botn3', 1505469446),
(1459, 'nro929sdj5so6674sejsphm186', 1505469447),
(1460, 'rpvbgjl1ada3vsbgbtrrv14oe3', 1505469459),
(1461, '00nsl7c9p33930pq40ml2hfpk7', 1505469484),
(1462, 'evi3bq7ce0mm6fhp53ej35q9c6', 1505469518),
(1463, 'q8u79o199vqvui1uqc9h7v9be2', 1505469555),
(1464, '2dj4grdsiqvi795r854k8m5116', 1505469575),
(1465, 'fa7v2au4c84ml31qaovd3n5kc4', 1505469587),
(1466, 'fc83ng3t32or0aeh5df6kfubc3', 1505469611),
(1467, 'j1l0fria97rk12q6bui4eolse4', 1505469623),
(1468, 's9u3e99illmb4e7ffgj8ietfg1', 1505470063),
(1469, '1a3sd98aulv7e3bmple7hnhi02', 1505470674),
(1470, 'jem2bta2nvefkomehuf6255kd5', 1505470980),
(1471, 'olv3groevohbaqdimqlg4j3rh1', 1505470980),
(1472, '7jkookcj8k846qc6e1kdogc316', 1505471744),
(1473, '92mhahv03d35o38iin3l6me6i1', 1505474639),
(1474, 'ei0sdqp66r9snta7rn4vjej0k1', 1505474834),
(1475, '7b623onbe2jvos3oj3an30ck91', 1505475195),
(1476, 'a5hla8e099f45nqhudun8csjd6', 1505476608),
(1477, '374smgksi99jul895qlbpoqkk1', 1505476751),
(1478, 'bklbjkiel3auec40skq3us35l2', 1505476779),
(1479, 'sbmup5g8bh0sfja21pdan9b692', 1505477115),
(1480, 'ekl9r1rpae2rvhcs0a93nbkk17', 1505477721),
(1481, '7eveg5q64t4sd0npj5uf7uiv95', 1505477981),
(1482, 't5t0qbu4948d4fsg20vtfkjl36', 1505477995),
(1483, 'ulnlrmhg5hb9m575kb9qe59hs7', 1505478181),
(1484, '8dreigjakr3t0v56194a34s8q5', 1505478406),
(1485, 'i7c3vh8tbjl0ocl9uaiaoj47m3', 1505478679),
(1486, 'grik07g302khe20t6nbj6mp6c6', 1505478918),
(1487, '2qpjdhb3j171qujv2a355d2sl5', 1505480310),
(1488, 'mgreib8kl17bejnnmagssmmpn4', 1505480534),
(1489, '2tsps4bcblsh555u730rnnm4n4', 1505480575),
(1490, '2omecor4o68kc6uf20svtfmj02', 1505481155),
(1491, '0orioeea5b269s8op0s74a15q3', 1505481482),
(1492, 'qj76arkpgmp6u9spj3t8uksvb4', 1505481473),
(1493, 'j3m6e3js4esbica108ov7002s4', 1505483023),
(1494, 'cq1knfqa2k6hu18eev8v4o4fl3', 1505483328),
(1495, '7or3786ln39h2rt5q81fnst696', 1505483540),
(1496, 'bhs8mchhgvl7afcs3vh8ovkje2', 1505484191),
(1497, 'c1n2hhut0m6egm6pqact2tf5d2', 1505484377),
(1498, '9h44aaqpcif8q6nl65oh5sft83', 1505484940),
(1499, 'scmda30lc0a76ofn6e0tgonsj7', 1505486601),
(1500, 'cs4htbmv05dqeoslsolj0ta6i7', 1505486632),
(1501, 'hkue9isaruu8n2pu7lrb3m0rk7', 1505486642),
(1502, 'c0j7rje4fjfb5v8c5svm28rb05', 1505487753),
(1503, 'ju4vn0gsnu0o5gtgrj90p65812', 1505489362),
(1504, 'lhic7ekbm53rklnf09sp3vr926', 1505489598),
(1505, '00mfv02cnjn2ascdhkignuoh07', 1505492894),
(1506, 'o300fjdtg599rof72esc2u1q23', 1505494546),
(1507, '8tg80t8j5vcrh1l1qbo0mk0v92', 1505494564),
(1508, 'skivag9bktkiq2gtj416ih20l4', 1505495246),
(1509, 'nhje0api8q49961sbgiua9pl71', 1505495264),
(1510, 'vkg8f2basa5uujsf24f92kmv24', 1505495342),
(1511, 'k33iomt221nq77234ng4mpfto0', 1505495781),
(1512, 'n1t0go579ne5gdkb7uvi72gek0', 1505496001),
(1513, 'e7i5e6rjk6k79hgc19kjhlm8o6', 1505497303),
(1514, 'ap96jokjg36kcofekl2qha6tu3', 1505498210),
(1515, '5u3mh111v91h9mqqnco57h2kr3', 1505498779),
(1516, 'etdvqnd5u26i4964aj67fdsu63', 1505499286),
(1517, 'kf0hs4nbh78alt2dg0nofn9pb6', 1505499314),
(1518, 'upnn8lrj8ml2aiqjegd8uuos26', 1505499324),
(1519, 'ih2iu0jttvrdn58rhvstlnang2', 1505500856),
(1520, '4h07a3c50ffl6khi2giceea8h0', 1505502857),
(1521, 'jqa1mam77qinrma7uj053haah5', 1505503821),
(1522, 's7c3eb5u9kvvu059rgmjnb48f5', 1505503824),
(1523, 'v45fph0t2ra0t3a06aun3uk1v5', 1505507119),
(1524, 'oo3b3vuke5uoap98fgmv6eo4e1', 1505507127),
(1525, '7hlhbv5piugofvgc8vbagm60n5', 1505507137),
(1526, 'km14hd642av87e3q62omnskpe4', 1505508573),
(1527, '7kue6vuuenrtgb4fik02qh9f00', 1505509799),
(1528, '1esufs5rjm8u1pqp1hmge5dvo7', 1505512403),
(1529, '508lua71nvc83js7rpfajvcqc0', 1505512763),
(1530, 'l95bv6ibng02aunns6o99aivt3', 1505514242),
(1531, 'c92uc4dnchv4rnsitsui664r30', 1505515993),
(1532, '73qm4u1sn9f72sqk5d0kuc5i76', 1505516011),
(1533, 'hp2t1kuti20td3d57tadf75e56', 1505516080),
(1534, 'vgl62rlb30demm1jbng1ants94', 1505516146),
(1535, 'em7109hq6crq091a78i6lfi9u1', 1505516155),
(1536, 'gfs7u7spoi1d2rlsm850b67bc2', 1505516851),
(1537, 'eoclhtq4cvorefh6nl2e687lm3', 1505520048),
(1538, 'etk1asrila5g8juv42j9v0ug21', 1505521327),
(1539, 'pt0bo9h0c1tqqles86a2sah5j6', 1505521834),
(1540, 'i0e5fc3sd6knhdr82llh48ps15', 1505523399),
(1541, '74johnuuug17tt4ivgpqbmus03', 1505524226),
(1542, 'jpo64cassvf50jur0nlfm3q0g7', 1505524845),
(1543, 'afipc22cb60dq3slucm6vs67s2', 1505526829),
(1544, 'vgcq9ocbbj8n3bsaggf8quurf0', 1505527329),
(1545, 'kv0mh2tmdds6vn806ughdubfc0', 1505529256),
(1546, 'a35u3g13qte99cvp86i4nssbv1', 1505530300),
(1547, '9km8e08qbdgvq2i74kum3j9ae7', 1505530888),
(1548, 'p5al3cu5ifltur1g8dfnl9s5i1', 1505533692),
(1549, 'g20ba68jnmll0aot2e9dfa86b3', 1505533866),
(1550, 'b9fgrkoo5j3m9cdnvd21i5qni5', 1505535753),
(1551, 'iumoqdbglhp0oi78u2e29vp1o4', 1505535756),
(1552, '89k5nrku55gacdqgducmutrq96', 1505536590),
(1553, '5nn1hvkd60h98ha25lfd9cv083', 1505537802),
(1554, '0r1pkd6mjcb6ceh3cnbnau0846', 1505539768),
(1555, 'ec2qu7ugl41gsqvso60gn7vef3', 1505540710),
(1556, 'ndp4hhjtampgtr5lfent2c2i26', 1505544862),
(1557, '52e8370jdakdebqo86l1t919u2', 1505544867),
(1558, 'gcj1fkeuha8oplfln5ambsj763', 1505546578),
(1559, 'gf3d6n490ph1krd9f0prjvo7s4', 1505549350),
(1560, 'ilpt5m43gnmtd9etdo2nv69iq1', 1505557113),
(1561, '8l4mg04v0pv898faecdrnkgok1', 1505560971),
(1562, 'jks2dcsd1uk8cqvjk643h6sde2', 1505562938),
(1563, 'ra56tc9h1ra8pa5podfa5qk204', 1505567429),
(1564, 'd3uj8enndmhu9jpfg80vub3u97', 1505567846),
(1565, 'n47pekt1qglghr9s6i71ghgh61', 1505569468),
(1566, 'lipa3f7tpscavkf31n921t1054', 1505577209),
(1567, '1l5trj1j12836qc8jcbl43rnj6', 1505580668),
(1568, 's3qkhejic6lo5ao1vbc3s49ao3', 1505581323),
(1569, '7fdrfaqbmrpuuq452b73l5qnp0', 1505582006),
(1570, '7vo0dpp2tb1edj3b0pnm3bgr21', 1505583442),
(1571, '5ifv0ocn8j7apgd9pgev1l1n55', 1505589082),
(1572, 'k65mct0nrggoeaomi3a2vo2k10', 1505594523),
(1573, 'h4kv9p4n4la5s4hauovvaq2hu5', 1505596903),
(1574, '491ibje84856614d7q7vsb9ap5', 1505597227),
(1575, '30nug801chfg790861019hcta0', 1505598860),
(1576, 'n9n8dfc1ocgc4djd8e558spsi7', 1505606258),
(1577, '80bsm6ccn6454hnr16f37k82e0', 1505614948),
(1578, '4nnb1j3hsdehl775jc1b6opbu0', 1505622156),
(1579, 'vku4eu2cd73ioqo5ud6kdiumu7', 1505622799),
(1580, 'kljtpu12cltuaf1aidc2iur9m5', 1505623152),
(1581, '57chkdhqmc98efvs7nk88kg544', 1505624208),
(1582, 'gfq8dpsc6265dkd7licftko9f0', 1505636739),
(1583, '5hg2tdnacm2e30pab1gdltis14', 1505635824),
(1584, '5n251j3ot49mislqhl1j8be9t6', 1505630622),
(1585, 't81ssa3sp5270ag1b6q0010n86', 1505631162),
(1586, 'urkrhfp0i5tdvafkaim4l7c781', 1505631222),
(1587, 'lq97csm9ufmef893dndijgesg0', 1505633406),
(1588, '6unjagafkjdocmrlujo60empp4', 1505634288),
(1589, 'j7e3d3e2j1dgreg433fflilje1', 1505635456),
(1590, 'upo2ieir7mbe2k7bbgrvg5run5', 1505638777),
(1591, 'r3ail8oj6vgjb8k91bkemn6u66', 1505639818),
(1592, '1ap22etntc63dcmj1mtsaf73q1', 1505640889),
(1593, '63arnblfegoi32fqlo8u6268l6', 1505642002),
(1594, 'gapf25qv20g6mhl0cmse34mhb7', 1505640961),
(1595, 'tnt4uaskn8bra74f6g12eome56', 1505642275),
(1596, 'dr8pp7dshvdbgckc9f3juaam31', 1505643940),
(1597, 'vkqlo6oq1njqgki5sg8k1ira76', 1505644164),
(1598, 'amrasvrd4815m1l16k7i6k3ip6', 1505644385),
(1599, 'cf0v94rpog575ud4js0g96tf43', 1505661041),
(1600, '43r6445k6rl31dj2qcg8mjt0o7', 1505652425),
(1601, 'sd1bun1fdhjfl2a0dtrb3qiit6', 1505653330),
(1602, '6c2ak99bfm4t8sc2ugda6i1j70', 1505655036),
(1603, '5vhntnj3ofltg91qq17uqi6797', 1505662614),
(1604, 'st8hu2hug65ckem631ikdl2lu2', 1505662467),
(1605, 'etjo84hlrqfambhs2soc0s5ha7', 1505663895),
(1606, 'lufu4io6ep2btlu8re06gefip7', 1505666165),
(1607, 'kfuj783kpitall8hu9sr9kv281', 1505670118),
(1608, 'b7kqp5gnh3h9lhk3kcjilcmtd5', 1505670223),
(1609, 'h44nphk8n110b9mos40va06jc6', 1505670844),
(1610, '8tpdham9riiaiug0ok7t66sa66', 1505670952),
(1611, '3b59v7t0ldh032j7vubefkp3l1', 1505671536),
(1612, '54dain6mvrq0aq84kquhtt48m3', 1505671609),
(1613, '96jcp73j3mr3f4ucmbua1almv4', 1505676611),
(1614, 'iqvc5fe0m5lu00tb62hqatm8b7', 1505676699),
(1615, '7lqcco7jftvkk9dn7254mmuhe3', 1505677803),
(1616, '6ng8j380tm76c46q194j081on0', 1505677878),
(1617, 'o7pajmorh42tp26sjfnvujnnd3', 1505681529),
(1618, '3ges9qnraofusudi9fquhf4uj3', 1505684594),
(1619, 'bf1igjs8vlcg209v64sd6dj930', 1505685048),
(1620, 'm5dlbnr430aj1m6gng8hrl7817', 1505687736),
(1621, '4dd14d9mt5ip73tps9hlkgkmd0', 1505691273),
(1622, '971rpmebc0gq7eooueql1vj8d7', 1505694304),
(1623, '2k5qe0p58uvqs1hnno2cikgbl7', 1505695006),
(1624, '493rlok0sehebq6u1alp7ldch1', 1505697533),
(1625, 'cqf0ptff6o2okc0dqnn6duu5h5', 1505699122),
(1626, 'kvhn6c5vhk9aa6e2g4gv5i7mb1', 1505700030),
(1627, 'gkb2cbeim5eh7iach4l17ub9o3', 1505700938),
(1628, 'om5391hbvto4vekfnajm7fggp3', 1505703141),
(1629, 's49mbrk2j1uno6stfco7fh9ld3', 1505703194),
(1630, 'o6qf7md99cfeuocp59qppjt0a5', 1505705469),
(1631, 'aqrlovd31gbl5mbla843dp09i6', 1505705504),
(1632, 'lbmqqbkdhu7pt7b9sv756n8ef6', 1505705533),
(1633, 'h3vap0tdia66jrfvuhpk83jbt4', 1505705761),
(1634, 'cp6o29nhbjf5gs4l04qcb05vf0', 1505706272),
(1635, 'k5jk90ogpe3femttr06doj3sf5', 1505710759),
(1636, 'o24as3kr8dunjn2hn4tgca3ga3', 1505712862),
(1637, 'lttap3e4qdqui3e8l1o47g4hp2', 1505713962),
(1638, '5rg6pjrltsd8tuj1bjd3ej1ao3', 1505721464),
(1639, 'a5u5jfpl0f3n8gbaja8anboae6', 1505725276),
(1640, 'dkofojls4e7n7eba34pn2r68h6', 1505731823),
(1641, '19bab8q022oaqbk8lku5v1lf45', 1505731960),
(1642, 'dmaa8vtm07ir8o11d3ghrpbc31', 1505733810),
(1643, 'thg25fmal2cfdg3p5sm52ovas6', 1505735068),
(1644, 'hb0vm54ii45svbt02lk5i6q8j5', 1505735273),
(1645, '77e5fn9g3be1bkjbaqkd5jftv1', 1505735485),
(1646, 'lbfrreapgbodc189v5fia1b055', 1505741271),
(1647, 'a75nk9aakemkso48tsqajdfah3', 1505742876),
(1648, '1do6lmfi7dj92m033d0if00773', 1505750912),
(1649, 'c2v10pufruc8mg9tm7f2i8mkt6', 1505750967),
(1650, 'vm7qntsl3n0jutvg38jjkejk61', 1505754070),
(1651, 'rdsjs72bjf3ibtqlle692kedb1', 1505754099),
(1652, 'ro3sk3moca9lvbmt8i406krmb7', 1505760767),
(1653, 's4ehq9qlq6us187vich6v0tqj6', 1505764981),
(1654, '5fl8v492rvls39umjo50hgjnl1', 1505765720),
(1655, 'c6vg11v0s0n3lfrcumdrjcdgf6', 1505766624),
(1656, '6gpsg74afhea9id28u1tkfam42', 1505769709),
(1657, 'q5hklk1bgfu6vklp538a6md191', 1505771784),
(1658, 'qdcol9nmi3ump2m1ofrqlr79d6', 1505777361),
(1659, '87tok7f434mijo7p6jn8c3ev65', 1505779385),
(1660, 'qlfdnhbf23b8ofjnicagvnadf0', 1505781011),
(1661, 'mvjr7jh6ffh2ua7596b0vdbpm0', 1505796340),
(1662, 'sce35c8u1mfubc29b3afb1vnq0', 1505798801),
(1663, '66gijcnm605eqv8adecivu9pf5', 1505803394),
(1664, 'ddd0dh442pv28s9h4k20pstju1', 1505806088),
(1665, '2d95ndjfpoveu3naljr1c340o6', 1505808426),
(1666, '7da1m52mb2uterrkr4imcu2af4', 1505809668),
(1667, 'p2slbm2ur0971oj5jrjosirmv6', 1505810875),
(1668, 'nbab8btrbfg7linprgfp3n2uv4', 1505811896),
(1669, '2l21hj2a4cq3va8d1chbh433t5', 1505813083),
(1670, 's5c9d3h4l6f69j41p8v787koi7', 1505813134),
(1671, 'l32029b2ago6rsqnrp14kdodd1', 1505813230),
(1672, 'k8c14n6h13rpq1m83pj8026gn0', 1505816355),
(1673, 'lro3ru3fq22r5pd4ctae8qcgb5', 1505819033),
(1674, '0hst70pfl7ksq8h3bkt62el9j1', 1505822232),
(1675, 'gm6ra87sice5guva65t4uqjup3', 1505824697),
(1676, 's6ito5sc1p580mjhtgij80q020', 1505826124),
(1677, '4qeva84vcpfu9u0fovc7rt3r66', 1505827056),
(1678, 'jm7lnt92svq67nj064u2d3mno3', 1505833621),
(1679, 's6quhe62qudmnma8p90aaoci02', 1505837526),
(1680, 'hob8m52f21ue8d3et9anqt27b3', 1505838951),
(1681, '48gfl03lip3pcjelkuni41q4d2', 1505839704),
(1682, 'hj3407comrt4hvdfdotamj6476', 1505840255),
(1683, 'pfp29psqnper4d17onitduque7', 1505840828),
(1684, 'p59tbjaglum1rh4j87vpdq05u0', 1505842800),
(1685, '7kfj8rc3a63mkkt1ad6oseth23', 1505844389),
(1686, '49vesbnvb6p08fbhho4l9ives2', 1505844546),
(1687, '9von28id4dd1um8actrevp3o50', 1505845455),
(1688, 'go5p134qecrq4kmtj1opjjt1p5', 1505845459),
(1689, '31ultnhkgolt4ef7i3kf8pfsu0', 1505845711),
(1690, 'ae645ja5r89fh1ui9jvql46ue7', 1505846280),
(1691, 'uvnfjcpgv2d1ctdqgt5fqkb2l7', 1505847246),
(1692, 'mi4o2ohj6tvavboc8rlscv5vd6', 1505850015),
(1693, 'ba3q223jg21mh6ihkap9qbo2u6', 1505850864),
(1694, 'tb656j58jdfn96urb5li54tbf2', 1505851277),
(1695, 'pmk8nhckmfcsneafs6i02f43a6', 1505851924),
(1696, 'noo6s5f4ijulrs6j7gftvu8lv4', 1505853696),
(1697, '1alor2qv9tij60maa5meutc5r0', 1505854675),
(1698, 'cq9esiemjhogd94652084cs7p4', 1505856420),
(1699, '3vm6s97k6vps6qi0sg36psc8r5', 1505856874),
(1700, 'm78vrqov05dfagh9mo0vjrbrg4', 1505857714),
(1701, 'bs024t545vd4odimgpktukucu4', 1505859036),
(1702, 'jhtcaqanop5bcb2ku1eguo8984', 1505860161),
(1703, '2u9au721no9gb1lhlcn19d74b4', 1505860433),
(1704, '70sskeo7b8pekmk2h6t8jtk8n1', 1505861187),
(1705, 'he5p9lm39vd70s0iscgs984v45', 1505863003),
(1706, 'qgmg5ramefli084ds3g7jo4t55', 1505865046),
(1707, '0sh5ru1kd9gtvk0gkokdf24f27', 1505865190),
(1708, 'ftmsrq05hdqrcf2pja362ireu2', 1505865273),
(1709, '1ekq97gk458iu3dlevsfgre7l6', 1505867455),
(1710, 'trpeu9jnna17aeo0ehh150mga4', 1505868036),
(1711, 'v7nlpr5f7vvke2e8vld7lfqf62', 1505868325),
(1712, 'aak7etuvque58cqfrogji8lem1', 1505872083),
(1713, 'a5u9cppkaojd398523s8li0lh6', 1505875176),
(1714, 'g67rlvr06sf73mltjvbukdda67', 1505876184),
(1715, 'offr760a57fr5chk0uotlha4r2', 1505877039),
(1716, '2a5ibgc0upo9imcgbvq01t55v0', 1505877798),
(1717, '7ui5o9fjclalp05r5vbjglkpf1', 1505877968),
(1718, 'h4e0rlitt3e59t2eungbrhgbm7', 1505879660),
(1719, 'an1e5rht5n1r4oqb7bgm5qngh2', 1505879821),
(1720, 'qo0ndiqt77mnj2tgml8bvqve97', 1505880951),
(1721, '9vsevm52bdn41gnetvou5pr8b3', 1505884351),
(1722, '1nf373nes5er56f7sggeji5gs2', 1505884964),
(1723, '1dcqqf7fbt32jrkot0bsfgse90', 1505885031),
(1724, 'vbqnfgtev4ec83m66b6ij0s0f2', 1505886371),
(1725, '09es4jl230s0ngq9lqqoiglm27', 1505888010),
(1726, '59n8prjobcfcfdvhei3o95he67', 1505888290),
(1727, 'bl9roka8cft599gn1a7ujc22a0', 1505892158),
(1728, '7rvkfc82jbge7d0ne5egclido7', 1505894589),
(1729, 'tcomv5v6iccd6vipev8aias006', 1505894977),
(1730, 'uco0bvvaj2k9m2dulngveq1b17', 1505899026),
(1731, '0i3vpl6qud88kc45rrce269e57', 1505895586),
(1732, '1u6vl1svlou681dboqd3u6sue4', 1505896925),
(1733, 'sp2rb21smj6j4js68dmri49hr7', 1505897635),
(1734, 'ulhgcsvgqh9rvkpokbpg48u635', 1505898723),
(1735, 'gb3m2klsjto66trh3sq8boofq7', 1505900839),
(1736, '5ghdcdfq678jmlcn3g4qonhnb0', 1505902393),
(1737, '1i4ihnm047pepfq4mejvete71u', 1507922065),
(1738, 'gl455ihsta56lqa514khv64ntl', 1507911724),
(1739, 'v49bqrcb1q2ohjn9g39o6jf2p1', 1508536843),
(1740, 'j49mtuq8ku91l2pkhuo2nh3vj0', 1509476551),
(1741, 's92jh0s63j8af6vn54cdi1n3q4', 1509281175),
(1742, '1j4d469it9cuvclms7ctr0dph2', 1509474127),
(1743, 'vltf8a2uqulrh6kd1t0b27op72', 1511714642),
(1744, 'ik9j5slank6o83eus4h5hhce84', 1511788126),
(1745, '997sgj8a5v40emlo28c3t9u935', 1511826778),
(1746, 'k1hn4c4v4d65np01fc53l6gld3', 1511823890),
(1747, 'n2s1ii64rmuc84867u3vs4hid1', 1512569157),
(1748, 'qrii1o58ptgkdfsn66vsu69bg1', 1512320442),
(1749, 'm0vaaodc6higeabrnaal62djl2', 1512502261),
(1750, '6hhcmau5dke4nmta44l5vg1u0m', 1514657720),
(1751, 'bigcacht3gu6m6sv1uv7aum1r5', 1514960257),
(1752, '4lbijtaq2o2abq2fthma18tjun', 1515307158),
(1753, 'vvl2gjqv9a9nju44q8phhq8ul4', 1515339725),
(1754, 'ri7tlo3dals95re0hiet0oim20', 1515357328),
(1755, 'nh49m4aqb4gvnvk4d5msp1rn33', 1515357712),
(1756, 'tvmmomd5edpatnnfhhg3jvgep4', 1515414848),
(1757, '5qmlo617624o2ufq841t44mth6', 1515650509),
(1758, 'sauv9acj2clt6h4j0rmetnl242', 1515761455),
(1759, '69op4cgqdn0gbguggpvj9pro76', 1515772083),
(1760, '3h0lqji3anof2a53q0a1ovauo6', 1516024791),
(1761, 'psm8c5l8dr1v7ldnrhsvrvkm36', 1516183703),
(1762, 'l0cmm78tnpitgcsg4mpbhngqm5', 1516191111),
(1763, 'gioq85786mpl1fn8oi016k8cr0', 1516192528),
(1764, 'fg3jciultt94m4r4os1n1f1bf0', 1516194281),
(1765, 'ms2vo1nm3fif4o9d7emvoq9243', 1516194638),
(1766, '812896ednf5on611kqap8ogk81', 1516266445),
(1767, '2lunjvgufgja74l9bbpjlvcqm3', 1516266485),
(1768, '976f3mqlhorkpldp6a5bfnis72', 1516266705),
(1769, 'm9mb69dad7rf8k7giv3k9kapo1', 1516267343),
(1770, '404fvktefajbd08odt8954qqj0', 1516273196),
(1771, '2m5c9ier9eupvinsldesu9iip3', 1516280876),
(1772, '2mo9mc5n9h8qa8o6t5d49tp466', 1516537669),
(1773, 'iqglo04o0cstfghmefcc8tt7j7', 1516701759),
(1774, '98fdh7u3hag94mr8n3ptrtm647', 1516709512),
(1775, 'vucdjuinnt8mvvn4l2ajheavn2', 1516712918),
(1776, 'kq2c7b6ivofitfo8uhr5ithmr1', 1516885514),
(1777, '2ijdnps0jpn3tl71r921apsgr7', 1516894942),
(1778, 'kpspo8ssuo1aelkcotbsvhh0g6', 1516904445),
(1779, 'rq36hs9o0mtcpimjpv2atvo4b1', 1516905135),
(1780, 'vlc7b996e9f65bb7kglai0isa0', 1516954434),
(1781, 'olofio25ij23qbeuqjm2mfa9f4', 1516957152),
(1782, 'gq6mpr2k91ngs9f4gao43via84', 1516984963),
(1783, 'emmukceb4aoohlik273cjseb52', 1517151115),
(1784, '5jble7gguorn442p73rscm4lg4', 1517222357),
(1785, 'qn3iflf8869i5726auar00shg6', 1517224346),
(1786, 'i54na41436eue3jrr80bpn34v4', 1517224550),
(1787, 'dd6mii6ih70t3rbvagc6cmivu3', 1517225647),
(1788, 'feshn8862as662uccaoooe7c07', 1517339443),
(1789, 'l9sh5rf65d8knqla7nrl6g7rp4', 1517473168),
(1790, 'mcaeese968b6cilpli1e792ef6', 1517481077),
(1791, 'kpsfs3t474ju0m2qvi0gtv9r36', 1517483137),
(1792, 'b5cs7crlr5quhc3bdfu0rs5qi5', 1517483154),
(1793, 'c1gcd209nhlfgevj4ho0i919t2', 1517484509),
(1794, 'c5m0supf04lukq3hl139egnf06', 1517498149),
(1795, '79hid3nmcvq12k7bhonrr3vai0', 1517506212),
(1796, 'u6m84707jlls1n8e3sqe0nrse3', 1517512100),
(1797, 'kfj4ho1th5cpaf4s4pp8i8e4a2', 1517513970),
(1798, 'ij7svjgr62lesm284up1q0fhj7', 1517574267),
(1799, '25rngh22tb17tgg7dpfclk5mu5', 1517579715),
(1800, '30qrdgjn2k6oa00jdaurcbd5a5', 1517593793),
(1801, 'dstrbmupj7ooi68hdhvik94lt3', 1517596038),
(1802, '21ss83mguotmqgnvnr0d3aml70', 1517596991),
(1803, 'fca4qfrpjvb5as5fhrd8atedl6', 1517597649),
(1804, 'cuek7c2mm354ghagvirqhnobb3', 1517597907),
(1805, '6h8lm4h57n1f4ed34scqhtb0q5', 1517682045),
(1806, 'l50ic01fve2p1e18u2pi7t9m93', 1517757976),
(1807, 'grev82reuaqehv1rclkqq57qu3', 1517761521),
(1808, 'q6iirq8qo42263ctnfqetuhh17', 1517827547),
(1809, '1tg1np3pgsq4o1nrrvc5ikesr0', 1517928103),
(1810, 'e713v6tcbr932li72hg7omie36', 1517991740),
(1811, 'lhuofr65f3unglh4jpt1avneu3', 1518095617),
(1812, '5p32bnb9fkbbqohdqphmu0nat6', 1518096517),
(1813, 'tg8m7323da4r8bg0dvtt7k5hr7', 1518101904),
(1814, 'lbcrolkff6r16fdvp134esjsm6', 1518166171),
(1815, 'd43944ah45a2icp6hsd640jnb5', 1518275077),
(1816, 'caevgj9ojsidu74nmmsd0s3o23', 1518841034),
(1817, 'is44tk006vi03981rt4r23mtf2', 1518981894),
(1818, 'q9ids40vhqp2ddhk2mv64b9ot4', 1519056658),
(1819, 'ijercd3hsc27f356ue0si7mgh2', 1519063600),
(1820, '9blaail5odlai6vb16ahpgi132', 1519129572),
(1821, '4rcqjrt4ljld03nbv01ddfc4r1', 1519139007),
(1822, 'rlng4pl85ck6d1ouc9e6ba1q73', 1519143144),
(1823, 'd6k8vm3lmuscfmmfm6s60cb5e4', 1519196618),
(1824, 'hq27n0s3a9uhhcn93s1e4lcap6', 1519207737),
(1825, 's8kcqof5lcqufc6aa2246ltmn3', 1519220823),
(1826, 'h4joug0f7p6qpqt03hk87c79q6', 1519222072),
(1827, 'bb5q4guicf7qu9r3kstuml5un3', 1519286746),
(1828, 'j85hrg1fc5n98uhl3qtjigmv02', 1519295111),
(1829, 'h6pf5cmun7q49fp58tcls2eam3', 1519295452),
(1830, '6dura86bb0v1jm17pa8sf621e0', 1519296828),
(1831, 'v29qkdabubcomhqilg8mnv2ab1', 1519295917),
(1832, '879t5og0nt8vnq2j5uud0tub43', 1519296386),
(1833, 'sr2mgn31oncoocquha0qbfmta2', 1519296784),
(1834, 'rl2nl1m1lmfpoghs898a3ied92', 1519638286),
(1835, 'ej7ee0mht21u4euqvdt712vvv0', 1519664631),
(1836, 'arphpak14td5udjm7qjhufbps3', 1519715025),
(1837, 'e233bt2if6naaa2gpj0vo5cos7', 1519721022),
(1838, 'g4lvvg0fhurkgva61u4gt0p8q2', 1519721579),
(1839, 'd5agc49fkbo9m38cp88ehuvtb7', 1519733517),
(1840, '9fke1j97sjddpkc3ped08ke963', 1519733725),
(1841, '8kg4193tv2is71mn39a438qd20', 1519734976),
(1842, 'qkt6u5f60pmme0ctp48luvtr30', 1519735008),
(1843, 'e84i4koj94vdfkhdfbampkmg10', 1519735142),
(1844, 'mr1mgraamf083g25ti4vcv1lf3', 1519736612),
(1845, '88aoih4t2osrfu2obhgtkgcli5', 1519738586),
(1846, 'kshldhd2f48029b9p20i4p7dq7', 1519739003),
(1847, 'basf54tmmgc769ppjp7mo4cim7', 1519739057),
(1848, 'fo5cnuua5621it4ljkv2400t77', 1519739143),
(1849, 'vqpmprfbamk6oesrn316tmisd3', 1519739187),
(1850, 'cnt0k580rm3hipie0v99gqtf12', 1519739320),
(1851, '6h16msngilv3t4p0t8u75qnto4', 1519739569),
(1852, '4b51ddcnqtj48ruivqshvab244', 1519743185),
(1853, 'qg8l3iqp5gjh7gcqdot0bun847', 1519743247),
(1854, 'o8f8aep8i2uqdhb140dcjintr3', 1519751451),
(1855, 'fkq5gnp23sq7rq1g5eadnqbmp1', 1519765836),
(1856, '5tssq40b5epmuatb23v48gqfb5', 1519766615),
(1857, 'b9lu7ije74adlvvdt0ucmocit0', 1519766633),
(1858, 'i0in5e4kr3a9dpoeqkkclqqtm7', 1519766715),
(1859, 'ddi99mvf25aqkk3l0jmhnnkuv5', 1519767351),
(1860, '9n6mp821i5b3bka35gbtp6fu12', 1519767360),
(1861, 'u0c33qc25afcj3otnpt1ea02m0', 1519767372),
(1862, '90rj0i9t4aefn92o75gc9ncpr1', 1519767699),
(1863, '9k8u9mrh4ckl49mvnkhuut07p4', 1519768074),
(1864, '9uodeu6hf0upo6n4peveku5jc0', 1519797250),
(1865, 'm5jutu5dhmr6jssllj46tqrea1', 1519821788),
(1866, 'mkb3003qsh84bfbqbik8dln8b1', 1519829466),
(1867, '698qv8nhrogb1i5rasko0pelj1', 1519838363),
(1868, 'f3bv5mut15btqdspsr2g80jer3', 1519838993),
(1869, '7hd4ujajegj6dafic5ekr996m3', 1519839665),
(1870, 'rm9b69nkel2huubk7uncr2jfv1', 1519841625),
(1871, 'kv30ncbnl9157f7rjhb4hf6re1', 1519841725),
(1872, 'l27vgaadvj726jjmbur5f41a13', 1519841772),
(1873, '37pmc1695baf1ecuabvhv6ia42', 1519845709),
(1874, '533bo11q8vinnb2tdb48ro81l3', 1519846541),
(1875, 't25dm0he96g8v3vrktdil9i2f7', 1519852514),
(1876, '3gm7mhgnvi702paujih6hqi0q4', 1519924798),
(1877, 'kh3snkr8q2rg44mcd7ce2q4620', 1519979333),
(1878, '9o0gfojf2fidhe4ki3msbod282', 1519981102),
(1879, 'ihg7tv0bgs9j6pf31c83fqp3c7', 1519984871),
(1880, 'u4ie60qrbra21i0mqr86n4jdm4', 1519986438),
(1881, 'ag7hbvbk69uof8pst50pi2uj87', 1519987280),
(1882, 'vbdmop478uma12s8lk8j19ndo2', 1519988928),
(1883, 'o1v8rq4rh6m05rg8cvrr34nqp7', 1519988942),
(1884, 't34h73de3cg49lqm3jqa6tkde3', 1519988999),
(1885, '9oujnfi46b4hns7i07cr6ckbv2', 1519989136),
(1886, 'lv4jtv6ub0hdi0vuibg916oas1', 1519990221),
(1887, 'aj1deqdo4qnl34e3glgk96k054', 1519990252),
(1888, '9d04b0f3bhifvh48777hilhc56', 1519995299),
(1889, 'q7vaf9otont03g0ccsbqob0jq7', 1520003168),
(1890, 'kn3e8s97f654tijfi798gnlvd3', 1520004069),
(1891, 't1hmvdnb1bb87rilhipquv1le0', 1520004092),
(1892, 'v2vrvlg6ll8f3v1obade5e6ao5', 1520013009),
(1893, 'j0ur3f04m6vv35mvecotf73u71', 1520020313),
(1894, 'fs2u1c6kplpen6jsmd4u7diet7', 1520020335),
(1895, 'udd5dbko3l4cg09l4blcj8qi90', 1520106766),
(1896, 'g0btff9bl11tlidue0chdg6mo0', 1520020411),
(1897, 'v76d4uvgqdju6l6f97t0gf7863', 1520020432),
(1898, '163n2ooc2928rl38o5trcmnh62', 1520060049),
(1899, 'tdme0nqeac8jbr3eouogldska7', 1520067260),
(1900, '1vemc00e9321dqp7b651vk6e01', 1520070873),
(1901, 'r8np4116rum8e7rs0j5v9lv416', 1520088885),
(1902, 'krbdbngij6u2gqvkcl9d47feb5', 1520106897),
(1903, 'b33po56023dnvcintattbqonq4', 1520103311),
(1904, '7qib84bbl5d22kaq4f4i1oa771', 1520106951),
(1905, '8u3e1uivihrkb3odtkvemvet70', 1520020578),
(1906, 'o9esvst23b66f9h0keke5ssmr1', 1520106991),
(1907, '8c3prkv19mv6p9fcmafacjf2g4', 1520020755),
(1908, 'mbojt692r08omvf1mtomsbeb47', 1520107361),
(1909, '01mrop85gn32ls9qjn34vjac11', 1520021138),
(1910, 'hav8jrveiksojbsi10up4k36h1', 1520021678),
(1911, 'c5a3gva6jbsm4acqsps5deh5n4', 1520450589),
(1912, 'mfeu1b552s3638u2g3c5c06rv6', 1520490886),
(1913, 'jr555rv7e4254e7diqd9rmo5q6', 1520491692),
(1914, 'b5s03nk3n3quho21n5em1ni4p0', 1520493974),
(1915, 'sgfhntgtgftfp652i7ohjh3r82', 1520498164),
(1916, 'ogvg4du8t3cuhbbmkmuu4p9db7', 1520521931),
(1917, 'flkrb02bhjvo5696fad6lhvao0', 1520526774),
(1918, 'om01de9774kvgm1dqbijc7pe10', 1520527121),
(1919, '3noshuafcqv83vom45irl9gdt4', 1520527638),
(1920, 'ev4cn0hego3dfbd0ns12s479v5', 1520531745),
(1921, 'n002b5kt4k0joua9tg5m2p1l31', 1520532065),
(1922, 'ee5dvpvejrg9kak6didagg64h5', 1520589991),
(1923, '7a68sbunp1imdn6v6d7oo5ia93', 1520595161),
(1924, 'bdeob7v1fh4fhs9e6e22soopu2', 1520595591),
(1925, 'jfm2ksmmn594eqtpmqnva9sa24', 1520600421),
(1926, 'lnteujdkm88reu4e2mpe17dq50', 1520680961),
(1927, 'uq363hpa6p91grn795m601oq47', 1520681270),
(1928, 'ugu0dlfs491q8edadfj2uegcr0', 1520685219),
(1929, 'kop9lfds8v2ra7i7h1nfj9knm3', 1520693307),
(1930, 'o5j3hvgsrava2b282esete59i0', 1520693274),
(1931, '9ecb5nole0faeuda7rplfuc385', 1520694932),
(1932, '9itl1nbsmic1ig22rtlsndhe95', 1520789919),
(1933, 'vtvb137tfrd5851ku2rli4v4s7', 1520791131),
(1934, '7lnkt70grciphcrp8a011fvft6', 1520795321),
(1935, 'uf10hiad83ss1pemec983shfg4', 1520840248),
(1936, '4jtij3fu1p57f27gfksk2168t2', 1520841049),
(1937, 'lqrt20527h5440jnkd2vn3hgf7', 1520846847),
(1938, 'duupl7cg7anjd58t2rfcmtsmi1', 1520870375),
(1939, 'ioois1dkbg300201dpf7b9dtr1', 1520922847),
(1940, 'd1jbmqvufba8lmk9isgamsvsm0', 1520922867),
(1941, 'ldlld0bdapathn4tdp5hb3p575', 1520922875),
(1942, '54bg80ee54f032rm5ge3kqk4j1', 1521014657),
(1943, 'dfibunv4vj2nj1hm53crqk7pv5', 1521014696),
(1944, 'l4o2bsrh7buo83mkn6g112ng05', 1521014765),
(1945, 'fafm2ppac094jh11buk09fg5b5', 1521014906),
(1946, '5eloe0u5crolvffr81cs89f454', 1521014971),
(1947, 'ss23akrn8680r2ul5ut8njmf27', 1521015132),
(1948, '3dalabii9cb4im12oqt24n2857', 1521015152),
(1949, 'o6gfsah5r789piogqla16eqdo2', 1521015211),
(1950, 'k4ob1prvt41dffbbloasic1kr1', 1521017618),
(1951, 'dpvaj9a8duogfdvso9vhvlv9o1', 1521018809),
(1952, 'g55ka83staja5uuquterhorfs2', 1521020595),
(1953, 'm1hno9h18af3qkvpfj7psek9c1', 1521020643),
(1954, 'j2lfd4ohilfcqdfeakesa24de2', 1521020735),
(1955, 'g1vmib24o9d3edugktg8osrco7', 1521021072),
(1956, '7b0b2uace7gvjl6c7lfs2c63r1', 1521030444),
(1957, 'esg1n79fqqkjd9i6ji0htql5q4', 1521124144),
(1958, 'h4nh5qevd5u4u0jp9ta4rpith1', 1521125243),
(1959, 'f8g0c2a38n3gmpb0f0dfi7gri7', 1521125635),
(1960, 'u2nbkia10ntf4d1fne5fb4co33', 1521125964),
(1961, '0vbpbfvp8p6gs02aa7g4r7pu24', 1521125910),
(1962, '68pduie91mpon131cvd9mu0jd6', 1521127017),
(1963, 'veqhjt7e0s4u8928m880rtl643', 1521214226),
(1964, '3m3f4aep498tb070qnu9v669l6', 1521283857),
(1965, 'cch0agbpa80kote3317batr883', 1521992553),
(1966, 'ful81ba3p9qmea18bgbrco1j91', 1522062296),
(1967, 'mukngbabuaul49su59dntfm054', 1522158744),
(1968, 'u4c6ilsor26g5rnci6tfsipcs1', 1522158806),
(1969, '06pg9crs7bu4bkmbk8c4jhh074', 1522159356),
(1970, 'jcevrtec5j2ihrbi14oedhp1k4', 1522857288),
(1971, 'i2devdoarb12i8j1djdlugon45', 1522858060),
(1972, '7u948rae7b8at50opbaqo39er4', 1522866509),
(1973, '0dnb3bkof7km6kpl8qo1iqn1q0', 1523373192),
(1974, 'jn93otdmlulh5v9504aalq9jl7', 1523622300),
(1975, 'rujbml62r3otcn3s884br22k04', 1523778130),
(1976, '20f4pp86mcror40q5b7h95hga3', 1523798588),
(1977, 'd3r9n31jlh6c3i78jvtvqlfqt3', 1523799164),
(1978, '2i97rpgvgrkgjlj6kvgi9iq4u0', 1523800468),
(1979, 'gdskih7j518hd8396ddiavq9m1', 1523808680),
(1980, 'rt1fakau3oltr0fflgmn1648q2', 1523863185),
(1981, 'ji2okjtf5qu963talg8cbnd3v6', 1523892052),
(1982, 'ukd2dkfhs91d4c51u6p8r37jn6', 1523997367),
(1983, '42t6haega2olsapjkuujbm7ki3', 1524035443),
(1984, 'kmmngv5044srjedao9ugpq4ag1', 1524076861),
(1985, 'ulrevn68o20e9iapjartn3r3j1', 1524162178),
(1986, 'ajd1l9l3a79p97kkr2gupqap33', 1524167397),
(1987, 'e1v3g093t499ug6apaeqv7m8g5', 1524206084),
(1988, 'm2ob032phfjhi0677gnasc2r40', 1524207106),
(1989, '6veguo6vh88b2lm0jjn1ad3pf6', 1524214248),
(1990, '4vnrdbehhinj6mvnts488frrh1', 1524226670),
(1991, '8lej5scfrdqshajj6j3noukbt5', 1524244763),
(1992, '8ega7dqef50pm6tpjlnfs8en37', 1524251600),
(1993, 'dkj89dh07ti3ncnfjsq70s3fb2', 1524310838),
(1994, 'd3bkda84kemsoqoi4pt5qj9de6', 1524319681),
(1995, 'lu56tp48vm6srkek3ehp2pe3d2', 1524320665),
(1996, 'n4uh9qc8ilg2tiv8mlclq72k41', 1524321569),
(1997, 'dvjt6ul2mt6g2k5nf1qp1a5ic6', 1524323066),
(1998, 'b1q8mg1uiikhebh1f6tj6neno5', 1524403228),
(1999, '6kk2i3qapt1huh91u88k39fqg7', 1524411084),
(2000, 'cobo5st926gbdsfbk70h47gen2', 1524421661),
(2001, 'jqu48hsl9mkn09e4tur518th86', 1524467269),
(2002, '53bj35vqbmbrfvhim7ajg8e9v2', 1524478344),
(2003, '6f6jga27aa4vjpi2rdd6ibhje5', 1524486281),
(2004, '17s0lhovo2ibg8p06k4431e6h6', 1524595137),
(2005, '4un17dvhacsr1jue8q6aqgtob3', 1524663052),
(2006, 'm2pd5db5f4l0rqnvfn3b7sq0p7', 1524665480),
(2007, '0m6mfbhujh6v4e7inmo29r83u0', 1524665984),
(2008, 'lrejtublj76ttbpfjhlpet8a36', 1524843895),
(2009, 'bh6ker4nta8893g510mo1c1pu1', 1524914570),
(2010, 'cqtbjo1eibajggua797dllh7j3', 1525090563),
(2011, '07o42e1ro2pi3dcmh2q5liute2', 1525096751),
(2012, '77hm66hrcktmmjlh9iobhm3fd3', 1525099867),
(2013, '60laq8hqlrnu517iqnrs5k1dq1', 1525100453),
(2014, 'eipioqfp58a2l9mhnqphatfil5', 1525191394),
(2015, '04g7l6bndt8necultm2ns5l1n5', 1525790856),
(2016, 'nl43lvgm53ls5id81bq6cc2vh6', 1525857310),
(2017, 'pi17bc8aqsb5kg3pgbh7d6v186', 1526037615),
(2018, '0s2cs4r6fcjs78gd92u1c7kgr0', 1526049495),
(2019, 'c7rdfioljqujom0fbmmdfbitj5', 1526193984),
(2020, '3gv6808tpomnavih0103ik8fj5', 1526646588),
(2021, 'f5l5ntd04hi5b7dnqe4s8e8qt2', 1526735405),
(2022, '22rjv2nl315s7tfdm780ocqjm6', 1527252190),
(2023, 'vqbffp1jnud6nv16hl20td0to6', 1527244954),
(2024, '7kvslalc62fiqc2gg7ekgm0okt', 1527862770),
(2025, 'g6vrsqiidd5tggnqkj9sbd8sh0', 1527880413),
(2026, 'c0qpnevdk2gfagt4t76rg92loh', 1528053502),
(2027, '481gpeffbqhs2ks6vdke817vqm', 1528061492),
(2028, '85n1b8196h74l149oe0akt91cu', 1528381388),
(2029, 'cegdq7ajm1ptbu14mgq9660gt5', 1528396161),
(2030, '2kl7pg401hjtgm8tbkfs51gglf', 1528611490),
(2031, '63h6k1qca98sgorid2akh1dera', 1528887714),
(2032, 'vlgrlshnopdkh447t7fntbf5tl', 1529174904),
(2033, 'q097gkipp5fkf49dcaldokfo6n', 1530277656),
(2034, 'acpbid953jprc5kfvca0p0ar0n', 1531151963),
(2035, '62l4obetkgs8sca65elreptc27', 1531416355),
(2036, 'buat776k0abi8e40ahresir71f', 1531416979),
(2037, 'lamqq73nflnb5p339pk62rvvoo', 1531647094),
(2038, '0s0pvr8p0nm52g73eig81uqmf4', 1531754565),
(2039, 'r3bq2tps2q3dleo6ltbughdmfm', 1531824853),
(2040, 'h2p30f690i7h68jv1ucgbjhh6r', 1531824755),
(2041, 'jc0nos2bq1vca5rm8vqmullj4l', 1531824970),
(2042, 'knpcuesalgcjl1la6tgqjtghlu', 1531824945),
(2043, '07gj3oc77igojggar62tdug8ah', 1531825105),
(2044, 'dk2jsnu7eu577aisedi1lp1iqa', 1531825119),
(2045, '9e7f4g93eqfgi4mr4jhi96lcnd', 1531825215),
(2046, 'sfen2m52mbl5qe9k2fgbu5229e', 1531825223),
(2047, 'dc9vf6o3sikccdp4vgn369m4dv', 1531825338),
(2048, 'v1mhbnlmp6du9t6ke49b7h533p', 1531825433),
(2049, 'hi9u4jc39p1juembs0la44rfj2', 1531825544),
(2050, '1esdg6681e9gic026eqjk3vk4k', 1531825554),
(2051, 'ql8krhr7abjid5r3rgdbnnqm5v', 1531825585),
(2052, 'jdskov0bf5mmufljnv1q73d051', 1531825633),
(2053, 'tceopd2ikjprrpll4q80ci3ka0', 1531825678),
(2054, 'qjdshptv1ngjgou1kcd7i8huuj', 1531825685),
(2055, 'e8ne7usu9a7baf39nee3npgnmi', 1531825762),
(2056, '6sr081077v2hbn4dv9sppil1bg', 1531825859),
(2057, 'sd1f1ei4m3634mq64u8q319ojt', 1531893029),
(2058, 'bdlgiad53g117tkvfkl48cm6is', 1531893346),
(2059, 's1o6b0vv24ul05en7o79gc3duo', 1534926879),
(2060, 'tkb17joivpsavegr0uvn0i3vun', 1535611511),
(2061, 'mktfncbu1gk1c0mba9gce2aser', 1544293502);

-- --------------------------------------------------------

--
-- Table structure for table `opinions`
--

CREATE TABLE `opinions` (
  `Customer` bigint(30) NOT NULL,
  `Value` varchar(1000) COLLATE utf8_persian_ci NOT NULL,
  `OpinionId` bigint(30) NOT NULL,
  `Activated` tinyint(4) NOT NULL,
  `ProductId` bigint(30) NOT NULL,
  `Rate` int(1) NOT NULL,
  `Date` varchar(200) COLLATE utf8_persian_ci NOT NULL
) ENGINE=InnoDB DEFAULT CHARSET=utf8 COLLATE=utf8_persian_ci ROW_FORMAT=COMPACT;

-- --------------------------------------------------------

--
-- Table structure for table `orders`
--

CREATE TABLE `orders` (
  `OrderId` int(11) NOT NULL,
  `Customer` int(11) NOT NULL,
  `Content` text NOT NULL,
  `SupperGroup` int(11) NOT NULL,
  `File` varchar(400) NOT NULL,
  `Date` varchar(10) NOT NULL,
  `Status` tinyint(1) NOT NULL,
  `Replay` text NOT NULL
) ENGINE=InnoDB DEFAULT CHARSET=utf8;

--
-- Dumping data for table `orders`
--

INSERT INTO `orders` (`OrderId`, `Customer`, `Content`, `SupperGroup`, `File`, `Date`, `Status`, `Replay`) VALUES
(1, 20, 'درخواست کیف و جامدادی استیل به رنگ نارنجی', 45, '/DigitalShopV2/OrderImages/1/download.jpg', '2018/04/21', 1, 'پاسخ تست'),
(2, 20, 'Sport', 62, '/DigitalShopV2/OrderImages/2/New Admin.txt', '2018/04/21', 1, 'به زودی قرار می گیرد'),
(3, 20, 'بند چرم', 23, '', '2018/04/21', 0, ''),
(4, 20, 'image', 29, '/DigitalShopV2/OrderImages/4/Ramiland logo design.jpg', '2018/04/21', 0, ''),
(5, 20, 'متن تست جدید', 32, '/DigitalShopV2/OrderFiles/0/Ramiland logo design.jpg', '2018/04/25', 0, '');

-- --------------------------------------------------------

--
-- Table structure for table `panels`
--

CREATE TABLE `panels` (
  `PanelId` int(11) NOT NULL,
  `Name` varchar(200) NOT NULL,
  `Mobile` varchar(12) NOT NULL,
  `Email` varchar(100) NOT NULL,
  `Content` text NOT NULL,
  `Date` varchar(10) NOT NULL
) ENGINE=InnoDB DEFAULT CHARSET=utf8;

--
-- Dumping data for table `panels`
--

INSERT INTO `panels` (`PanelId`, `Name`, `Mobile`, `Email`, `Content`, `Date`) VALUES
(6, 'علی رضایی', '0901734440', 'ali.rezaei@gmail.com', 'متن تست برای درخوات پنل فروش', '2018/04/21');

-- --------------------------------------------------------

--
-- Table structure for table `paymentmethods`
--

CREATE TABLE `paymentmethods` (
  `PaymentMethodId` bigint(30) NOT NULL,
  `Name` varchar(200) COLLATE utf8_persian_ci NOT NULL,
  `Activated` tinyint(1) NOT NULL
) ENGINE=InnoDB DEFAULT CHARSET=utf8 COLLATE=utf8_persian_ci ROW_FORMAT=COMPACT;

--
-- Dumping data for table `paymentmethods`
--

INSERT INTO `paymentmethods` (`PaymentMethodId`, `Name`, `Activated`) VALUES
(1, 'پرداخت آنلاین', 1),
(2, 'پرداخت درب منزل', 1),
(3, 'پرداخت آفلاین-ثبت اطلاعات فیش واریزی به کارت یا حساب بانکی', 1);

-- --------------------------------------------------------

--
-- Table structure for table `prices`
--

CREATE TABLE `prices` (
  `PriceId` bigint(30) NOT NULL,
  `Product` bigint(30) NOT NULL,
  `Value` bigint(30) NOT NULL,
  `User` bigint(30) NOT NULL,
  `Date` varchar(20) COLLATE utf8_persian_ci NOT NULL
) ENGINE=InnoDB DEFAULT CHARSET=utf8 COLLATE=utf8_persian_ci ROW_FORMAT=COMPACT;

--
-- Dumping data for table `prices`
--

INSERT INTO `prices` (`PriceId`, `Product`, `Value`, `User`, `Date`) VALUES
(4, 5, 69944, 1, '2017/07/28'),
(5, 7, 350000, 1, '2017/07/28'),
(7, 9, 77000, 1, '2017/07/28'),
(8, 10, 110000, 1, '2017/07/28'),
(9, 11, 45000, 1, '2017/07/29'),
(10, 12, 130000, 1, '2017/07/29'),
(11, 13, 140000, 1, '2017/07/29'),
(12, 14, 309000, 1, '2017/07/29'),
(16, 19, 66000, 6, '2017/08/01'),
(18, 30, 100, 1, '2017/08/30'),
(20, 31, 100, 1, '2017/08/30'),
(21, 33, 22000, 1, '2017/08/30'),
(23, 35, 150000, 3, '2017/08/30'),
(24, 35, 15000, 1, '2017/08/31'),
(26, 43, 288000, 3, '2017/08/31'),
(27, 43, 115000, 3, '2017/08/31'),
(28, 43, 16000, 3, '2017/08/31'),
(29, 44, 39000, 3, '2017/08/31'),
(30, 44, 43000, 3, '2017/08/31'),
(31, 44, 5000, 3, '2017/08/31'),
(32, 45, 12000, 3, '2017/08/31'),
(33, 45, 2000, 3, '2017/08/31'),
(34, 45, 9000, 3, '2017/08/31'),
(35, 46, 41000, 3, '2017/08/31'),
(36, 50, 36000, 3, '2017/08/31'),
(37, 50, 11000, 3, '2017/08/31'),
(38, 54, 2000, 3, '2017/08/31'),
(40, 57, 50000, 4, '2017/08/31'),
(41, 59, 224, 3, '2017/08/31'),
(42, 60, 65000, 3, '2017/08/31'),
(43, 62, 65000, 3, '2017/08/31'),
(44, 62, 54000, 3, '2017/08/31'),
(45, 64, 90927, 3, '2017/08/31'),
(46, 65, 74940, 3, '2017/08/31'),
(47, 66, 1900, 7, '2017/08/31'),
(69, 64, 91926, 1, '2017/09/01'),
(77, 97, 100, 1, '2017/09/02'),
(86, 107, 100, 3, '2017/09/02'),
(100, 126, 10, 3, '2017/09/02'),
(109, 131, 10, 3, '2017/09/02'),
(123, 156, 1, 3, '2017/09/03'),
(124, 156, 55, 3, '2017/09/03'),
(125, 157, 1, 3, '2017/09/03'),
(126, 158, 2, 3, '2017/09/03'),
(127, 166, 1, 3, '2017/09/03'),
(128, 167, 2, 3, '2017/09/03'),
(129, 168, 3, 3, '2017/09/03'),
(130, 169, 4, 3, '2017/09/03'),
(131, 170, 66, 3, '2017/09/03'),
(132, 170, 44, 3, '2017/09/03'),
(133, 170, 66, 3, '2017/09/03'),
(134, 170, 77, 3, '2017/09/03'),
(135, 170, 88, 3, '2017/09/03'),
(136, 170, 77, 3, '2017/09/03'),
(137, 170, 88, 3, '2017/09/03'),
(138, 171, 77, 3, '2017/09/03'),
(139, 170, 77, 3, '2017/09/03'),
(140, 173, 45, 3, '2017/09/03'),
(141, 174, 67766, 3, '2017/09/03'),
(142, 175, 6755, 3, '2017/09/03'),
(143, 176, 1, 3, '2017/09/03'),
(144, 177, 2, 3, '2017/09/03'),
(145, 178, 3, 3, '2017/09/03'),
(146, 179, 4, 3, '2017/09/03'),
(147, 180, 5, 3, '2017/09/03'),
(148, 181, 6, 3, '2017/09/03'),
(149, 182, 7, 3, '2017/09/03'),
(150, 183, 8, 3, '2017/09/03'),
(151, 184, 9, 3, '2017/09/03'),
(152, 185, 10, 3, '2017/09/03'),
(153, 186, 1, 1, '2017/09/03'),
(154, 187, 2, 1, '2017/09/03'),
(155, 188, 4251, 1, '2017/09/03'),
(156, 189, 1000, 1, '2017/09/03'),
(157, 190, 55555, 1, '2017/09/03'),
(158, 191, 667, 1, '2017/09/03'),
(159, 192, 77777, 1, '2017/09/03'),
(160, 193, 888, 1, '2017/09/03'),
(161, 194, 9999, 1, '2017/09/03'),
(162, 195, 1000, 1, '2017/09/03'),
(163, 196, 111, 3, '2017/09/03'),
(164, 197, 222, 3, '2017/09/03'),
(165, 198, 71727, 3, '2017/09/03'),
(166, 199, 444, 3, '2017/09/03'),
(167, 200, 6555, 3, '2017/09/03'),
(168, 201, 44, 3, '2017/09/03'),
(169, 201, 66, 3, '2017/09/03'),
(170, 201, 6687, 3, '2017/09/03'),
(171, 202, 7788, 3, '2017/09/03'),
(172, 201, 9953, 3, '2017/09/03'),
(192, 14, 315, 1, '2017/09/03'),
(194, 43, 165000, 1, '2017/09/03'),
(195, 45, 10000, 1, '2017/09/03'),
(196, 46, 55000, 1, '2017/09/03'),
(199, 50, 12000, 1, '2017/09/03'),
(272, 261, 6000, 3, '2017/09/06'),
(273, 262, 85000, 3, '2017/09/14'),
(274, 263, 9000, 3, '2017/09/14'),
(275, 264, 14000, 3, '2017/09/14'),
(276, 265, 18000, 3, '2017/09/14'),
(277, 266, 11000, 3, '2017/09/14'),
(278, 267, 8000, 3, '2017/09/14'),
(279, 268, 9000, 3, '2017/09/14'),
(280, 269, 2000, 3, '2017/09/14'),
(281, 270, 8000, 3, '2017/09/14'),
(282, 271, 15000, 3, '2017/09/14'),
(283, 272, 8000, 3, '2017/09/14'),
(284, 273, 6500, 3, '2017/09/14'),
(285, 274, 35000, 3, '2017/09/14'),
(286, 275, 28000, 3, '2017/09/14'),
(287, 276, 24000, 3, '2017/09/14'),
(288, 277, 15000, 3, '2017/09/14'),
(289, 278, 17000, 3, '2017/09/14'),
(290, 279, 36000, 3, '2017/09/14'),
(291, 280, 75000, 3, '2017/09/14'),
(292, 282, 47000, 3, '2017/09/14'),
(293, 283, 40000, 3, '2017/09/14'),
(294, 284, 28000, 3, '2017/09/14'),
(295, 285, 10000, 3, '2017/09/14'),
(296, 286, 7000, 3, '2017/09/14'),
(297, 287, 85000, 3, '2017/09/14'),
(298, 288, 40000, 3, '2017/09/14'),
(299, 289, 28000, 3, '2017/09/14'),
(300, 290, 22000, 3, '2017/09/14'),
(301, 291, 24000, 3, '2017/09/14'),
(302, 292, 48000, 3, '2017/09/14'),
(303, 293, 54000, 3, '2017/09/14'),
(304, 294, 64000, 3, '2017/09/14'),
(305, 295, 50000, 3, '2017/09/14'),
(306, 296, 24000, 3, '2017/09/14'),
(307, 297, 16000, 3, '2017/09/14'),
(308, 298, 16000, 3, '2017/09/14'),
(309, 299, 11000, 3, '2017/09/14'),
(310, 300, 18000, 3, '2017/09/14'),
(311, 301, 12000, 3, '2017/09/14'),
(312, 302, 8000, 3, '2017/09/14'),
(313, 303, 4000, 3, '2017/09/14'),
(314, 304, 9000, 3, '2017/09/14'),
(315, 305, 13000, 9, '2017/09/14'),
(316, 307, 18000, 3, '2017/09/14'),
(317, 308, 12000, 3, '2017/09/14'),
(318, 309, 30000, 3, '2017/09/14'),
(319, 310, 220000, 3, '2017/09/14'),
(321, 311, 27000, 3, '2017/09/14'),
(322, 312, 25000, 3, '2017/09/14'),
(323, 313, 16000, 3, '2017/09/14'),
(324, 314, 8000, 3, '2017/09/14'),
(325, 315, 18000, 3, '2017/09/14'),
(326, 316, 82000, 3, '2017/09/14'),
(327, 315, 17000, 5, '2018/02/27'),
(328, 315, 18000, 5, '2018/02/27'),
(329, 315, 17000, 5, '2018/02/27'),
(330, 315, 18000, 5, '2018/02/27'),
(331, 344, 10, 1, '2018/04/17'),
(332, 344, 0, 1, '2018/04/17'),
(333, 345, 442, 1, '2018/06/07');

-- --------------------------------------------------------

--
-- Table structure for table `productandproperties`
--

CREATE TABLE `productandproperties` (
  `ProductAndPropertyId` bigint(30) NOT NULL,
  `Product` bigint(30) NOT NULL,
  `ProductProperty` bigint(30) NOT NULL,
  `Value` varchar(200) COLLATE utf8_persian_ci NOT NULL
) ENGINE=InnoDB DEFAULT CHARSET=utf8 COLLATE=utf8_persian_ci ROW_FORMAT=COMPACT;

--
-- Dumping data for table `productandproperties`
--

INSERT INTO `productandproperties` (`ProductAndPropertyId`, `Product`, `ProductProperty`, `Value`) VALUES
(175, 311, 192, 'حرارتی'),
(176, 315, 191, 'مقاومتی'),
(177, 312, 191, 'حرارتی');

-- --------------------------------------------------------

--
-- Table structure for table `productcolors`
--

CREATE TABLE `productcolors` (
  `ProductColorId` bigint(20) NOT NULL,
  `Color` bigint(30) NOT NULL,
  `Quantity` bigint(20) NOT NULL,
  `Product` bigint(30) NOT NULL
) ENGINE=InnoDB DEFAULT CHARSET=utf8 COLLATE=utf8_persian_ci ROW_FORMAT=COMPACT;

--
-- Dumping data for table `productcolors`
--

INSERT INTO `productcolors` (`ProductColorId`, `Color`, `Quantity`, `Product`) VALUES
(5, 1, 1, 6),
(9, 9, 2, 9),
(20, 13, 1, 19),
(21, 3, 2, 29),
(22, 2, 1, 30),
(24, 1, 1, 31),
(27, 9, 2, 33),
(29, 2, 10, 37),
(30, 1, 2, 35),
(32, 1, 1, 43),
(33, 2, 1, 43),
(34, 5, 1, 43),
(35, 5, 1, 44),
(36, 1, 5, 44),
(39, 16, 4, 45),
(40, 5, 1, 46),
(42, 1, 5, 50),
(43, 2, 10, 51),
(44, 2, 10, 53),
(45, 16, 10, 54),
(49, 16, 2, 59),
(50, 5, 3, 60),
(52, 2, 4, 63),
(55, 8, 5, 66),
(56, 9, 6, 66),
(70, 1, 4, 62),
(83, 9, 5, 126),
(92, 7, 3, 131),
(96, 12, 10, 135),
(102, 5, 3, 141),
(103, 4, 3, 141),
(106, 4, 2, 156),
(107, 5, 3, 156),
(108, 1, 3, 157),
(109, 2, 2, 158),
(110, 1, 1, 166),
(111, 2, 2, 167),
(112, 3, 3, 168),
(113, 4, 4, 169),
(114, 4, 3, 170),
(115, 5, 2, 170),
(116, 5, 5, 171),
(117, 6, 5, 170),
(118, 6, 5, 196),
(119, 15, 97, 197),
(120, 4, 18, 198),
(121, 2, 4, 199),
(122, 13, 85, 200),
(123, 4, 5, 201),
(124, 7, 5, 201),
(125, 6, 5, 201),
(126, 9, 5, 201),
(127, 5, 4, 201),
(128, 5, 4, 202),
(144, 6, 3, 212),
(195, 13, 2, 261),
(196, 19, 1, 57),
(197, 19, 1, 262),
(198, 13, 6, 263),
(199, 2, 3, 264),
(200, 1, 2, 265),
(201, 1, 2, 266),
(202, 1, 2, 267),
(203, 1, 1, 268),
(204, 5, 5, 269),
(205, 12, 1, 270),
(206, 9, 1, 271),
(207, 3, 1, 272),
(208, 10, 5, 273),
(209, 1, 1, 274),
(210, 10, 1, 275),
(211, 8, 1, 276),
(212, 10, 1, 276),
(213, 2, 2, 277),
(214, 9, 1, 278),
(215, 12, 1, 279),
(216, 1, 1, 280),
(217, 1, 1, 282),
(218, 1, 1, 283),
(219, 1, 1, 284),
(220, 1, 1, 285),
(221, 1, 2, 286),
(222, 1, 1, 287),
(223, 2, 1, 288),
(224, 1, 1, 289),
(225, 1, 1, 290),
(226, 10, 1, 291),
(227, 1, 1, 292),
(228, 1, 1, 293),
(229, 2, 1, 294),
(230, 1, 2, 295),
(231, 1, 1, 296),
(232, 1, 1, 297),
(233, 1, 1, 299),
(234, 7, 4, 300),
(235, 7, 3, 301),
(236, 1, 0, 302),
(237, 1, 6, 303),
(238, 1, 0, 304),
(239, 1, 2, 305),
(240, 2, 2, 307),
(241, 9, 1, 308),
(242, 1, 0, 309),
(243, 1, 0, 310),
(245, 16, 1, 311),
(246, 16, 6, 312),
(247, 1, 6, 313),
(248, 2, 0, 314),
(249, 16, 8, 315),
(250, 13, 2, 316),
(251, 1, 1, 315),
(252, 16, 7, 344),
(253, 2, 4, 345),
(254, 3, 5, 346),
(255, 5, 5, 349);

-- --------------------------------------------------------

--
-- Table structure for table `productcoupons`
--

CREATE TABLE `productcoupons` (
  `ProductCouponId` bigint(30) NOT NULL,
  `Date` varchar(200) COLLATE utf8_persian_ci NOT NULL,
  `Value` bigint(30) NOT NULL,
  `Product` bigint(30) NOT NULL,
  `User` bigint(30) NOT NULL
) ENGINE=InnoDB DEFAULT CHARSET=utf8 COLLATE=utf8_persian_ci ROW_FORMAT=COMPACT;

--
-- Dumping data for table `productcoupons`
--

INSERT INTO `productcoupons` (`ProductCouponId`, `Date`, `Value`, `Product`, `User`) VALUES
(1, '2017/07/28', 5, 3, 1),
(2, '2018/01/07', 1, 328, 1);

-- --------------------------------------------------------

--
-- Table structure for table `productproperties`
--

CREATE TABLE `productproperties` (
  `ProductPropertyId` bigint(30) NOT NULL,
  `Name` varchar(200) COLLATE utf8_persian_ci NOT NULL,
  `Value` varchar(200) COLLATE utf8_persian_ci NOT NULL,
  `Group` bigint(30) NOT NULL,
  `Search` tinyint(1) NOT NULL
) ENGINE=InnoDB DEFAULT CHARSET=utf8 COLLATE=utf8_persian_ci ROW_FORMAT=COMPACT;

--
-- Dumping data for table `productproperties`
--

INSERT INTO `productproperties` (`ProductPropertyId`, `Name`, `Value`, `Group`, `Search`) VALUES
(2, 'وزن', 'زیر دو کیلو-بالای دو کیلو', 14, 1),
(3, 'حد اکثر توان ', '330وات', 14, 1),
(4, 'کانکتور ATX', 'دارد-ندارد', 14, 1),
(5, 'کانکتور 15 پین SATA ', 'دارد-ندارد', 14, 1),
(6, 'کانکتور 4 پین فلاپی :', 'دارد-ندارد', 14, 1),
(7, 'کانکتور 2+6 پین PCI-E :', 'دارد-ندارد', 14, 1),
(8, 'اقلام همراه :', '-', 14, 1),
(9, 'شرکت سازنده', 'ایسوس-دی-لینک-تی پی لینک-زایکسل-سایر', 22, 1),
(10, 'نوع آنتن', 'آنتن خارجی دارد-آنتن داخلی دارد-بدون آنتن باسیم-سایر', 22, 1),
(11, 'پورت شبکه ', 'شبکهRj45 دارد-RJ11-سایر', 22, 1),
(12, 'تعداد پورت شبکه', '1-2-3-4-8-12-24-32-سایر', 22, 1),
(13, 'تعداد پورت USB', '1-2-ندارد-سایر', 22, 1),
(14, 'تعداد آنتن', '1-2-3-4-سایر', 22, 1),
(15, 'شرکت سازنده', 'DELL-سامسونگ-LG-ایکس ویژن-ایسوس-JVC-لنوو-BENQ-سایر', 70, 1),
(16, 'اندازه نمایشگر', '17 و کوچکتر-18تا20اینچ-21تا 23اینچ-24به بالا', 70, 1),
(17, 'پورت HDMI', 'این پورت را ندارد-این پورت را دارد', 70, 1),
(18, 'پورت DVI', 'پورت DVI دارد-پورت DVI ندارد', 70, 1),
(19, 'بلند گو دارد', 'بلی-خیر', 70, 1),
(20, 'وب کم دارد', 'بلی-خیر', 70, 1),
(21, 'وزن', 'کمتر از 500 گرم-بیشتر از 500گرم', 12, 1),
(22, 'ظرفیت', 'کمتر از500گیگ-500گیگ تا یک ترا-بیشتر از یک ترا', 12, 1),
(23, 'نوع رابط', 'Sata2-IDE-sata3-سایر', 12, 1),
(24, 'سايز هد', '2.5-3.5-سایر', 12, 1),
(25, 'سرعت چرخش', '5400دور-7200دور-5900دور-10000دور-سایر', 12, 1),
(26, 'شرکت سازنده', 'کینگستون-GEIL-kingmax-apacer-patriot-adata-سایر', 13, 1),
(27, 'نوع رم', 'DDR1-DDR2-DDR3-DDR4-سایر', 13, 1),
(28, 'نوع ماژول', 'DIMM-microDIMM-miniDIMM-SODIMM-سایر', 13, 1),
(29, 'ظرفیت رم', 'کمتر از 1گیگ-1گیگ-2گیگ-4گیگ-8گیگ-16گیگ-32گیگ-64گیگ-سایر', 13, 1),
(30, 'فرکانس رم', '36000-1333-1600-1866-2133-2400-2600-2666-3000-32000-3300-34000-400-800-سایر', 13, 1),
(31, 'سیستم خنک کننده ', 'هیت سینک دارد-هیت سینک ندارد', 13, 1),
(32, 'شرکت سازنده', 'گرین-raidmax-الگانس-پاور-TSCO-سایر', 9, 1),
(33, 'پنجره شیشه ای', 'دارد-ندارد', 9, 1),
(34, 'نمایشگر', 'دارد-ندارد', 9, 1),
(35, 'دستگیره حمل', 'دارد-ندارد', 9, 1),
(36, 'نوع بدنه', 'پلاستیکی-فلزی-سایر', 9, 1),
(37, 'شکل کیس', 'کودکانه-ساده-حرفه ای-سایر', 9, 1),
(38, 'پورت USB جلو', 'دارد-ندارد', 9, 1),
(39, 'تعداد فن کیس', '1-2-3-4-سایر', 9, 1),
(40, 'شرکت سازنده', 'سونی-دل-ایسوس-فراسو-تسکو-مارشال-JBL-سایر', 15, 1),
(41, 'نوع', 'قابل حمل-رومیزی-سایر', 15, 1),
(42, 'اتصال', 'باسیم-بیسیم-هردو', 15, 1),
(43, 'ورودی فلش', 'دارد-ندارد', 15, 1),
(44, 'ورودی رم', 'دارد-ندارد', 15, 1),
(45, 'باطری ', 'دارد-ندارد', 15, 1),
(46, 'کنترل از راه دور', 'دارد-ندارد', 15, 1),
(47, 'ابعاد', 'کوچک-متوسط-بزرگ', 15, 1),
(48, 'وزن', 'کمتر از 500 گرم-بیشتر از 500 گرم', 15, 1),
(49, 'شرکت سازنده', 'سونی-دل-ایسوس-فراسو-تسکو-مارشال-JBL-سایر', 17, 1),
(50, 'نوع اتصال', 'باسیم-بیسیم-هردو', 17, 1),
(51, 'مقاوم در برابر آب', 'دارد-ندارد', 17, 1),
(52, 'سایر امکانات', '-', 17, 1),
(53, 'سایر امکانات', '-', 15, 1),
(54, 'نوع', 'ماوس-کی بورد-ماوس و کیبورد', 16, 1),
(55, 'اتصال', 'باسیم-بیسیم-هردو', 16, 1),
(56, 'شرکت سازنده', 'سونی-دل-ایسوس-فراسو-تسکو-مارشال-JBL-سایر', 16, 1),
(57, 'نوع کاربری', 'بازی-ساده-حرفه ای-سایر', 16, 1),
(58, 'سایر امکانات', '-', 16, 1),
(59, 'نوع سیم', 'USB-PS2-سایر', 16, 1),
(60, 'مقاوم در برابر آب', 'دارد-ندارد', 16, 1),
(61, 'چراغ روشنایی', 'دارد-ندارد', 16, 1),
(62, 'وزن', 'زیر 500 گرم-بالای500 گرم', 16, 1),
(63, 'حساسیت ماوس', 'اپتیکال-لیزری-هردو-سایر', 16, 1),
(64, 'دقت ماوس نقطه در اینچ', '800-1000-بالای1000-زیر800', 16, 1),
(65, 'شرکت سازنده', 'سیلیکون پاور-سونی-دل-ایسوس-وسترن دیجیتال-kingstone-ترنسند-ADATA-kingmax-لنوو-هیتاچی-سامسونگ-اپیسر-سیگیت-سایر', 21, 1),
(66, 'ظرفیت', 'کمتراز 4گیگ-4-8-16-32-64-128-512-1ترا-2ترا-بیشتر از 2ترا', 21, 1),
(67, 'نوع', 'هارد-فلش-رم-سایر', 21, 1),
(68, 'اتصال', 'باسیم-بیسیم-هردو', 21, 1),
(69, 'مقاوم در برابر آب', 'دارد-ندارد', 21, 1),
(70, 'مقاوم در برابرضربه', 'دارد-ندارد', 21, 1),
(71, 'وزن', 'کمتر از 500 گرم-بیشتر از 500 گرم', 21, 1),
(72, 'نوع رابط', 'USB 2.0-USB 3.0-سایر', 21, 1),
(73, 'سایر امکانات', '-', 21, 1),
(74, 'سایز', '2.5اینچ-3.5-سایر', 21, 1),
(75, 'نوع RAM', 'CF-MicroSD-SD-MiniSD-سایر', 21, 1),
(76, 'نوع کلاس RAM', '2-4-6-10-UHS-سایر', 21, 1),
(77, 'شرکت سازنده', 'اپلApple -مایکروسافتMicrosoft -سامسونگSamsung- ایسوسASUS- لنووLenovo- هوآویHuawei- آمازونAmazon- ال جیLG- آلکاتلAlcatel- دلDell- ایسرAcer- سونیSony -مایکرودیاMicrodia- فراسوFarassoo -آی لایفi-Life- آی', 3, 1),
(78, 'اندازه نمایشگر', 'زیر8 اینچ-8تا10-10 به بالا', 3, 1),
(79, 'سیمکارت خور', '2G-2G3G-2G3G4G-سایر-سیم کارت خور نیست', 3, 1),
(80, 'حافظه داخلی', 'کمتر از4 گیگ-4-8-16-32-64-128-256-512-یک ترا و بیشتر', 3, 1),
(81, 'امکانات', 'دارای کیبورد-دارای اثر انگشت-قلم دارد-سیم کارت خور است-سایر', 3, 1),
(82, 'سایر امکانات', '-', 3, 1),
(83, 'سیستم عامل', '-windows-ios-android-سایر', 3, 1),
(84, 'امکانات ارتباطی مانند:بلوتوث-NFCواینترنت همراه وwifi', '-', 3, 1),
(85, 'شرکت سازنده', 'اپل-اچ پی-ایسر-لنوو-سونی-دل-ایسوس--هیتاچی-سامسونگ-سایر', 21, 0),
(86, 'شرکت سازنده', 'سونی-دل-ایسوس-لنوو-hp-MSI-توشیبا--مارشال-ایسر-گیگابایت--سایر', 8, 1),
(87, 'وزن', 'زیر 2 کیلو-بین2تا3-بیشتر از3', 8, 1),
(88, 'سازنده پردازنده', 'Intel-AMD-سایر', 8, 1),
(89, 'CPU', 'Pentium-CI3-CI5_CI7-سایر', 8, 1),
(90, 'حافظه Cache', '2مگ-4مگ-8مگ-سایر', 8, 1),
(91, 'ظرفيت حافظه RAM', '2-4-8-16-سایر', 8, 1),
(92, 'نوع حافظه RAM', 'ِDDR2-DDR3-سایر', 8, 1),
(93, 'ظرفيت حافظه داخلي', 'زیر 500 گیگ-500-1ترا-2ترا-بیشتر از2ترا', 8, 1),
(94, 'حافظه اختصاصي پردازنده گرافيکي', '1GB-2GB-4GB-کمتراز 1گیگ-بیشتر 2گیگ', 8, 1),
(95, 'صفحه نمایش', 'کمتر از10اینچ-10-12-13-14-15-17-بالاتر از 17', 8, 1),
(96, 'درایو نوری', 'دارد-ندارد', 8, 1),
(97, 'وبکم', 'دارد-ندارد', 8, 1),
(98, 'کيبورد با نور پس زمينه', 'دارد-ندارد', 8, 1),
(99, 'حسگر اثر انگشت', 'دارد-ندارد', 8, 1),
(100, 'شبکه بي سيم Wi-Fi', 'دارد-ندارد', 8, 1),
(101, 'پورت VGA', 'دارد-ندارد', 8, 1),
(102, 'پورت HDMI', 'دارد-ندارد', 8, 1),
(103, 'پورت USB 3.0', 'دارد-ندارد', 8, 1),
(104, 'طبقه‌بندي', 'کاربرد عمومی-حرفه ای-بازی-سایر', 8, 1),
(105, 'سایر امکانات', '-', 8, 1),
(106, 'مدل', 'AMD-intel-سایر', 10, 1),
(107, 'پردازنده', 'celeron-CI3-peintium-Ci5-Ci7-سایر', 10, 1),
(108, 'سوکت', 'AM2+-AM3-AM3+-AM4-AM1-AM-LGA1150-LGA1151-LGA1155-LGA2011v3-سایر', 10, 1),
(109, 'سایر مشخصات', '-', 10, 1),
(110, 'شرکت سازنده', 'Asus-گیگابایت-MSI-سایر', 11, 1),
(111, 'نوع گرافیک', 'AMD-Nvidia-سایر', 11, 1),
(112, 'اسلات', 'PCI express2-Pci express3-سایر', 11, 1),
(113, 'اندازه حافظه', 'کمتر از 1-2-3-4-6-8-بیشتراز 8', 11, 1),
(114, 'نوع', 'DDR3-DDR5-DDR5x-hbm-سایر', 11, 1),
(115, 'پشتیبانی از LSI', 'دارد-ندارد', 11, 1),
(116, 'فضای مورد نیاز نصب', '1اسلات-2اسلات-سایر', 11, 1),
(117, 'خروجی HDMI', 'دارد-ندارد', 11, 1),
(118, 'خروجی VGA', 'دارد-ندارد', 11, 1),
(119, 'خروجی DVI-i', 'دارد-ندارد', 11, 1),
(120, 'خروجی DVI-D', 'دارد-ندارد', 11, 1),
(121, 'سایر', '-', 11, 1),
(122, 'شرکت سازنده', '-', 23, 1),
(123, 'مدل جدید سال1396', 'بلی-خیر', 23, 1),
(124, 'نوع', 'کلاسیک-چند عقربه ای-بند استیل-بند چرمی-سایر', 23, 1),
(125, 'کاربری', 'مچی-آویز-دیواری-رومیزی-تزیینی-ایستاده-سایر', 23, 1),
(126, 'برای', 'بزرگسال-بچه گانه-سایر', 23, 1),
(127, 'مناسب برای ', 'آقایان-بانوان-ست مردانه زنانه-مناسب برای هم آقا و هم بانوان-سایر', 23, 1),
(128, 'نوع کاربری', 'روزانه-لوکس-رسمی-فشن-سایر', 23, 1),
(129, 'فرم صفحه', 'گرد-مربع-لوزی-چند ضلعی-مثلثی-سایر', 23, 1),
(130, 'نوع تکنولوژی', 'عقربه ای-دیجیتال-سایر', 23, 1),
(131, 'کرنومتر', 'دارد-ندارد', 23, 1),
(132, 'نمایش تاریخ', 'دارد-ندارد', 23, 1),
(133, 'وزن', '-', 23, 1),
(134, 'جنس بدنه', 'پلاستیک-فلزی-سایر', 23, 1),
(135, 'مقاوم در برابر آب', 'دارد-ندارد', 23, 1),
(136, 'عقربه هاي شب تاب', 'دارد-ندارد', 23, 1),
(137, 'ساير مشخصات', '-', 23, 1),
(138, 'نوع قفل بند', 'سگکی ساده-دستبندی-قفل مخفی-چسبی-مغناطیسی-ضامن دار-ساده', 23, 1),
(139, 'شرکت سازنده', '-', 25, 1),
(140, 'مقاوم در برابر آب', 'دارد-ندارد', 25, 1),
(141, 'وزن ', 'کمتر از 100 گرم-بیشتر از 100 گرم', 25, 1),
(142, 'جنس بدنه', 'پلاستیک-فلزی-سایر', 25, 1),
(143, 'شکل صفحه', 'گرد-مربع-لوزی-چند ضلعی-مثلثی-سایر', 25, 1),
(144, 'نوع قفل بند', 'سگکی ساده-دستبندی-قفل مخفی-چسبی-مغناطیسی-ضامن دار-ساده', 25, 1),
(145, 'ساير مشخصات', '-', 25, 1),
(146, 'شتاب‌سنج، فشارسنج، دماسنج، ارتفاع‌سنج', 'دارد-ندارد', 25, 1),
(147, 'پايش فعاليت‌هاي روزمره و ورزشي: تعداد قدم‌ها، کالري، مسافت ، تغييرات ارتفاع', 'دارد-ندارد', 25, 1),
(148, 'تايمر، ساعت هشدار، تقويم، پيش‌بيني وضع هوا، ساعت جهاني', 'دارد-ندارد', 25, 1),
(149, 'باتري قابل شارژ', 'دارد-ندارد', 25, 1),
(150, 'امکان نصب app', 'دارد-ندارد', 25, 1),
(151, 'قابليت نصب سيم کارت', 'دارد-ندارد', 25, 1),
(152, 'سازگار با', 'IOS-Android-هردو-سایر', 25, 1),
(153, 'قابليت نصب کارت حافظه', 'دارد-ندارد', 25, 1),
(154, 'پخش موسيقي', 'دارد-ندارد', 25, 1),
(155, 'پخش ويديو', 'دارد-ندارد', 25, 1),
(156, 'اتصالات', 'wifi-bloto0th-NFC-nfc+blotooth-nfc+blotooth+wifi-سایر', 25, 1),
(157, 'قابليت مکالمه', 'دارد-ندارد', 25, 1),
(158, 'شرکت سازنده', '-', 28, 1),
(159, 'نوع بازی', 'کیت آموزشی-بازی فکری-بازی آموزشی-سایر', 28, 1),
(160, 'ابعاد', 'کوچک-متوسط-بزرگ', 28, 1),
(161, 'رده سنی', 'کودک-نوجوان-بزرگسال-همه سنین-سایر', 28, 1),
(162, 'سایر توضیحات', '-', 28, 1),
(163, 'تعداد بازیکن', 'تک نفره-چند نفره', 28, 1),
(164, 'ابعاد', 'کوچک-متوسط-بزرگ', 29, 1),
(165, 'رده سنی', 'کودک-نوجوان-بزرگسال-همه سنین-سایر', 29, 1),
(166, 'سایر توضیحات', '-', 29, 1),
(167, 'شرکت سازنده', '-', 29, 1),
(168, 'انواع عروسک', 'حیوانات-عروسک-فیگور-سایر', 30, 1),
(169, 'شرکت سازنده', '-', 30, 1),
(170, 'سایر توضیحات', '-', 30, 1),
(171, 'وزن بر حسب گرم', '-', 29, 0),
(172, 'قابليت حرکت اعضا', 'دارد-ندارد', 30, 1),
(173, 'قابليت شستشو', 'دارد-ندارد', 30, 1),
(174, 'سایر توضیحات', '-', 31, 1),
(175, 'شرکت سازنده', '-', 31, 1),
(176, 'قابلیت پرتاب تیر', 'دارد-ندارد', 31, 1),
(177, 'تفنگ بازی آبی', 'دارد-ندارد', 31, 1),
(178, 'چراغ دارد و باطری خور است', 'دارد-ندارد', 31, 1),
(179, 'ابعاد', '-', 31, 0),
(180, 'کنترل از راه دور دارد؟', 'دارد-ندارد', 32, 1),
(181, 'سایر توضیحات', '-', 32, 1),
(182, 'کنترل از راه دور', 'سیم دار-بی سیم', 32, 1),
(183, 'نوع', 'ماشین-هواپیما-قطار-کشتی(قایق)-موتور', 32, 1),
(184, 'شرکت سازنده', '-', 32, 1),
(185, 'کارمیکند با:', 'برق-باطری-بنزین-تزیینی-سایر', 32, 1),
(186, 'قابليت پرواز', 'دارد-ندارد', 32, 1),
(187, 'ورژن', '-', 35, 1),
(188, 'قاب', 'پلاستیک-فلز', 35, 1),
(189, 'صفحه نمایش', 'آی پی اس - سوپر آمولد - تی اف تی', 35, 1),
(190, 'سال تولید', '-', 35, 1),
(191, 'صفحه نمایش', 'مقاومتی-حرارتی', 38, 1);

-- --------------------------------------------------------

--
-- Table structure for table `products`
--

CREATE TABLE `products` (
  `ProductId` bigint(30) NOT NULL,
  `Name` varchar(200) COLLATE utf8_persian_ci NOT NULL,
  `LatinName` varchar(200) COLLATE utf8_persian_ci NOT NULL,
  `Description` text COLLATE utf8_persian_ci NOT NULL,
  `Image` varchar(400) COLLATE utf8_persian_ci NOT NULL,
  `User` bigint(30) NOT NULL,
  `MetaDescription` varchar(200) COLLATE utf8_persian_ci NOT NULL,
  `Keywords` varchar(200) COLLATE utf8_persian_ci NOT NULL,
  `Review` longtext COLLATE utf8_persian_ci NOT NULL,
  `Brand` bigint(30) NOT NULL,
  `Group` bigint(30) NOT NULL,
  `SubGroup` bigint(30) NOT NULL,
  `SupperGroup` bigint(30) NOT NULL,
  `Activated` tinyint(1) NOT NULL,
  `Stock` bit(1) NOT NULL DEFAULT b'0',
  `Downloadable` bit(1) NOT NULL DEFAULT b'0',
  `DownloadContent` text COLLATE utf8_persian_ci NOT NULL
) ENGINE=InnoDB DEFAULT CHARSET=utf8 COLLATE=utf8_persian_ci ROW_FORMAT=COMPACT;

--
-- Dumping data for table `products`
--

INSERT INTO `products` (`ProductId`, `Name`, `LatinName`, `Description`, `Image`, `User`, `MetaDescription`, `Keywords`, `Review`, `Brand`, `Group`, `SubGroup`, `SupperGroup`, `Activated`, `Stock`, `Downloadable`, `DownloadContent`) VALUES
(5, ' مودم روتر ADSL2 Plus بي‌سيم N300 تي پي-لينک مدل TD-W8961N ', ' TP-LINK ADSL2 Plus TD-W8961N Wireless N300 Modem Router ', '', '/Images/5//n.jpg', 1, ' TP-LINK ADSL2 Plus TD-W8961N Wireless N300 Modem Router \r\n مودم روتر ADSL2 Plus بي‌سيم N300 تي پي-لينک مدل TD-W8961N ', ' TP-LINK ,ADSL2 ,Plus, TD-W8961N ,Wireless N300, Modem, Router ', '', 1, 1, 5, 22, 1, b'0', b'0', ''),
(7, ' مانيتور سامسونگ مدل LS19F355HN سايز 19 اينچ Samsung LS19F355HN Monitor 19 Inch', ' مانيتور سامسونگ مدل LS19F355HN سايز 19 اينچ Samsung LS19F355HN Monitor 19 Inch', '', '/Images/7//LS19F355HN.jpg', 1, 'مانيتور سامسونگ مدل LS19F355HN سايز 19 اينچ Samsung LS19F355HN Monitor 19 Inch\r\n', ' مانيتور ,سامسونگ, مدل, LS19F355HN, سايز, 19, اينچ, Samsung ,LS19F355HN, Monitor ,19 ,Inch', '', 1, 1, 3, 70, 1, b'0', b'0', ''),
(9, ' رم دسکتاپ DDR3 تک کاناله 1600 مگاهرتز کينگ مکس ظرفيت 2 گيگابايت Kingmax DDR3 1600MHz Single Channel Desktop RAM - 2GB', ' رم دسکتاپ DDR3 تک کاناله 1600 مگاهرتز کينگ مکس ظرفيت 2 گيگابايت Kingmax DDR3 1600MHz Single Channel Desktop RAM - 2GB', '', '/Images/9//ra.jpg', 1, 'رم دسکتاپ DDR3 تک کاناله 1600 مگاهرتز کينگ مکس ظرفيت 2 گيگابايت Kingmax DDR3 1600MHz Single Channel Desktop RAM - 2GB\r\n', ' رم ,دسکتاپ ,DDR3 ,تک ,کاناله, 1600, مگاهرتز, کينگ ,مکس ,ظرفيت ,2 ,گيگابايت, Kingmax, DDR3 ,1600MHz, Single, Channel ,Desktop, RAM - 2GB', '', 1, 1, 3, 13, 1, b'0', b'0', ''),
(10, ' کيس کامپيوتر گرين مدل Pars Plus Green Pars Plus Computer Case', ' کيس کامپيوتر گرين مدل Pars Plus Green Pars Plus Computer Case', '', '/Images/10//cas.jpg', 1, 'کيس کامپيوتر گرين مدل Pars Plus Green Pars Plus Computer Case\r\n', ' کيس, کامپيوتر, گرين ,مدل ,Pars, Plus ,Green, Pars ,Plus ,Computer, Case', '', 1, 1, 3, 9, 1, b'0', b'0', ''),
(11, 'اسپيکر بياند مدل FMS-2035 ', ' FMS-2035 Beyond FMS-2035 Speaker', '', '/Images/11//s.jpg', 1, ' FMS-2035 Beyond FMS-2035 Speaker', ' FMS-2035 ,Beyond, FMS-2035 ,Speaker', '', 1, 1, 3, 15, 1, b'0', b'0', ''),
(12, 'هدفون جي وي سي مدل HA-S180', 'JVC HA-S180 Headphones', '', '/Images/12//d.jpg', 1, '', 'JVC ,HA-S180 ,Headphones,جی وی سی,هدفن,', '', 1, 1, 3, 17, 1, b'0', b'0', ''),
(13, 'کيبورد و ماوس بي‌سيم لاجيتک مدل MK270 با حروف فارسي', 'Logitech MK270 Wireless Keyboard and Mouse With Persian Letters', '', '/Images/13//key.jpg', 1, 'کيبورد و ماوس بي‌سيم لاجيتک مدل MK270 با حروف فارسي\r\nLogitech MK270 Wireless Keyboard and Mouse With Persian Letter', 'کيبورد ,و ماوس, بي‌سيم, لاجيتک, مدل, MK270, با حروف ,فارسي, Logitech ,MK270 ,Wireless, Keyboard and ,Mouse With ,Persian, Letter', '', 1, 1, 3, 16, 1, b'0', b'0', ''),
(14, 'هاردديسک اکسترنال Silicon Power مدل آرمور A80 ظرفيت 1 ترابايت', 'Silicon Power Armor A80 External Hard Drive - 1TB', '', '/Images/14//aaa.jpg', 1, 'هاردديسک اکسترنال Silicon Power مدل آرمور A80 ظرفيت 1 ترابايت', 'هاردديسک, اکسترنال, Silicon Power ,مدل, آرمور, A80, ظرفيت, 1 ترابايت, Silicon, Power ,Armor, A80 ,External ,Hard ,Drive - ,1TB', '', 1, 1, 5, 21, 1, b'0', b'0', ''),
(33, 'کارت شبکه اینترنال', 'Internal Network Card', '', '/Images/33//pci_net.jpg', 1, '', '', '', 1, 1, 5, 20, 1, b'0', b'0', ''),
(35, 'شارژر همه کاره', 'Power Griffin', '', '/Images/35//P_20170830_190722.jpg', 1, '', '', '', 1, 1, 5, 20, 1, b'0', b'0', ''),
(43, 'پاور بانک 20000mah فلزی انرژایزر', 'power bank energizer 20000mah.iron', '', '/Images/43//20170831_172615.jpg', 1, '', '', '', 1, 1, 5, 20, 1, b'0', b'0', ''),
(44, 'کابل مبدل otg موبایل جهت اتصال فلش به موبایل یا تبلت', 'otg mobile phone connect kit', '', '/Images/44//20170831_173220.jpg', 1, '', '', '', 1, 1, 5, 20, 1, b'0', b'0', ''),
(45, 'تمیز کننده مانیتور', 'screan clean suit', '', '/Images/45//20170831_173902.jpg', 1, '', '', '', 1, 1, 5, 20, 1, b'0', b'0', ''),
(46, 'فلش 16گیگ کداک usb3', 'flash 16gb kodak usb3', '', '/Images/46//15041865447294.jpg', 1, '', '', '', 1, 1, 5, 21, 1, b'0', b'0', ''),
(50, 'کابل aux 3.5 یک متری', 'aux cable  3.5 1meter', '', '/Images/50//15041864607462.jpg', 1, '', '', '', 1, 1, 5, 21, 1, b'0', b'0', ''),
(54, 'خمیر سیلیکن سی پی یو سرنگی', 'cpu silicon duff', '', '/Images/54//15041864607251.jpg', 1, '', '', '', 1, 1, 5, 20, 1, b'0', b'0', ''),
(57, 'ساعت ولدر دیواری', 'velder clock', '', '/Images/57//20170831_185215.jpg', 1, '', '', '', 5, 4, 6, 23, 1, b'0', b'0', ''),
(59, 'هارد لپ تاب سیگیت با گارانتی سازگار 1 ترابایت', 'Hdd seagate  laptop1Tb garanti sazgar', '', '/Images/59//15041909496100-1.jpg', 1, '', '', '', 1, 1, 2, 71, 1, b'0', b'0', ''),
(62, 'هدفن وایر لس بلوتوث ال جی S740T قرمز مشکی', 'Blutooth stereo S740T red black', '', '/Images/62//15041919840410.jpg', 1, '', '', '', 1, 1, 5, 20, 1, b'0', b'0', ''),
(64, 'مودم دو انتن تیپی لینک w8961n 300Mbps گارانتی سه ساله متم اف', 'modem tp link w8961n 300Mbps', '', '/Images/64//15041929857000.jpg', 1, '', '', '', 1, 1, 5, 22, 1, b'0', b'0', ''),
(65, 'مودم تک انتن تی پی لینک با گارانتی 3 ساله پارسی 150Mbps', 'tp link w8901n 150Mbps', '', '/Images/65//15041926728830.jpg', 1, '', '', '', 1, 1, 5, 22, 1, b'0', b'0', ''),
(209, 'Empty', '', '', '', 0, '', '', '', 0, 0, 0, 0, 0, b'0', b'0', ''),
(212, 'Empty', '', '', '', 0, '', '', '', 0, 0, 0, 0, 0, b'0', b'0', ''),
(252, 'Empty', '', '', '', 0, '', '', '', 0, 0, 0, 0, 0, b'0', b'0', ''),
(253, 'Empty', '', '', '', 0, '', '', '', 0, 0, 0, 0, 0, b'0', b'0', ''),
(260, 'Empty', '', '', '', 0, '', '', '', 0, 0, 0, 0, 0, b'0', b'0', ''),
(261, 'مبدل سیم کارت استاندارد و نانو و میکرو1', 'nano sim card adapter', '<p>قابلیت تبدیل سیم کارت کوچک شده با سایز های بزرگ تر</p>', '/Images/261//3in1_nano_sim_to_micro_sim_stand.jpg', 1, 'قابلیت تبدیل سیم کارت کوچک شده با سایز های بزرگ تر', 'قابلیت ,تبدیل ,سیم ,کارت ,کوچک ,شده, با, سایز, های, بزرگ تر,مبدل سیم کارت و همراه اول, ایرانسل ,رایتل,', '<p>دارای سوهان جهت تراش دقیق سیم کارت پانچ شده</p>', 1, 1, 5, 20, 1, b'0', b'0', ''),
(262, 'کیف لپ تاب 15اینچ برینچ', 'laptop bag Brinch Digital Life', '', '/DigitalShopv2/Images/262//151266.jpg', 1, '', '', '', 1, 1, 5, 20, 1, b'0', b'0', ''),
(263, 'کابل hdmi1.5 متری انزو رنگ مشکی با نوار قرمز', 'Enzo HDMI 1.5m cable', '', '/Images/263//150537420715053740222950.jpg', 1, '', '', '', 1, 1, 5, 20, 1, b'0', b'0', ''),
(264, 'کابل HDMI Sony دو متری', 'HDMI cable 2m sony', '', '/Images/264//150537445115053742848100.jpg', 1, '', '', '', 1, 1, 5, 20, 1, b'0', b'0', ''),
(265, 'کابل VGA سه متری تسکو', 'Vga cable 3m TSCO', '', '/Images/265//150537464915053745553661.jpg', 1, '', '', '', 1, 1, 5, 20, 1, b'0', b'0', ''),
(266, 'کابل vga یک متری معمولی', 'VGA cable 1m simple', '', '', 1, '', '', '', 1, 1, 5, 20, 1, b'0', b'0', ''),
(267, 'مبدل HDMI کوچک ساده', 'HDMI mini simple', '', '/Images/267//150537498520170914_121132-1.jpg', 1, '', '', '', 1, 1, 5, 20, 1, b'0', b'0', ''),
(268, 'کابل شارژر گوشی یک متری', 'mobile charge cable 1m', '', '', 1, '', '', '', 1, 1, 5, 20, 1, b'0', b'0', ''),
(269, 'باطری سکه ای 2016 مکسل', 'batri coin cr2016 maxell', '', '/Images/269//150537529915053751931404.jpg', 1, '', '', '', 1, 1, 5, 20, 1, b'0', b'0', ''),
(270, 'مبدل otg و رم ریدر میکرو sd به usb', 'otg convertor +micro sd to usb', '', '/Images/270//150537575315053755138730.jpg', 1, '', '', '', 1, 1, 5, 20, 1, b'0', b'0', ''),
(271, 'هدفن سبز رنگ معمولی ساده', 'green headphone simple', '', '/Images/271//150537592315053758307270.jpg', 1, '', '', '', 1, 1, 5, 20, 1, b'0', b'0', ''),
(272, 'کابل صدا دوسر نری یک متری', 'AUX cable 1m', '', '/Images/272//150537611415053760321150.jpg', 1, '', '', '', 1, 1, 5, 20, 1, b'0', b'0', ''),
(273, 'باطری قلمی دو عددی وارتا آلمانی آلکالاین', 'varta aa alkaline germany', '', '/Images/273//150537623515053761374480.jpg', 1, '', '', '', 1, 1, 5, 20, 1, b'0', b'0', ''),
(274, 'دسته بازی بیسیم pc ps2 ps3', 'game pad joystick 2.4g wireless ps2 ps3 PC', '', '/Images/274//150537661115053763796002.jpg', 1, '', '', '', 1, 1, 5, 20, 1, b'0', b'0', ''),
(275, 'فروش دسته بازی دو نفره supreme jp-701D', 'supreme joystick jp-701D', '', '/Images/275//150537680715053766886710.jpg', 1, '', '', '', 1, 1, 5, 20, 1, b'0', b'0', ''),
(276, 'دسته بازی یکنفره usb xp-2013 product', 'joystick usb product game pad xp product xp-2013', '', '/Images/276//150537711715053769978090.jpg', 1, '', '', '', 1, 1, 5, 20, 1, b'0', b'0', ''),
(277, 'شارژر موبایل معمولی سامسونگ', 'samsung travel adapter data cable mobile charger', '', '/Images/277//150537749415053772250070.jpg', 1, '', '', '', 1, 1, 5, 20, 1, b'0', b'0', ''),
(278, 'کابل hdmi سه متری سبز p product', 'p product hdmi 3m green', '', '/Images/278//150537772515053775745490.jpg', 1, '', '', '', 1, 1, 5, 20, 1, b'0', b'0', ''),
(279, 'کابلHDMI پنج متری صورتی پ پروداکت', 'p product hdmi cable 5m pink', '', '/Images/279//150537787415053777594520.jpg', 1, '', '', '', 1, 1, 5, 20, 1, b'0', b'0', ''),
(280, 'پاور تسکو مشکی 570', 'power tsco 570', '', '/Images/280//150537819715053780126920.jpg', 1, '', '', '', 1, 1, 3, 14, 1, b'0', b'0', ''),
(281, 'Empty', '', '', '', 0, '', '', '', 0, 0, 0, 0, 0, b'0', b'0', ''),
(282, 'اسپیکر ساعت دار', 'clock speaker', '', '/Images/282//150537854415053784479930.jpg', 1, '', '', '', 1, 1, 3, 15, 1, b'0', b'0', ''),
(283, 'تبدیل اچ دی ام ای به وی جی ای', 'hdmi to vga convertor', '', '/Images/283//1505378805IMG_20170914_131525.jpg', 1, '', '', '', 1, 1, 5, 20, 1, b'0', b'0', ''),
(284, 'ماوس بلوتوث داینامیک کالر', 'dynamic color xp 1010w 2.4 g', '', '/Images/284//1505378963IMG_20170914_131716.jpg', 1, '', '', '', 1, 1, 3, 16, 1, b'0', b'0', ''),
(285, 'پک تبدیل های مختلف و افزایش طول یو اس بی', 'convertor usb', '', '/Images/285//150537961115053793866260.jpg', 1, '', '', '', 1, 1, 5, 20, 1, b'0', b'0', ''),
(286, 'تبدیل کابل صدای 1 به 2', 'audio 1 to 2 convertor', '', '/Images/286//150537985815053797393450.jpg', 1, '', '', '', 1, 1, 5, 20, 1, b'0', b'0', ''),
(287, 'دسته بازی Xbox360 برای ویندوز', 'microsoft xbox 360 controller for windows pc usb', '', '/DigitalShopv2/Images/287//61cOuBYzgQL._sx425_.jpg', 1, '', '', '', 1, 1, 5, 20, 1, b'0', b'0', ''),
(288, 'تبدیل HDMI به VGA مدل D-NET', 'D-NET HDMI to VGA convertor', '', '/Images/288//150539289915053927543970.jpg', 1, '', '', '', 1, 1, 5, 20, 1, b'0', b'0', ''),
(289, 'ماوس بازی CASI', 'gaming mouse CASI', '', '/Images/289//150539299020170914_134936-1.jpg', 1, '', '', '', 1, 1, 3, 16, 1, b'0', b'0', ''),
(290, 'ماوس ویرا مدل 821', 'viera mouse VI-821', '', '/Images/290//15056624515390.jpg', 1, '', '', '', 1, 1, 3, 16, 1, b'0', b'0', ''),
(291, 'ماوس بلوتوثی وایرلس ایسر', 'acer 2.4g wireless mouse', '', '', 1, '', '', '', 1, 1, 3, 16, 1, b'0', b'0', ''),
(292, 'هدفن بلوتوثی جبرا', 'jebra headphone blutooth', '', '/Images/292//150539456615053944752260.jpg', 1, '', '', '', 1, 1, 5, 20, 1, b'0', b'0', ''),
(293, 'هدفت بلوتوثی جبرا استون', 'jebra STON blotooth headset', '', '/Images/293//150539574215053954491830.jpg', 1, '', '', '', 1, 1, 5, 20, 1, b'0', b'0', ''),
(294, 'هدست بلوتوثی مونستر', 'headset blotooth MONSTER', '', '/Images/294//150539587915053957859570.jpg', 1, '', '', '', 1, 1, 5, 20, 1, b'0', b'0', ''),
(295, 'ماوس و کی بورد بلوتوث xp-w4901', 'mouse keyboard xp-product w4901', '', '/Images/295//150539611715053960082180.jpg', 1, '', '', '', 1, 1, 3, 16, 1, b'0', b'0', ''),
(296, 'قاب هارد لپتاب usb2', '2.5', '', '/Images/296//150539633515053962422750.jpg', 1, '', '', '', 1, 1, 5, 20, 1, b'0', b'0', ''),
(297, 'تبدیل همه کاره شارژر موبال +فندکی ماشین معمولی گریفین', 'Griffin multi mobaile charger function', '', '/Images/297//150539648815053963902431.jpg', 1, '', '', '', 1, 1, 5, 20, 1, b'0', b'0', ''),
(298, 'مبدل هارد های IDE TO SATA', 'IDEto SATA convertor', '', '/Images/298//150539669715053966004063.jpg', 1, '', '', '', 1, 1, 5, 20, 1, b'0', b'0', ''),
(299, 'ماوس پد DNET', 'DNET mouse pad', '', '/Images/299//150539681715053967458534.jpg', 1, '', '', '', 1, 1, 5, 20, 1, b'0', b'0', ''),
(300, 'کابل یو اس بی تری نری به نری DNET یک و نیم متری', 'D NET USB3 CABLE AM/AM 1.5m', '', '/Images/300//150539695515053968622915.jpg', 1, '', '', '', 1, 1, 5, 20, 1, b'0', b'0', ''),
(301, 'تبدیل میکرو یو اس نری بی به یو اس بی نری .سی سانتی', 'micro usb to usb Am 30cm', '', '/Images/301//150539717015053970180446.jpg', 1, '', '', '', 1, 1, 5, 20, 1, b'0', b'0', ''),
(302, 'مبدل دی وی ای و وی جی ای D-NET', 'D-NET VGA +DVI convertor', '', '/Images/302//150539750515053973211767.jpg', 1, '', '', '', 1, 1, 5, 20, 1, b'0', b'0', ''),
(303, 'مبدل رم میکرو اس دی به یو اس بی. دی نت', 'D NET micro sd to usb ram reader', '', '/Images/303//150539779515053976547089.jpg', 1, '', '', '', 1, 1, 5, 20, 1, b'0', b'0', ''),
(304, 'کابل صدای aux یک به یک فنری', 'aux cable one to one', '', '/Images/304//150539805315053978890970.jpg', 1, '', '', '', 1, 1, 5, 20, 1, b'0', b'0', ''),
(305, 'کابل شارژر ریمکس 1 متری', 'cable remax 1M', '', '/Images/305//150539865720170914_184127~2.jpg', 1, '', '', '', 1, 1, 5, 20, 1, b'0', b'0', ''),
(307, 'تبدیل usb به کارت شبکه', 'usb to network ethernet adapter', '', '/Images/307//150539877615053982721141.jpg', 1, '', '', '', 1, 1, 5, 20, 1, b'0', b'0', ''),
(308, 'ماوس پد با کیفیت انزو', 'enzo mouse pad good quality', '', '/Images/308//150539900215053989139722.jpg', 1, '', '', '', 1, 1, 5, 20, 1, b'0', b'0', ''),
(309, 'پد خنک کننده لپ تاب دیانا D 928', 'diana notebook cooling pad D-928', '', '/Images/309//150539926815053991400050.jpg', 1, '', '', '', 1, 1, 5, 20, 1, b'0', b'0', ''),
(310, 'اسپیکر مارشال ME- 2313', 'marshal speaker me 2313', '', '/Images/310//150539947415053993891950.jpg', 1, '', '', '', 1, 1, 5, 20, 1, b'0', b'0', ''),
(311, 'باکس سی دی پنجاه عددی', 'Box 50 dvd', '', '/Images/311//150539967215053995996592.jpg', 1, '', '', '', 1, 6, 11, 38, 1, b'0', b'0', ''),
(312, 'سیدی پنجاه عددی', 'Cd 50 box', '', '/Images/312//150539973115053995657781.jpg', 1, '', '', '', 1, 6, 11, 38, 1, b'0', b'0', ''),
(313, 'فن سی پی یو 775lga', 'cpu fan lga775', '', '/Images/313//150539989215053998051133.jpg', 1, '', '', '', 1, 1, 5, 20, 1, b'0', b'0', ''),
(314, 'نویز گیر مودم زایکسل', 'zyxel modem filter', '', '/Images/314//150540024915054001394556.jpg', 1, '', '', '', 1, 1, 5, 20, 1, b'0', b'0', ''),
(315, 'آنتی ویروس نود 10برای دو سیستم یکساله', 'eset smart security 2017 ver10 2 device 1year', '', '/DigitalShopv2/Images/315//61cOuBYzgQL._sx425_.jpg', 1, '', '', '', 1, 6, 11, 38, 1, b'1', b'0', ''),
(316, 'کیف لپ تاب s-1258 ms bag', 'M&S bag s 1258 15', '', '/Images/316//150540091815054006599158.jpg', 1, '', '', '', 1, 1, 5, 20, 1, b'0', b'0', ''),
(344, 'فایل گرافیکی', 'Graphic File', '', '', 1, '', '', '', 2, 1, 3, 15, 1, b'0', b'1', '<p style=\"text-align: center;\"><span style=\"font-size: 18pt;\"><strong>فایل گرافیکی جهت دانلود</strong></span></p>\r\n<p>&nbsp;</p>\r\n<p><span style=\"font-size: 12pt;\"><a href=\"google.com\">لینک فایل</a></span></p>'),
(348, 'Empty', '', '', '', 0, '', '', '', 0, 0, 0, 0, 0, b'0', b'0', ''),
(349, 'test', 'test', '', '', 1, '', '', '', 2, 7, 15, 72, 1, b'0', b'0', ''),
(350, 'Empty', '', '', '', 0, '', '', '', 0, 0, 0, 0, 0, b'0', b'0', ''),
(351, 'Empty', '', '', '', 0, '', '', '', 0, 0, 0, 0, 0, b'0', b'0', '');

-- --------------------------------------------------------

--
-- Table structure for table `protocollists`
--

CREATE TABLE `protocollists` (
  `ProtocolListId` bigint(20) NOT NULL,
  `Name` varchar(200) COLLATE utf8_persian_ci NOT NULL,
  `Image` varchar(500) COLLATE utf8_persian_ci NOT NULL
) ENGINE=InnoDB DEFAULT CHARSET=utf8 COLLATE=utf8_persian_ci ROW_FORMAT=COMPACT;

-- --------------------------------------------------------

--
-- Table structure for table `protocols`
--

CREATE TABLE `protocols` (
  `ProtocolId` bigint(20) NOT NULL,
  `ProtocolList` bigint(30) NOT NULL,
  `Product` bigint(20) NOT NULL
) ENGINE=InnoDB DEFAULT CHARSET=utf8 COLLATE=utf8_persian_ci ROW_FORMAT=COMPACT;

-- --------------------------------------------------------

--
-- Table structure for table `provinces`
--

CREATE TABLE `provinces` (
  `id` int(12) UNSIGNED NOT NULL,
  `name` varchar(100) NOT NULL
) ENGINE=InnoDB DEFAULT CHARSET=utf8 ROW_FORMAT=COMPACT;

--
-- Dumping data for table `provinces`
--

INSERT INTO `provinces` (`id`, `name`) VALUES
(1, 'آذربايجان شرقي'),
(2, 'آذربايجان غربي'),
(3, 'اردبيل'),
(4, 'اصفهان'),
(5, 'البرز'),
(6, 'ايلام'),
(7, 'بوشهر'),
(8, 'تهران'),
(9, 'چهارمحال بختياري'),
(10, 'خراسان جنوبي'),
(11, 'خراسان رضوي'),
(12, 'خراسان شمالي'),
(13, 'خوزستان'),
(14, 'زنجان'),
(15, 'سمنان'),
(16, 'سيستان و بلوچستان'),
(17, 'فارس'),
(18, 'قزوين'),
(19, 'قم'),
(20, 'كردستان'),
(21, 'كرمان'),
(22, 'كرمانشاه'),
(23, 'كهكيلويه و بويراحمد'),
(24, 'گلستان'),
(25, 'گيلان'),
(26, 'لرستان'),
(27, 'مازندران'),
(28, 'مركزي'),
(29, 'هرمزگان'),
(30, 'همدان'),
(31, 'يزد');

-- --------------------------------------------------------

--
-- Table structure for table `purchasebaskets`
--

CREATE TABLE `purchasebaskets` (
  `PurchaseBasketId` bigint(30) NOT NULL,
  `Customer` bigint(30) NOT NULL,
  `Product` bigint(30) NOT NULL,
  `Date` varchar(200) COLLATE utf8_persian_ci NOT NULL,
  `Price` bigint(30) NOT NULL,
  `Count` int(11) NOT NULL,
  `Color` bigint(30) NOT NULL,
  `Guarantee` bigint(30) NOT NULL,
  `Session` varchar(255) COLLATE utf8_persian_ci NOT NULL DEFAULT '-'
) ENGINE=InnoDB DEFAULT CHARSET=utf8 COLLATE=utf8_persian_ci ROW_FORMAT=COMPACT;

--
-- Dumping data for table `purchasebaskets`
--

INSERT INTO `purchasebaskets` (`PurchaseBasketId`, `Customer`, `Product`, `Date`, `Price`, `Count`, `Color`, `Guarantee`, `Session`) VALUES
(43, 0, 315, '2017/12/03', 18, 1, 249, 61, 'qrii1o58ptgkdfsn66vsu69bg1'),
(44, 0, 314, '2017/12/03', 8, 1, 248, 62, 'qrii1o58ptgkdfsn66vsu69bg1'),
(45, 0, 316, '2018/01/26', 82, 1, 250, 60, 'gq6mpr2k91ngs9f4gao43via84'),
(46, 0, 308, '2018/01/26', 12, 2, 241, 67, 'gq6mpr2k91ngs9f4gao43via84'),
(47, 0, 305, '2018/01/26', 13, 2, 239, 70, 'gq6mpr2k91ngs9f4gao43via84'),
(48, 0, 294, '2018/01/26', 64, 1, 229, 86, 'gq6mpr2k91ngs9f4gao43via84'),
(53, 0, 307, '2018/02/26', 18, 1, 240, 68, 'ej7ee0mht21u4euqvdt712vvv0'),
(56, 0, 312, '2018/02/26', 25, 2, 246, 66, 'ej7ee0mht21u4euqvdt712vvv0'),
(57, 0, 300, '2018/02/26', 18, 4, 234, 76, 'ej7ee0mht21u4euqvdt712vvv0'),
(59, 0, 313, '2018/02/27', 16, 1, 247, 63, 'e233bt2if6naaa2gpj0vo5cos7'),
(60, 0, 305, '2018/02/27', 13, 2, 239, 70, 'e233bt2if6naaa2gpj0vo5cos7'),
(61, 0, 315, '2018/02/27', 17, 2, 249, 61, 'e233bt2if6naaa2gpj0vo5cos7'),
(64, 0, 315, '2018/02/27', 17, 1, 249, 61, 'mr1mgraamf083g25ti4vcv1lf3'),
(65, 0, 303, '2018/02/27', 4, 1, 237, 81, 'mr1mgraamf083g25ti4vcv1lf3'),
(67, 0, 301, '2018/02/27', 12, 1, 235, 77, '88aoih4t2osrfu2obhgtkgcli5'),
(68, 0, 303, '2018/02/27', 4, 1, 237, 81, '88aoih4t2osrfu2obhgtkgcli5'),
(69, 0, 303, '2018/02/27', 4, 3, 237, 81, 'kshldhd2f48029b9p20i4p7dq7'),
(70, 0, 301, '2018/02/27', 12, 1, 235, 77, 'kshldhd2f48029b9p20i4p7dq7'),
(71, 0, 300, '2018/02/27', 18, 1, 234, 76, 'kshldhd2f48029b9p20i4p7dq7'),
(72, 0, 303, '2018/02/27', 4, 2, 237, 81, 'basf54tmmgc769ppjp7mo4cim7'),
(73, 0, 301, '2018/02/27', 12, 1, 235, 77, 'basf54tmmgc769ppjp7mo4cim7'),
(74, 0, 303, '2018/02/27', 4, 3, 237, 81, 'fo5cnuua5621it4ljkv2400t77'),
(75, 0, 303, '2018/02/27', 4, 2, 237, 81, 'vqpmprfbamk6oesrn316tmisd3'),
(76, 0, 301, '2018/02/27', 12, 1, 235, 77, 'vqpmprfbamk6oesrn316tmisd3'),
(77, 0, 303, '2018/02/27', 4, 3, 237, 81, 'cnt0k580rm3hipie0v99gqtf12'),
(78, 0, 303, '2018/02/27', 4, 3, 237, 81, '6h16msngilv3t4p0t8u75qnto4'),
(82, 20, 0, '2018/02/27', 0, 0, 0, 0, '22rjv2nl315s7tfdm780ocqjm6'),
(102, 0, 303, '2018/02/27', 4, 1, 237, 81, 'o8f8aep8i2uqdhb140dcjintr3'),
(103, 0, 301, '2018/02/27', 12, 1, 235, 77, 'o8f8aep8i2uqdhb140dcjintr3'),
(104, 0, 300, '2018/02/27', 18, 1, 234, 76, 'o8f8aep8i2uqdhb140dcjintr3'),
(118, 0, 0, '2018/02/28', 0, 0, 0, 0, 'm5jutu5dhmr6jssllj46tqrea1'),
(124, 20, 0, '2018/02/28', 0, 0, 0, 0, '22rjv2nl315s7tfdm780ocqjm6'),
(147, 0, 0, '2018/02/28', 0, 0, 0, 0, '37pmc1695baf1ecuabvhv6ia42'),
(154, 32, 313, '2018/03/02', 16, 1, 247, 63, 'ihg7tv0bgs9j6pf31c83fqp3c7'),
(155, 33, 312, '2018/03/02', 25, 1, 246, 66, 'u4ie60qrbra21i0mqr86n4jdm4'),
(162, 0, 312, '2018/03/02', 25, 1, 246, 66, 'lv4jtv6ub0hdi0vuibg916oas1'),
(165, 0, 0, '2018/03/02', 0, 0, 0, 0, 'q7vaf9otont03g0ccsbqob0jq7'),
(209, 0, 0, '2018/03/02', 0, 0, 0, 0, 'kn3e8s97f654tijfi798gnlvd3'),
(213, 0, 313, '2018/03/02', 16000, 1, 247, 63, 'kn3e8s97f654tijfi798gnlvd3'),
(214, 0, 315, '2018/03/02', 17460, 1, 249, 61, 'kn3e8s97f654tijfi798gnlvd3'),
(217, 0, 0, '2018/03/02', 0, 0, 0, 0, 'v2vrvlg6ll8f3v1obade5e6ao5'),
(371, 0, 313, '2018/03/02', 16000, 1, 247, 63, 'v2vrvlg6ll8f3v1obade5e6ao5'),
(374, 0, 315, '2018/03/02', 17, 1, 249, 61, '8c3prkv19mv6p9fcmafacjf2g4'),
(376, 0, 0, '2018/03/07', 0, 0, 0, 0, 'c5a3gva6jbsm4acqsps5deh5n4'),
(415, 0, 313, '2018/03/07', 16000, 1, 247, 63, 'c5a3gva6jbsm4acqsps5deh5n4'),
(417, 0, 0, '2018/03/08', 0, 0, 0, 0, 'mfeu1b552s3638u2g3c5c06rv6'),
(423, 0, 0, '2018/03/08', 0, 0, 0, 0, 'jr555rv7e4254e7diqd9rmo5q6'),
(426, 0, 0, '2018/03/08', 0, 0, 0, 0, 'b5s03nk3n3quho21n5em1ni4p0'),
(428, 0, 0, '2018/03/11', 0, 0, 0, 0, 'vtvb137tfrd5851ku2rli4v4s7'),
(433, 20, 0, '2018/03/11', 0, 0, 0, 0, '22rjv2nl315s7tfdm780ocqjm6'),
(435, 0, 0, '2018/03/12', 0, 0, 0, 0, 'lqrt20527h5440jnkd2vn3hgf7'),
(437, 0, 0, '2018/03/14', 0, 0, 0, 0, '54bg80ee54f032rm5ge3kqk4j1'),
(440, 0, 313, '2018/03/14', 16000, 1, 247, 63, 'dfibunv4vj2nj1hm53crqk7pv5'),
(441, 0, 0, '2018/03/14', 0, 0, 0, 0, 'dfibunv4vj2nj1hm53crqk7pv5'),
(443, 0, 0, '2018/03/14', 0, 0, 0, 0, 'l4o2bsrh7buo83mkn6g112ng05'),
(445, 0, 0, '2018/03/14', 0, 0, 0, 0, 'fafm2ppac094jh11buk09fg5b5'),
(447, 0, 0, '2018/03/14', 0, 0, 0, 0, '5eloe0u5crolvffr81cs89f454'),
(456, 0, 315, '2018/03/14', 17460, 2, 249, 61, 'k4ob1prvt41dffbbloasic1kr1'),
(458, 0, 315, '2018/03/14', 17460, 2, 249, 61, 'dpvaj9a8duogfdvso9vhvlv9o1'),
(459, 0, 315, '2018/03/14', 17460, 1, 249, 61, 'g55ka83staja5uuquterhorfs2'),
(463, 0, 33, '2018/03/14', 21560, 2, 27, 21, 'g55ka83staja5uuquterhorfs2'),
(464, 0, 315, '2018/03/15', 17, 2, 249, 61, 'f8g0c2a38n3gmpb0f0dfi7gri7'),
(465, 0, 315, '2018/03/15', 17, 1, 249, 61, 'u2nbkia10ntf4d1fne5fb4co33'),
(484, 0, 315, '2018/04/15', 17460, 1, 249, 61, 'gdskih7j518hd8396ddiavq9m1'),
(486, 0, 315, '2018/07/17', 17460, 1, 249, 61, 'r3bq2tps2q3dleo6ltbughdmfm'),
(487, 0, 315, '2018/07/17', 17460, 1, 249, 61, 'jc0nos2bq1vca5rm8vqmullj4l'),
(488, 0, 315, '2018/07/17', 17460, 1, 249, 61, '07gj3oc77igojggar62tdug8ah'),
(489, 0, 315, '2018/07/17', 17460, 1, 249, 61, 'dk2jsnu7eu577aisedi1lp1iqa'),
(490, 0, 315, '2018/07/17', 17460, 1, 249, 61, '9e7f4g93eqfgi4mr4jhi96lcnd'),
(491, 0, 315, '2018/07/17', 17460, 1, 249, 61, 'sfen2m52mbl5qe9k2fgbu5229e'),
(492, 0, 315, '2018/07/17', 17460, 1, 249, 61, 'dc9vf6o3sikccdp4vgn369m4dv'),
(493, 0, 315, '2018/07/17', 17460, 1, 249, 61, 'v1mhbnlmp6du9t6ke49b7h533p'),
(494, 0, 315, '2018/07/17', 17460, 1, 249, 61, 'hi9u4jc39p1juembs0la44rfj2'),
(495, 0, 315, '2018/07/17', 17460, 1, 249, 61, '1esdg6681e9gic026eqjk3vk4k'),
(496, 0, 315, '2018/07/17', 17460, 1, 249, 61, 'ql8krhr7abjid5r3rgdbnnqm5v'),
(497, 0, 315, '2018/07/17', 17460, 1, 249, 61, 'jdskov0bf5mmufljnv1q73d051'),
(498, 0, 315, '2018/07/17', 17460, 1, 249, 61, 'tceopd2ikjprrpll4q80ci3ka0'),
(499, 0, 315, '2018/07/17', 17460, 1, 249, 61, 'qjdshptv1ngjgou1kcd7i8huuj');

-- --------------------------------------------------------

--
-- Table structure for table `recovery`
--

CREATE TABLE `recovery` (
  `RecoveryId` bigint(30) NOT NULL,
  `Customer` bigint(30) NOT NULL,
  `Time` bigint(30) NOT NULL
) ENGINE=InnoDB DEFAULT CHARSET=utf8 COLLATE=utf8_persian_ci ROW_FORMAT=COMPACT;

--
-- Dumping data for table `recovery`
--

INSERT INTO `recovery` (`RecoveryId`, `Customer`, `Time`) VALUES
(1, 1, 1501599956),
(2, 4, 1504009157),
(3, 28, 1528047799);

-- --------------------------------------------------------

--
-- Table structure for table `roles`
--

CREATE TABLE `roles` (
  `RoleId` bigint(30) NOT NULL,
  `Name` varchar(200) COLLATE utf8_persian_ci NOT NULL,
  `Products` tinyint(1) NOT NULL,
  `InsertProduct` tinyint(1) NOT NULL,
  `EditProduct` tinyint(1) NOT NULL,
  `ProductGroupLimit` tinyint(1) NOT NULL,
  `BrandLimit` tinyint(1) NOT NULL,
  `AllowedProductGroups` varchar(1000) COLLATE utf8_persian_ci NOT NULL,
  `DeleteProduct` tinyint(1) NOT NULL,
  `AllowedProductSubGroups` varchar(1000) COLLATE utf8_persian_ci NOT NULL,
  `AllowedProductSupperGroups` varchar(1000) COLLATE utf8_persian_ci NOT NULL,
  `AllowedBrands` varchar(1000) COLLATE utf8_persian_ci NOT NULL,
  `UserCoupons` tinyint(1) NOT NULL,
  `InsertUserCoupon` tinyint(1) NOT NULL,
  `EditUserCoupon` tinyint(1) NOT NULL,
  `DeleteUserCoupon` tinyint(1) NOT NULL,
  `LinkBoxes` tinyint(1) NOT NULL,
  `InsertLinkBox` tinyint(1) NOT NULL,
  `EditLinkBox` tinyint(1) NOT NULL,
  `DeleteLinkBox` tinyint(1) NOT NULL,
  `LinkBoxGroup` tinyint(1) NOT NULL,
  `Users` tinyint(1) NOT NULL,
  `InsertUser` tinyint(1) NOT NULL,
  `EditUser` tinyint(1) NOT NULL,
  `DeleteUser` tinyint(1) NOT NULL,
  `Slides` tinyint(1) NOT NULL,
  `InsertSlide` tinyint(1) NOT NULL,
  `EditSlide` tinyint(1) NOT NULL,
  `DeleteSlide` tinyint(1) NOT NULL,
  `ProductCoupons` tinyint(1) NOT NULL,
  `InsertProductCoupon` tinyint(1) NOT NULL,
  `EditProductCoupon` tinyint(1) NOT NULL,
  `DeleteProductCoupon` tinyint(1) NOT NULL,
  `Thumbs` tinyint(1) NOT NULL,
  `InsertThumb` tinyint(1) NOT NULL,
  `EditThumb` tinyint(1) NOT NULL,
  `DeleteThumb` tinyint(1) NOT NULL,
  `FactorProducts` tinyint(1) NOT NULL,
  `EditFactorProduct` tinyint(1) NOT NULL,
  `Orders` tinyint(1) NOT NULL,
  `EditOrder` tinyint(1) NOT NULL,
  `Panels` tinyint(1) NOT NULL,
  `EditPanel` tinyint(1) NOT NULL,
  `Prices` tinyint(1) NOT NULL,
  `InsertPrice` tinyint(1) NOT NULL,
  `EditPrice` tinyint(1) NOT NULL,
  `DeletePrice` tinyint(1) NOT NULL,
  `PriceChange` tinyint(1) NOT NULL,
  `ShippingMethods` tinyint(1) NOT NULL,
  `InsertShippingMethod` tinyint(1) NOT NULL,
  `EditShippingMethod` tinyint(1) NOT NULL,
  `DeleteShippingMethod` tinyint(1) NOT NULL,
  `Shippings` tinyint(1) NOT NULL,
  `InsertShipping` tinyint(1) NOT NULL,
  `EditShipping` tinyint(1) NOT NULL,
  `DeleteShipping` tinyint(1) NOT NULL,
  `Comments` tinyint(1) NOT NULL,
  `EditComment` tinyint(1) NOT NULL,
  `DeleteComment` tinyint(1) NOT NULL,
  `Discounts` tinyint(1) NOT NULL,
  `EditDiscount` tinyint(1) NOT NULL,
  `DeleteDiscount` tinyint(1) NOT NULL,
  `Brands` tinyint(1) NOT NULL,
  `InsertBrand` tinyint(1) NOT NULL,
  `EditBrand` tinyint(1) NOT NULL,
  `DeleteBrand` tinyint(1) NOT NULL,
  `Customers` tinyint(1) NOT NULL,
  `InsertCustomer` tinyint(1) NOT NULL,
  `EditCustomer` tinyint(1) NOT NULL,
  `DeleteCustomer` tinyint(1) NOT NULL,
  `ProductProperties` tinyint(1) NOT NULL,
  `InsertProductProperty` tinyint(1) NOT NULL,
  `EditProductProperty` tinyint(1) NOT NULL,
  `DeleteProductProperty` tinyint(1) NOT NULL,
  `ProductPropertySubGroupLimit` tinyint(1) NOT NULL,
  `AllowedProductPropertySubGroups` varchar(1000) COLLATE utf8_persian_ci NOT NULL,
  `PaymentMethods` tinyint(1) NOT NULL,
  `InsertPaymentMethod` tinyint(1) NOT NULL,
  `EditPaymentMethod` tinyint(1) NOT NULL,
  `DeletePaymentMethod` tinyint(1) NOT NULL,
  `Opinions` tinyint(1) NOT NULL,
  `EditOpinion` tinyint(1) NOT NULL,
  `DeleteOpinion` tinyint(1) NOT NULL,
  `Feeds` tinyint(1) NOT NULL,
  `InsertFeed` tinyint(1) NOT NULL,
  `EditFeed` tinyint(1) NOT NULL,
  `DeleteFeed` tinyint(1) NOT NULL,
  `FeedSendEmail` tinyint(1) NOT NULL,
  `Guarantees` tinyint(1) NOT NULL,
  `InsertGuarantee` tinyint(1) NOT NULL,
  `EditGuarantee` tinyint(1) NOT NULL,
  `DeleteGuarantee` tinyint(1) NOT NULL,
  `Colors` tinyint(1) NOT NULL,
  `InsertColor` tinyint(1) NOT NULL,
  `EditColor` tinyint(1) NOT NULL,
  `DeleteColor` tinyint(1) NOT NULL,
  `Services` int(11) NOT NULL,
  `InsertService` tinyint(1) NOT NULL,
  `EditService` tinyint(1) NOT NULL,
  `DeleteService` tinyint(1) NOT NULL,
  `Groups` tinyint(1) NOT NULL,
  `InsertGroup` tinyint(1) NOT NULL,
  `EditGroup` tinyint(1) NOT NULL,
  `DeleteGroup` tinyint(1) NOT NULL,
  `SubGroups` tinyint(1) NOT NULL,
  `InsertSubGroup` tinyint(1) NOT NULL,
  `EditSubGroup` tinyint(1) NOT NULL,
  `DeleteSubGroup` tinyint(1) NOT NULL,
  `SupperGroups` tinyint(1) NOT NULL,
  `InsertSupperGroup` tinyint(1) NOT NULL,
  `EditSupperGroup` tinyint(1) NOT NULL,
  `DeleteSupperGroup` tinyint(1) NOT NULL,
  `Roles` tinyint(1) NOT NULL,
  `InsertRole` tinyint(1) NOT NULL,
  `EditRole` tinyint(1) NOT NULL,
  `DeleteRole` tinyint(1) NOT NULL,
  `Stats` tinyint(1) NOT NULL,
  `Settings` tinyint(1) NOT NULL,
  `ColorSettings` tinyint(1) NOT NULL,
  `MenuSettings` tinyint(1) NOT NULL,
  `SendSMS` int(1) NOT NULL,
  `News` tinyint(1) NOT NULL,
  `InsertNews` tinyint(1) NOT NULL,
  `EditNews` tinyint(1) NOT NULL,
  `DeleteNews` tinyint(1) NOT NULL,
  `NewsApprove` tinyint(1) NOT NULL,
  `ProductApprove` tinyint(1) NOT NULL,
  `SpecialOffers` tinyint(1) NOT NULL,
  `InsertSpecialOffer` tinyint(1) NOT NULL,
  `EditSpecialOffer` tinyint(1) NOT NULL,
  `DeleteSpecialOffer` tinyint(1) NOT NULL
) ENGINE=InnoDB DEFAULT CHARSET=utf8 COLLATE=utf8_persian_ci ROW_FORMAT=COMPACT;

--
-- Dumping data for table `roles`
--

INSERT INTO `roles` (`RoleId`, `Name`, `Products`, `InsertProduct`, `EditProduct`, `ProductGroupLimit`, `BrandLimit`, `AllowedProductGroups`, `DeleteProduct`, `AllowedProductSubGroups`, `AllowedProductSupperGroups`, `AllowedBrands`, `UserCoupons`, `InsertUserCoupon`, `EditUserCoupon`, `DeleteUserCoupon`, `LinkBoxes`, `InsertLinkBox`, `EditLinkBox`, `DeleteLinkBox`, `LinkBoxGroup`, `Users`, `InsertUser`, `EditUser`, `DeleteUser`, `Slides`, `InsertSlide`, `EditSlide`, `DeleteSlide`, `ProductCoupons`, `InsertProductCoupon`, `EditProductCoupon`, `DeleteProductCoupon`, `Thumbs`, `InsertThumb`, `EditThumb`, `DeleteThumb`, `FactorProducts`, `EditFactorProduct`, `Orders`, `EditOrder`, `Panels`, `EditPanel`, `Prices`, `InsertPrice`, `EditPrice`, `DeletePrice`, `PriceChange`, `ShippingMethods`, `InsertShippingMethod`, `EditShippingMethod`, `DeleteShippingMethod`, `Shippings`, `InsertShipping`, `EditShipping`, `DeleteShipping`, `Comments`, `EditComment`, `DeleteComment`, `Discounts`, `EditDiscount`, `DeleteDiscount`, `Brands`, `InsertBrand`, `EditBrand`, `DeleteBrand`, `Customers`, `InsertCustomer`, `EditCustomer`, `DeleteCustomer`, `ProductProperties`, `InsertProductProperty`, `EditProductProperty`, `DeleteProductProperty`, `ProductPropertySubGroupLimit`, `AllowedProductPropertySubGroups`, `PaymentMethods`, `InsertPaymentMethod`, `EditPaymentMethod`, `DeletePaymentMethod`, `Opinions`, `EditOpinion`, `DeleteOpinion`, `Feeds`, `InsertFeed`, `EditFeed`, `DeleteFeed`, `FeedSendEmail`, `Guarantees`, `InsertGuarantee`, `EditGuarantee`, `DeleteGuarantee`, `Colors`, `InsertColor`, `EditColor`, `DeleteColor`, `Services`, `InsertService`, `EditService`, `DeleteService`, `Groups`, `InsertGroup`, `EditGroup`, `DeleteGroup`, `SubGroups`, `InsertSubGroup`, `EditSubGroup`, `DeleteSubGroup`, `SupperGroups`, `InsertSupperGroup`, `EditSupperGroup`, `DeleteSupperGroup`, `Roles`, `InsertRole`, `EditRole`, `DeleteRole`, `Stats`, `Settings`, `ColorSettings`, `MenuSettings`, `SendSMS`, `News`, `InsertNews`, `EditNews`, `DeleteNews`, `NewsApprove`, `ProductApprove`, `SpecialOffers`, `InsertSpecialOffer`, `EditSpecialOffer`, `DeleteSpecialOffer`) VALUES
(1, 'Admin', 1, 1, 1, 0, 0, '', 1, '', '', '', 1, 1, 1, 1, 1, 1, 1, 1, 1, 1, 1, 1, 1, 1, 1, 1, 1, 1, 1, 1, 1, 1, 1, 1, 1, 1, 1, 1, 1, 1, 1, 1, 1, 1, 1, 1, 1, 1, 1, 1, 1, 1, 1, 1, 1, 1, 1, 1, 1, 1, 1, 1, 1, 1, 1, 1, 1, 1, 1, 1, 1, 1, 0, '', 1, 1, 1, 1, 1, 1, 1, 1, 1, 1, 1, 1, 1, 1, 1, 1, 1, 1, 1, 1, 1, 1, 1, 1, 1, 1, 1, 1, 1, 1, 1, 1, 1, 1, 1, 1, 1, 1, 1, 1, 1, 1, 1, 1, 1, 1, 1, 1, 1, 0, 0, 1, 1, 1, 1),
(2, 'فروشنده ساعت', 1, 1, 1, 1, 0, ',4', 0, ',6', ',23,25,27', '', 0, 0, 0, 0, 0, 0, 0, 0, 0, 0, 0, 0, 0, 0, 0, 0, 0, 0, 0, 0, 0, 0, 0, 0, 0, 0, 0, 0, 0, 0, 0, 0, 0, 0, 0, 0, 0, 0, 0, 0, 0, 0, 0, 0, 0, 0, 0, 0, 0, 0, 1, 0, 0, 0, 0, 0, 0, 0, 1, 1, 1, 0, 1, ',3,23,25,27', 0, 0, 0, 0, 0, 0, 0, 0, 0, 0, 0, 0, 0, 0, 0, 0, 1, 1, 0, 0, 0, 0, 0, 0, 0, 0, 0, 0, 0, 0, 0, 0, 0, 0, 0, 0, 0, 0, 0, 0, 0, 0, 0, 0, 0, 0, 0, 0, 0, 1, 1, 0, 0, 0, 0),
(3, 'فروشنده اسباب بازی', 1, 1, 1, 1, 0, ',5', 0, ',7', ',28,29,30,31,32,33', '', 0, 0, 0, 0, 0, 0, 0, 0, 0, 0, 0, 0, 0, 0, 0, 0, 0, 0, 0, 0, 0, 0, 0, 0, 0, 0, 0, 0, 0, 0, 0, 0, 0, 0, 0, 0, 0, 0, 0, 0, 0, 0, 0, 0, 0, 0, 0, 0, 0, 0, 0, 0, 0, 0, 0, 0, 0, 0, 1, 1, 1, 0, 1, ',28,29,30,31,32,33', 0, 0, 0, 0, 0, 0, 0, 0, 0, 0, 0, 0, 0, 0, 0, 0, 1, 1, 0, 0, 0, 0, 0, 0, 0, 0, 0, 0, 0, 0, 0, 0, 0, 0, 0, 0, 0, 0, 0, 0, 0, 0, 0, 0, 0, 0, 0, 0, 0, 1, 1, 0, 0, 0, 0),
(4, 'فروشنده کامپیوتر', 1, 1, 1, 1, 0, ',1', 0, ',1,2,3,5', ',3,8,9,10,11,12,13,14,15,16,17,70,20,21,22', '', 0, 0, 0, 0, 0, 0, 0, 0, 0, 0, 0, 0, 0, 0, 0, 0, 0, 0, 0, 0, 0, 0, 0, 0, 0, 0, 0, 0, 0, 0, 0, 0, 0, 0, 0, 0, 0, 0, 0, 0, 0, 0, 0, 0, 0, 0, 0, 0, 0, 0, 0, 0, 0, 0, 0, 0, 0, 0, 1, 1, 1, 0, 1, ',3,8,9,10,11,12,13,14,15,16,17,20,21,22,70', 0, 0, 0, 0, 0, 0, 0, 0, 0, 0, 0, 0, 0, 0, 0, 0, 1, 1, 0, 0, 0, 0, 0, 0, 1, 0, 0, 0, 1, 1, 1, 0, 1, 1, 1, 0, 0, 0, 0, 0, 0, 0, 0, 0, 0, 0, 0, 0, 0, 1, 1, 0, 0, 0, 0),
(5, 'فروشنده CD+DVD', 1, 1, 1, 1, 0, ',6', 0, ',11', ',34,35,36,37,38', '', 0, 0, 0, 0, 0, 0, 0, 0, 0, 0, 0, 0, 0, 0, 0, 0, 0, 0, 0, 0, 0, 0, 0, 0, 0, 0, 0, 0, 0, 0, 0, 0, 0, 0, 0, 0, 0, 0, 0, 0, 0, 0, 0, 0, 0, 0, 0, 0, 0, 0, 1, 0, 0, 0, 0, 0, 0, 0, 1, 1, 1, 0, 1, ',3,8,34,35,36,37,38', 0, 0, 0, 0, 0, 0, 0, 0, 0, 0, 0, 0, 0, 0, 0, 0, 1, 1, 0, 0, 0, 0, 0, 0, 0, 0, 0, 0, 0, 0, 0, 0, 0, 0, 0, 0, 0, 0, 0, 0, 0, 0, 0, 0, 0, 0, 0, 0, 0, 1, 1, 0, 0, 0, 0),
(6, 'فروشنده لوازم تحریر', 1, 1, 1, 1, 0, ',2', 0, ',8,9', ',39,40,41,42,43,44,45,46,47,48,49,50,51,52', '', 0, 0, 0, 0, 0, 0, 0, 0, 0, 0, 0, 0, 0, 0, 0, 0, 0, 0, 0, 0, 0, 0, 0, 0, 0, 0, 0, 0, 0, 0, 0, 0, 0, 0, 0, 0, 0, 0, 0, 0, 0, 0, 0, 0, 0, 0, 0, 0, 0, 0, 0, 0, 0, 0, 0, 0, 0, 0, 1, 1, 1, 0, 1, ',39,40,41,42,43,44,45,46,47,48,49,50,51,52', 0, 0, 0, 0, 0, 0, 0, 0, 0, 0, 0, 0, 0, 0, 0, 0, 1, 1, 0, 0, 0, 0, 0, 0, 0, 0, 0, 0, 0, 0, 0, 0, 0, 0, 0, 0, 0, 0, 0, 0, 0, 0, 0, 0, 0, 0, 0, 0, 0, 1, 1, 0, 0, 0, 0),
(7, 'فروشنده لوازم ورزشی', 1, 1, 1, 1, 0, ',3', 0, ',12,13,14', ',54,55,56,57,58,60,59,61,62,63,64,65,66,67,69,53', '', 0, 0, 0, 0, 0, 0, 0, 0, 0, 0, 0, 0, 0, 0, 0, 0, 0, 0, 0, 0, 0, 0, 0, 0, 0, 0, 0, 0, 0, 0, 0, 0, 0, 0, 0, 0, 0, 0, 0, 0, 0, 0, 0, 0, 0, 0, 0, 0, 0, 0, 0, 0, 0, 0, 0, 0, 0, 0, 1, 1, 1, 0, 1, ',53,54,55,56,57,58,59,60,61,62,63,64,65,66,67,69', 0, 0, 0, 0, 0, 0, 0, 0, 0, 0, 0, 0, 0, 0, 0, 0, 1, 1, 0, 0, 0, 0, 0, 0, 0, 0, 0, 0, 0, 0, 0, 0, 0, 0, 0, 0, 0, 0, 0, 0, 0, 0, 0, 0, 0, 0, 0, 0, 0, 1, 1, 0, 0, 0, 0),
(8, 'بازدید کننده', 1, 0, 0, 0, 0, '', 0, '', '', '', 1, 0, 0, 0, 1, 0, 0, 0, 0, 1, 0, 0, 0, 1, 0, 0, 0, 1, 0, 0, 0, 1, 0, 0, 0, 1, 0, 0, 0, 0, 0, 1, 0, 0, 0, 0, 1, 0, 0, 0, 1, 0, 0, 0, 1, 0, 0, 1, 0, 0, 1, 0, 0, 0, 1, 0, 0, 0, 1, 0, 0, 0, 0, '', 1, 0, 0, 0, 1, 0, 0, 1, 0, 0, 0, 0, 1, 0, 0, 0, 1, 0, 0, 0, 1, 0, 0, 0, 1, 0, 0, 0, 1, 0, 0, 0, 1, 0, 0, 0, 1, 0, 0, 0, 1, 0, 0, 0, 0, 1, 0, 0, 0, 0, 0, 0, 0, 0, 0);

-- --------------------------------------------------------

--
-- Table structure for table `services`
--

CREATE TABLE `services` (
  `ServiceId` bigint(30) NOT NULL,
  `Name` varchar(200) COLLATE utf8_persian_ci NOT NULL,
  `Price` bigint(30) NOT NULL,
  `Activated` tinyint(1) NOT NULL
) ENGINE=InnoDB DEFAULT CHARSET=utf8 COLLATE=utf8_persian_ci ROW_FORMAT=COMPACT;

-- --------------------------------------------------------

--
-- Table structure for table `settings`
--

CREATE TABLE `settings` (
  `SettingsId` int(11) NOT NULL,
  `Currency` tinyint(4) NOT NULL,
  `Language` varchar(10) COLLATE utf8_persian_ci NOT NULL,
  `Owner` varchar(200) COLLATE utf8_persian_ci NOT NULL,
  `Coupon` int(11) NOT NULL,
  `MaxCoupon` int(11) NOT NULL,
  `CouponExpire` int(11) NOT NULL,
  `Numbers` varchar(400) COLLATE utf8_persian_ci NOT NULL,
  `Email` varchar(400) COLLATE utf8_persian_ci NOT NULL,
  `Telegram` varchar(400) COLLATE utf8_persian_ci NOT NULL,
  `Facebook` varchar(400) COLLATE utf8_persian_ci NOT NULL,
  `Instagram` varchar(400) COLLATE utf8_persian_ci NOT NULL,
  `Twitter` varchar(400) COLLATE utf8_persian_ci NOT NULL,
  `PLogo` varchar(400) COLLATE utf8_persian_ci NOT NULL,
  `ILogo` varchar(400) COLLATE utf8_persian_ci NOT NULL,
  `AboutSite` text COLLATE utf8_persian_ci NOT NULL,
  `ENamadImage` varchar(500) COLLATE utf8_persian_ci NOT NULL,
  `ENamadLink` varchar(500) COLLATE utf8_persian_ci NOT NULL,
  `SMTP` varchar(500) COLLATE utf8_persian_ci NOT NULL,
  `Password` varchar(50) COLLATE utf8_persian_ci NOT NULL,
  `Tax` int(11) NOT NULL,
  `MetaDescription` varchar(200) COLLATE utf8_persian_ci NOT NULL,
  `MetaKeywords` varchar(200) COLLATE utf8_persian_ci NOT NULL,
  `MetaAuthor` varchar(200) COLLATE utf8_persian_ci NOT NULL,
  `SMTPPort` int(6) NOT NULL,
  `SMS` int(1) NOT NULL,
  `isEmail` int(1) NOT NULL,
  `FreeShipping` bigint(30) NOT NULL,
  `CreationDate` int(11) NOT NULL,
  `MaxCouponPercentage` int(3) NOT NULL,
  `SiteName` varchar(200) COLLATE utf8_persian_ci NOT NULL,
  `MenuCustomButtonName` varchar(200) COLLATE utf8_persian_ci NOT NULL,
  `MenuCustomButtonLink` varchar(700) COLLATE utf8_persian_ci NOT NULL,
  `MenuCustomButtonImage` varchar(500) COLLATE utf8_persian_ci NOT NULL,
  `AskQuantityForAdding` tinyint(4) DEFAULT NULL
) ENGINE=InnoDB DEFAULT CHARSET=utf8 COLLATE=utf8_persian_ci ROW_FORMAT=COMPACT;

--
-- Dumping data for table `settings`
--

INSERT INTO `settings` (`SettingsId`, `Currency`, `Language`, `Owner`, `Coupon`, `MaxCoupon`, `CouponExpire`, `Numbers`, `Email`, `Telegram`, `Facebook`, `Instagram`, `Twitter`, `PLogo`, `ILogo`, `AboutSite`, `ENamadImage`, `ENamadLink`, `SMTP`, `Password`, `Tax`, `MetaDescription`, `MetaKeywords`, `MetaAuthor`, `SMTPPort`, `SMS`, `isEmail`, `FreeShipping`, `CreationDate`, `MaxCouponPercentage`, `SiteName`, `MenuCustomButtonName`, `MenuCustomButtonLink`, `MenuCustomButtonImage`, `AskQuantityForAdding`) VALUES
(1, 1, 'FA', 'SHOP5', 1000, 10, 30, '09031314884', 'info@shop5.ir', 'https://t.me/shop5ir', '#', '#', '#', 'Logo/logo_shop5.ir.png', 'Logo/Custom_Icon_Design_Flatastic_11_.ico', 'فروشگاه SHOP5.ir با هدف ارائه طیف گسترده ای از محصولات با کیفیت و با همکاری مجموعه ای از شرکتهای مهندسی و بازرگانی تشکیل گردیده است. هم چنین با عرضه کالاها با قیمتی مناسب و گارانتی معتبر، ارسال سریع کالا  خواهان ارائه خدماتی کارامد به مشتریان می باشد.', '', '', 'mail.shop5.ir', '1234', 0, 'محصول,mahsol, ,فروشگاه,شاپ 5,shop5.ir .Shop5 , فروشگاه اینترنتی , شاپ فایو,گیلان ,لنگرود,langeroud,langarod,,guilan ,froshgah, interneti ,gilan,کالا ,kala,', 'محصول,mahsol, ,فروشگاه,شاپ 5,shop5.ir .Shop5 , فروشگاه اینترنتی , شاپ فایو,گیلان langeroud,langarod,,guilan ,froshgah, interneti ,gilan,', 'مدیریت سایت', 25, 1, 1, 0, 2017, 1, 'فروشگاه اینترنتی شاپ فایوShop5.ir', '', 'http://localhost/DigitalShopV1/Products.php', 'Logo/icontest.png', 1);

-- --------------------------------------------------------

--
-- Table structure for table `shippingmethods`
--

CREATE TABLE `shippingmethods` (
  `ShippingMethodId` bigint(20) NOT NULL,
  `Name` varchar(200) COLLATE utf8_persian_ci NOT NULL,
  `Activated` tinyint(1) NOT NULL,
  `Price` bigint(30) NOT NULL,
  `Image` varchar(500) COLLATE utf8_persian_ci NOT NULL,
  `Comment` varchar(500) COLLATE utf8_persian_ci NOT NULL,
  `AllowedCities` varchar(500) COLLATE utf8_persian_ci NOT NULL
) ENGINE=InnoDB DEFAULT CHARSET=utf8 COLLATE=utf8_persian_ci ROW_FORMAT=COMPACT;

--
-- Dumping data for table `shippingmethods`
--

INSERT INTO `shippingmethods` (`ShippingMethodId`, `Name`, `Activated`, `Price`, `Image`, `Comment`, `AllowedCities`) VALUES
(1, 'پست پیشتاز+هزینه بسته بندی', 1, 15000, 'ShippingMethodImages/pishtaz.png', 'پست پیشتاز برای کل کشور می باشد و کالا را بین 24 تا 72 ساعت به دست شما می رساند.', ''),
(2, 'تیپاکس', 0, 7500, 'ShippingMethodImages/tipax.jpg', ' این پست یک شرکت پست خصوصی می باشد که کالا را بین 24 تا 48 ساعت به دست شما می رساند.', ''),
(3, 'پست سفارشی', 0, 3000, 'ShippingMethodImages/sefareshi.jpg', ' این پست کند ترین پست ما می باشد و کالا بین 5 تا 7 روز به دست شما خواهد رسید.', ''),
(4, 'ارسال با پیک موتوری فقط در گیلان شهر لنگرود-3هزار تومان', 1, 3000, 'ShippingMethodImages//motori.jpg', 'تحویل کالا در همان روز سفارش- برای سفارش های تا قبل از 6 عصر', ''),
(5, 'سفارش نرم افزار ارسال به ایمیل', 0, 0, 'ShippingMethodImages/freedelivery.jpg', 'رایگان میباشد', ''),
(6, 'فقط تحویل در شهر لاهیجان = ۵هزار تومان', 1, 5000, 'ShippingMethodImages//First_Order_Discount.jpg', 'تحویل کالا در همان روز سفارش- برای سفارش های تا قبل از 6 عصر ', ''),
(7, 'خودم در فروشگاه لنگرود استان گیلان تحویل میگیرم', 1, 0, 'ShippingMethodImages//freedelivery.jpg', 'پس از خرید آدرس فروشگاه و زمانی که می توانید مراجعه کنید به شما اطلاع داده می شود', ''),
(8, 'کارت شارژ', 1, 0, 'ShippingMethodImages//kart_charge.png', 'بدون هزینه اضافی', '');

-- --------------------------------------------------------

--
-- Table structure for table `shippings`
--

CREATE TABLE `shippings` (
  `ShippingId` bigint(30) NOT NULL,
  `City` varchar(200) COLLATE utf8_persian_ci NOT NULL,
  `Price` bigint(30) NOT NULL
) ENGINE=InnoDB DEFAULT CHARSET=utf8 COLLATE=utf8_persian_ci ROW_FORMAT=COMPACT;

--
-- Dumping data for table `shippings`
--

INSERT INTO `shippings` (`ShippingId`, `City`, `Price`) VALUES
(32, '1', 100),
(33, '2', 100),
(34, '3', 100),
(35, '4', 100),
(36, '5', 100),
(37, '6', 100),
(38, '7', 100),
(39, '8', 100),
(40, '9', 500),
(41, '10', 500),
(42, '11', 500),
(43, '12', 500),
(44, '13', 500),
(45, '14', 500),
(46, '15', 500),
(47, '16', 500),
(48, '17', 500),
(49, '18', 500),
(50, '19', 200),
(51, '20', 200),
(52, '21', 200),
(53, '22', 200),
(54, '23', 200),
(55, '24', 200),
(56, '25', 200),
(57, '26', 200),
(58, '27', 200),
(59, '28', 200),
(60, '29', 200),
(61, '30', 200),
(62, '31', 200);

-- --------------------------------------------------------

--
-- Table structure for table `slides`
--

CREATE TABLE `slides` (
  `SlideId` bigint(30) NOT NULL,
  `Image` varchar(200) COLLATE utf8_persian_ci NOT NULL,
  `Name` varchar(200) COLLATE utf8_persian_ci NOT NULL,
  `Link` varchar(500) COLLATE utf8_persian_ci NOT NULL
) ENGINE=InnoDB DEFAULT CHARSET=utf8 COLLATE=utf8_persian_ci ROW_FORMAT=COMPACT;

--
-- Dumping data for table `slides`
--

INSERT INTO `slides` (`SlideId`, `Image`, `Name`, `Link`) VALUES
(1, 'SlideImage//ESET_Endpoint_Security_Banner.jpg', 'فروش آنتی ویروس', 'http://shop5.ir/Post.php?id=315'),
(2, 'SlideImage//kid_banner.jpg', 'اسباب بازی کودکان', 'http://shop5.ir/Products.php?sbgroup=7'),
(3, 'SlideImage//lezat_kharid.jpg', 'لذت خرید خوشمزه', 'http://shop5.ir/Products.php?sbgroup=6'),
(4, 'SlideImage//lavazem_tahrir.jpg', 'فروش لوازم تحریر', 'http://shop5.ir/Products.php?tid=24'),
(5, 'SlideImage//fifa_17_ultimate_team.jpg', 'فروش CD+DVD', 'http://shop5.ir/Products.php?tid=26');

-- --------------------------------------------------------

--
-- Table structure for table `specialoffers`
--

CREATE TABLE `specialoffers` (
  `SpecialOfferId` int(11) NOT NULL,
  `Product` int(11) NOT NULL,
  `SpecialOfferTitle` int(11) NOT NULL
) ENGINE=InnoDB DEFAULT CHARSET=utf8;

--
-- Dumping data for table `specialoffers`
--

INSERT INTO `specialoffers` (`SpecialOfferId`, `Product`, `SpecialOfferTitle`) VALUES
(1, 344, 1),
(2, 315, 1),
(3, 315, 2),
(4, 314, 2);

-- --------------------------------------------------------

--
-- Table structure for table `specialoffertitles`
--

CREATE TABLE `specialoffertitles` (
  `SpecialOfferTitleId` int(11) NOT NULL,
  `Title` varchar(200) NOT NULL,
  `Activated` tinyint(1) NOT NULL
) ENGINE=InnoDB DEFAULT CHARSET=utf8;

--
-- Dumping data for table `specialoffertitles`
--

INSERT INTO `specialoffertitles` (`SpecialOfferTitleId`, `Title`, `Activated`) VALUES
(1, 'جشنواره رمضان', 1),
(2, 'جشنواره عید فطر', 1);

-- --------------------------------------------------------

--
-- Table structure for table `stats`
--

CREATE TABLE `stats` (
  `StatId` bigint(20) NOT NULL,
  `UserIP` varchar(200) COLLATE utf8_persian_ci NOT NULL,
  `Visit` bigint(20) NOT NULL,
  `Product` bigint(20) NOT NULL,
  `Date` varchar(100) COLLATE utf8_persian_ci NOT NULL,
  `Page` varchar(500) COLLATE utf8_persian_ci NOT NULL
) ENGINE=InnoDB DEFAULT CHARSET=utf8 COLLATE=utf8_persian_ci ROW_FORMAT=COMPACT;

--
-- Dumping data for table `stats`
--

INSERT INTO `stats` (`StatId`, `UserIP`, `Visit`, `Product`, `Date`, `Page`) VALUES
(1, '37.148.25.50', 1, 0, '2017-08-03 08:20:29', ''),
(2, '37.148.25.50', 1, 0, '2017-08-03 08:20:29', ''),
(3, '37.148.23.131', 1, 0, '2017-07-30 08:46:05', 'index.php'),
(4, '37.148.23.131', 1, 0, '2017-07-30 08:46:20', 'Products.php'),
(5, '37.148.23.131', 1, 13, '2017-07-30 08:46:47', 'Post.php?id=13'),
(6, '37.148.23.131', 1, 0, '2017-07-30 08:48:59', 'Purchase.php'),
(7, '37.148.23.131', 1, 0, '2017-07-30 08:49:22', 'UserProfile.php'),
(8, '37.148.23.131', 1, 0, '2017-07-30 08:57:34', ''),
(9, '37.148.23.131', 1, 0, '2017-07-30 10:02:43', 'Products.php?tid=21'),
(10, '37.148.23.131', 1, 0, '2017-07-30 10:03:12', 'Products.php?spgroup=30'),
(11, '37.148.23.131', 1, 14, '2017-07-30 10:03:52', 'Post.php?id=14'),
(12, '37.148.23.131', 1, 5, '2017-07-30 10:05:41', 'Post.php?id=5'),
(13, '158.69.252.176', 1, 0, '2017-07-30 10:11:50', 'Products.php?brand=%D9%81%DB%8C%D8%A8%D8%A7%D8%B1%D9%88'),
(14, '164.132.162.154', 1, 0, '2017-07-30 10:41:32', 'Products.php?spgroup=14'),
(15, '217.182.132.70', 1, 0, '2017-07-30 10:46:26', 'Products.php?spgroup=31'),
(16, '217.182.132.27', 1, 164, '2017-07-30 11:19:16', 'Post.php?id=164'),
(17, '54.88.2.195', 1, 0, '2017-07-30 12:14:29', ''),
(20, '157.55.39.134', 1, 0, '2017-07-30 15:23:26', ''),
(21, '51.255.65.5', 1, 0, '2017-07-30 15:36:55', 'Products.php'),
(22, '217.182.132.147', 1, 156, '2017-07-30 15:37:32', 'Post.php?id=156'),
(23, '164.132.161.77', 1, 0, '2017-07-30 15:55:20', 'Products.php?spgroup=4'),
(24, '37.148.25.50', 1, 0, '2017-08-03 08:20:29', 'index.php'),
(25, '5.121.242.222', 1, 0, '2017-08-03 05:00:28', 'index.php'),
(26, '5.121.242.222', 1, 0, '2017-08-03 05:00:28', 'Products.php?sbgid=9'),
(27, '5.121.242.222', 1, 10, '2017-08-03 05:00:28', 'Post.php?id=10'),
(28, '164.132.162.156', 1, 0, '2017-07-30 17:57:05', 'Products.php?spgroup=17'),
(29, '217.182.132.68', 1, 0, '2017-07-30 18:26:50', 'Products.php?spgroup=37'),
(30, '37.148.25.50', 1, 0, '2017-08-03 08:20:29', 'index.php'),
(31, '164.132.161.76', 1, 0, '2017-07-30 22:13:31', 'Products.php?spgroup=22'),
(32, '137.74.207.120', 1, 135, '2017-07-30 23:22:55', 'Post.php?id=135'),
(33, '217.182.132.157', 1, 0, '2017-07-30 23:35:16', 'Products.php?sbgroup=9'),
(34, '164.132.161.53', 1, 0, '2017-07-31 01:26:57', 'Products.php?spgroup='),
(35, '51.255.71.121', 1, 0, '2017-07-31 04:26:51', 'Products.php?spgroup=39'),
(36, '37.148.25.50', 1, 0, '2017-08-03 08:20:29', 'index.php'),
(37, '217.182.132.36', 1, 0, '2017-07-31 05:34:03', 'Products.php?spgroup=2'),
(38, '164.132.161.33', 1, 0, '2017-07-31 05:40:49', 'Products.php?MostPopular'),
(39, '164.132.161.28', 1, 0, '2017-07-31 06:00:26', 'Products.php?spgroup=33'),
(40, '164.132.161.18', 1, 0, '2017-07-31 07:10:15', 'Products.php?spgroup=61'),
(41, '37.148.25.50', 1, 0, '2017-08-03 08:20:29', ''),
(42, '51.255.65.71', 1, 166, '2017-07-31 08:27:12', 'Post.php?id=166'),
(43, '217.182.132.86', 1, 0, '2017-07-31 08:53:34', 'Products.php?spgroup=43'),
(44, '51.255.65.30', 1, 0, '2017-07-31 09:27:19', 'Products.php?spgroup=12'),
(45, '217.182.132.191', 1, 0, '2017-07-31 10:16:53', 'Products.php?spgroup=60'),
(46, '164.132.161.24', 1, 0, '2017-07-31 11:07:11', 'Products.php?spgroup=65'),
(47, '54.161.251.58', 1, 0, '2017-07-31 12:19:30', ''),
(48, '217.182.132.22', 1, 0, '2017-07-31 12:26:15', 'Products.php?spgroup=44'),
(49, '164.132.161.4', 1, 0, '2017-07-31 12:54:15', 'Products.php?spgroup=59'),
(50, '5.121.242.222', 1, 0, '2017-08-03 05:00:28', ''),
(51, '51.255.65.36', 1, 0, '2017-07-31 13:12:11', 'Products.php?spgroup=47'),
(52, '217.182.132.178', 1, 171, '2017-07-31 13:14:34', 'Post.php?id=171'),
(53, '5.121.242.222', 1, 14, '2017-08-03 05:00:28', 'Post.php?id=14'),
(54, '5.121.242.222', 1, 0, '2017-08-03 05:00:28', 'Purchase.php'),
(55, '51.255.65.41', 1, 169, '2017-07-31 13:48:07', 'Post.php?id=169'),
(56, '5.121.242.222', 1, 0, '2017-08-03 05:00:28', 'VerifyPayment.php?QuantityE=1'),
(57, '5.121.242.222', 1, 7, '2017-08-03 05:00:28', 'Post.php?id=7'),
(59, '5.121.242.222', 1, 11, '2017-08-03 05:00:28', 'Post.php?id=11'),
(60, '5.121.242.222', 1, 0, '2017-08-03 05:00:28', 'UserProfile.php'),
(61, '51.255.65.71', 1, 0, '2017-07-31 15:54:33', 'Products.php?spgroup=63'),
(62, '157.55.39.134', 1, 0, '2017-07-31 18:05:59', ''),
(63, '51.255.71.126', 1, 0, '2017-07-31 18:54:08', 'Products.php?spgroup=5'),
(64, '164.132.161.28', 1, 0, '2017-07-31 19:33:30', 'Products.php?spgroup=27'),
(65, '37.148.25.50', 1, 0, '2017-08-03 08:20:29', 'News.php?news=2'),
(66, '217.182.132.64', 1, 159, '2017-07-31 21:42:33', 'Post.php?id=159'),
(67, '51.255.65.78', 1, 0, '2017-07-31 21:51:50', 'Products.php?spgroup=57'),
(68, '164.132.161.68', 1, 0, '2017-07-31 21:53:25', 'Products.php?spgroup=50'),
(69, '51.255.65.92', 1, 0, '2017-08-01 00:50:40', 'Products.php?spgroup=56'),
(70, '66.249.70.26', 1, 0, '2017-08-01 02:01:50', 'index.php?page=shop.product_details&product_id=109&flypage=flypage.tpl&pop=1&option=com_virtuemart&Itemid=80&vmcchk=1&Itemid=80'),
(71, '217.182.132.18', 1, 0, '2017-08-01 02:25:11', 'Products.php?spgroup=25'),
(72, '66.249.70.26', 1, 0, '2017-08-01 02:33:31', 'News.php'),
(73, '66.249.70.28', 1, 0, '2017-08-01 02:42:22', 'News.php?news=2'),
(74, '217.182.132.4', 1, 0, '2017-08-01 02:49:09', 'Products.php?spgroup=64'),
(75, '66.249.70.26', 1, 0, '2017-08-01 02:56:23', 'Products.php?special_offers=1'),
(76, '5.121.242.222', 1, 0, '2017-08-03 05:00:28', 'index.php'),
(77, '51.255.65.18', 1, 0, '2017-08-01 05:25:24', 'Products.php?BestSellers'),
(78, '37.148.8.144', 1, 0, '2017-08-01 05:44:05', ''),
(79, '37.148.8.144', 1, 0, '2017-08-01 06:21:13', 'News.php'),
(80, '37.148.8.144', 1, 0, '2017-08-01 06:21:28', 'News.php?news=2'),
(81, '37.148.8.144', 1, 0, '2017-08-01 06:33:55', 'index.php'),
(82, '164.132.161.54', 1, 0, '2017-08-01 06:42:53', 'Products.php?brand=1'),
(83, '51.255.71.127', 1, 0, '2017-08-01 06:48:06', 'Products.php?spgroup=46'),
(84, '164.132.161.80', 1, 0, '2017-08-01 07:00:36', 'Products.php?spgroup=15'),
(85, '217.182.132.4', 1, 157, '2017-08-01 08:02:16', 'Post.php?id=157'),
(86, '37.148.25.50', 1, 0, '2017-08-03 08:20:29', 'News.php'),
(87, '37.148.25.50', 1, 0, '2017-08-03 08:20:29', 'News.php?news=3'),
(88, '37.148.25.50', 1, 0, '2017-08-03 08:20:29', 'News.php?news=6'),
(89, '37.148.25.50', 1, 0, '2017-08-03 08:20:29', 'News.php?news=5'),
(90, '37.148.25.50', 1, 0, '2017-08-03 08:20:29', 'News.php?search_box='),
(91, '37.148.25.50', 1, 0, '2017-08-03 08:20:29', 'Products.php?sbgroup=3'),
(92, '37.148.25.50', 1, 0, '2017-08-03 08:20:29', 'Products.php?search_box=+'),
(93, '37.148.25.50', 1, 13, '2017-08-03 08:20:29', 'Post.php?id=13'),
(94, '37.148.25.50', 1, 0, '2017-08-03 08:20:29', 'Products.php?search_box=%DA%A9%DB%8C%D8%A8%D9%88%D8%B1%D8%AF'),
(95, '37.148.25.50', 1, 0, '2017-08-03 08:20:29', 'Products.php'),
(96, '37.148.25.50', 1, 0, '2017-08-03 08:20:29', 'Products.php?search_box=%D9%85%D8%A7%D9%88%D8%B3'),
(97, '5.121.242.222', 1, 0, '2017-08-03 05:00:28', 'VerifyPayment.php?Authority=000000000000000000000000000049359635&Status=NOK'),
(98, '5.121.242.222', 1, 0, '2017-08-03 05:00:28', 'VerifyPayment.php?Authority=000000000000000000000000000049359778&Status=NOK'),
(99, '37.148.25.50', 1, 0, '2017-08-03 08:20:29', 'Products.php?search_box='),
(100, '51.255.65.28', 1, 0, '2017-08-01 10:10:06', 'Products.php?spgroup=32'),
(101, '5.121.242.222', 1, 0, '2017-08-03 05:00:28', 'Products.php?spgroup=9'),
(102, '5.121.242.222', 1, 0, '2017-08-03 05:00:28', 'Products.php?sbgroup=9'),
(103, '5.121.242.222', 1, 0, '2017-08-03 05:00:28', 'Products.php?spgroup=39'),
(104, '5.121.242.222', 1, 0, '2017-08-03 05:00:28', 'News.php'),
(105, '149.154.167.170', 1, 0, '2017-08-01 10:29:00', 'News.php'),
(106, '5.121.242.222', 1, 5, '2017-08-03 05:00:28', 'Post.php?id=5'),
(107, '5.121.242.222', 1, 0, '2017-08-03 05:00:28', 'News.php?search_box=%D8%A2%D9%85%D8%A7%D8%B2%D9%88%D9%86'),
(108, '5.121.242.222', 1, 0, '2017-08-03 05:00:28', 'News.php?news=13'),
(109, '217.182.132.66', 1, 0, '2017-08-01 11:05:25', 'Products.php?spgroup=40'),
(110, '5.121.242.222', 1, 0, '2017-08-03 05:00:28', 'News.php?news=7'),
(111, '37.148.25.50', 1, 0, '2017-08-03 08:20:29', 'Purchase.php'),
(112, '54.210.145.159', 1, 0, '2017-08-01 12:10:10', ''),
(113, '37.148.25.50', 1, 0, '2017-08-03 08:20:29', 'News.php?news=12'),
(114, '37.148.25.50', 1, 0, '2017-08-03 08:20:29', 'VerifyPayment.php?payment=2&code=268898705'),
(115, '37.148.25.50', 1, 0, '2017-08-03 08:20:29', 'UserProfile.php'),
(116, '37.148.25.50', 1, 0, '2017-08-03 08:20:29', 'News.php?search_box=%D8%A7%DB%8C%D9%86%D8%AA%D8%B1%D9%86%D8%AA'),
(117, '37.148.25.50', 1, 5, '2017-08-03 08:20:29', 'Post.php?id=5'),
(118, '37.148.25.50', 1, 0, '2017-08-03 08:20:29', 'VerifyPayment.php?payment=2&code=952967668'),
(119, '37.148.25.50', 1, 0, '2017-08-03 08:20:29', 'VerifyPayment.php?payment=2&code=131695439'),
(120, '5.121.242.222', 1, 0, '2017-08-03 05:00:28', ''),
(121, '5.121.242.222', 1, 0, '2017-08-03 05:00:28', 'Products.php?sbgroup=7'),
(122, '5.121.242.222', 1, 0, '2017-08-03 05:00:28', 'VerifyPayment.php?payment=2&code=254140571'),
(123, '51.255.65.30', 1, 144, '2017-08-01 13:19:03', 'Post.php?id=144'),
(124, '5.121.242.222', 1, 13, '2017-08-03 05:00:28', 'Post.php?id=13'),
(125, '5.121.242.222', 1, 0, '2017-08-03 05:00:28', 'VerifyPayment.php?payment=3&code=833649408'),
(127, '5.121.242.222', 1, 0, '2017-08-03 05:00:28', 'VerifyPayment.php?payment=2&code=395910213'),
(128, '157.55.39.134', 1, 0, '2017-08-01 13:32:43', ''),
(129, '54.147.213.99', 1, 0, '2017-08-01 13:45:15', ''),
(130, '5.121.242.222', 1, 0, '2017-08-03 05:00:28', 'News.php?news=4'),
(131, '151.245.83.25', 1, 0, '2017-08-01 14:58:07', ''),
(132, '217.182.132.84', 1, 0, '2017-08-01 16:42:11', 'Products.php?spgroup=54'),
(133, '164.132.161.21', 1, 0, '2017-08-01 17:02:10', 'Products.php?tid=15'),
(134, '5.121.242.222', 1, 0, '2017-08-03 05:00:28', 'VerifyPayment.php?payment=2&code=294520059'),
(135, '164.132.161.42', 1, 0, '2017-08-01 17:35:22', 'Products.php?spgroup=69'),
(136, '5.121.242.222', 1, 12, '2017-08-03 05:00:28', 'Post.php?id=12'),
(139, '5.121.242.222', 1, 0, '2017-08-03 05:00:28', 'Products.php?tid=24'),
(140, '164.132.161.31', 1, 0, '2017-08-01 19:00:38', ''),
(141, '164.132.162.158', 1, 167, '2017-08-01 19:06:44', 'Post.php?id=167'),
(143, '217.182.132.180', 1, 168, '2017-08-01 20:08:48', 'Post.php?id=168'),
(144, '75.101.162.240', 1, 0, '2017-08-01 20:34:18', 'Products.php?spgroup=3'),
(145, '37.148.25.50', 1, 0, '2017-08-03 08:20:29', 'UserProfile.php'),
(146, '217.182.132.35', 1, 0, '2017-08-01 21:49:37', 'Products.php?brand=2'),
(147, '37.148.25.50', 1, 0, '2017-08-03 08:20:29', 'News.php?news=13'),
(148, '51.255.65.65', 1, 0, '2017-08-01 22:00:48', 'Products.php?sbgroup=8'),
(149, '51.255.65.51', 1, 0, '2017-08-01 22:50:31', 'Products.php?spgroup=34'),
(150, '51.255.65.42', 1, 0, '2017-08-02 01:21:52', 'Products.php?spgroup=10'),
(151, '217.182.132.20', 1, 0, '2017-08-02 01:30:55', 'Products.php?tid=16'),
(152, '164.132.164.180', 1, 0, '2017-08-02 02:21:34', 'Products.php?spgroup=24'),
(153, '66.249.75.22', 1, 0, '2017-08-02 02:24:21', ''),
(154, '164.132.161.56', 1, 0, '2017-08-02 02:36:57', 'Products.php?tid=1'),
(155, '51.255.65.47', 1, 0, '2017-08-02 05:13:43', 'Products.php?spgroup=8'),
(156, '37.148.25.50', 1, 0, '2017-08-03 08:20:29', ''),
(157, '51.255.65.15', 1, 0, '2017-08-02 05:52:18', 'Products.php?spgroup=26'),
(159, '66.249.75.21', 1, 0, '2017-08-02 08:22:43', 'Purchase.php'),
(160, '5.121.242.222', 1, 0, '2017-08-03 05:00:28', 'VerifyPayment.php?Authority=000000000000000000000000000049447390&Status=NOK'),
(161, '5.121.242.222', 1, 0, '2017-08-03 05:00:28', 'Products.php?sbgroup=6'),
(162, '217.182.132.27', 1, 0, '2017-08-02 08:44:30', 'Products.php?tid=23'),
(163, '164.132.161.41', 1, 0, '2017-08-02 09:51:00', 'Products.php?sbgroup=7'),
(165, '5.121.242.222', 1, 0, '2017-08-03 05:00:28', 'News.php?news=14'),
(166, '37.148.25.50', 1, 0, '2017-08-03 08:20:29', ''),
(168, '37.148.25.50', 1, 0, '2017-08-03 08:20:29', 'Purchase.php'),
(169, '34.224.165.109', 1, 0, '2017-08-02 12:18:07', ''),
(170, '157.55.39.134', 1, 0, '2017-08-02 12:27:19', ''),
(171, '5.121.242.222', 1, 0, '2017-08-03 05:00:28', 'Products.php?spgroup=67'),
(172, '5.121.242.222', 1, 0, '2017-08-03 05:00:28', 'index.php?key=c4ca4238a0b923820dcc509a6f75849b'),
(173, '5.121.242.222', 1, 0, '2017-08-03 05:00:28', 'textpost.php?fid=2'),
(175, '80.241.216.99', 1, 0, '2017-08-02 17:07:36', 'index.php?page=shop.ask&product_id=120&subject=%D8%A7%D8%B3%D8%AA%D8%B9%D9%84%D8%A7%D9%85%20%D8%A8%D9%87%D8%A7%D8%A1:%20Acer%20Aspire%20E5-571G-I5%204210U%204G50MNKS%20-%2015.6%26quot;%20i5%204GB%20500GB%20Nvidi&option=com_virtuemart&Itemid=80'),
(176, '37.148.25.50', 1, 0, '2017-08-03 08:20:29', 'index.php?key=a87ff679a2f3e71d9181a67b7542122c'),
(177, '5.121.242.222', 1, 0, '2017-08-03 05:00:28', 'Products.php?sbgroup=3'),
(178, '5.121.242.222', 1, 0, '2017-08-03 05:00:28', 'Products.php?spgroup=16'),
(179, '184.173.226.131', 1, 0, '2017-08-02 19:40:55', ''),
(180, '51.255.65.84', 1, 0, '2017-08-02 19:58:31', 'Products.php?spgroup=35'),
(181, '217.182.132.54', 1, 0, '2017-08-02 21:04:34', 'Products.php?brand=4'),
(182, '66.249.70.26', 1, 0, '2017-08-02 21:22:21', 'Products.php?spgroup=52'),
(183, '51.255.65.76', 1, 0, '2017-08-02 21:30:54', 'Products.php?tid=17'),
(184, '51.255.71.129', 1, 0, '2017-08-02 22:28:21', 'Products.php?spgroup=48'),
(185, '137.74.207.120', 9, 0, '2017-08-02 22:42:39', 'Products.php?spgroup=49'),
(186, '217.182.132.147', 1, 0, '2017-08-03 00:23:31', 'Products.php?tid=20'),
(187, '217.182.132.34', 1, 0, '2017-08-03 00:36:08', 'Products.php?spgroup=55'),
(188, '137.74.201.108', 1, 0, '2017-08-03 00:53:03', 'Products.php?spgroup=28'),
(189, '164.132.161.53', 1, 146, '2017-08-03 02:18:02', 'Post.php?id=146'),
(190, '144.76.8.231', 1, 0, '2017-08-03 03:50:15', 'News.php'),
(191, '144.76.8.231', 1, 0, '2017-08-03 03:50:17', 'News.php?news=10'),
(192, '144.76.8.231', 1, 0, '2017-08-03 03:50:19', 'News.php?news=11'),
(193, '144.76.8.231', 1, 0, '2017-08-03 03:50:21', 'News.php?news=12'),
(194, '144.76.8.231', 1, 0, '2017-08-03 03:50:23', 'News.php?news=13'),
(195, '144.76.8.231', 1, 0, '2017-08-03 03:50:25', 'News.php?news=14'),
(196, '144.76.8.231', 1, 0, '2017-08-03 03:50:27', 'News.php?news=8'),
(197, '144.76.8.231', 1, 0, '2017-08-03 03:50:29', 'News.php?news=9'),
(198, '144.76.8.231', 1, 10, '2017-08-03 03:50:31', 'Post.php?id=10'),
(199, '144.76.8.231', 1, 11, '2017-08-03 03:50:33', 'Post.php?id=11'),
(200, '144.76.8.231', 1, 12, '2017-08-03 03:50:35', 'Post.php?id=12'),
(201, '144.76.8.231', 1, 13, '2017-08-03 03:50:37', 'Post.php?id=13'),
(202, '144.76.8.231', 1, 14, '2017-08-03 03:50:39', 'Post.php?id=14'),
(206, '144.76.8.231', 1, 5, '2017-08-03 03:50:48', 'Post.php?id=5'),
(207, '144.76.8.231', 1, 7, '2017-08-03 03:50:50', 'Post.php?id=7'),
(209, '144.76.8.231', 1, 9, '2017-08-03 03:50:54', 'Post.php?id=9'),
(210, '144.76.8.231', 1, 0, '2017-08-03 03:50:56', 'Products.php?sbgroup=11'),
(211, '144.76.8.231', 1, 0, '2017-08-03 03:50:58', 'Products.php?sbgroup=6'),
(212, '144.76.8.231', 1, 0, '2017-08-03 03:51:00', 'Products.php?sbgroup=7'),
(213, '144.76.8.231', 1, 0, '2017-08-03 03:51:02', 'Products.php?tid=21'),
(214, '144.76.8.231', 1, 0, '2017-08-03 03:51:04', 'Products.php?tid=22'),
(215, '144.76.8.231', 1, 0, '2017-08-03 03:51:06', 'Products.php?tid=26'),
(216, '144.76.8.231', 1, 0, '2017-08-03 03:51:08', 'textpost.php?fid=2'),
(217, '51.255.65.14', 1, 0, '2017-08-03 03:55:25', 'Products.php?spgroup=11'),
(218, '40.77.167.71', 1, 0, '2017-08-03 04:50:37', ''),
(219, '51.255.71.115', 1, 0, '2017-08-03 06:57:47', 'textpost.php?fid=17'),
(220, '5.121.242.222', 1, 0, '2017-08-03 07:04:16', 'index.php'),
(221, '5.121.242.222', 1, 0, '2017-08-03 07:22:24', 'Products.php?spgroup=29'),
(222, '5.121.242.222', 1, 0, '2017-08-03 07:23:56', ''),
(223, '37.148.25.50', 1, 0, '2017-08-03 08:02:47', 'index.php'),
(224, '65.49.68.175', 1, 0, '2017-08-03 08:32:07', ''),
(225, '65.49.68.175', 1, 0, '2017-08-03 08:32:38', 'Products.php?spgroup=13'),
(226, '65.49.68.175', 1, 0, '2017-08-03 08:32:43', 'Products.php?spgroup=21'),
(227, '65.49.68.175', 1, 0, '2017-08-03 08:32:58', 'Products.php?sbgroup=13'),
(228, '65.49.68.175', 1, 0, '2017-08-03 08:33:08', 'Products.php?sbgroup=12'),
(229, '65.49.68.175', 1, 0, '2017-08-03 08:33:29', 'Products.php?sbgroup=3'),
(230, '65.49.68.175', 1, 0, '2017-08-03 08:34:15', 'Products.php?sbgroup=1'),
(231, '65.49.68.175', 1, 0, '2017-08-03 08:34:43', 'Purchase.php'),
(232, '166.88.123.38', 1, 0, '2017-08-03 08:35:31', ''),
(233, '65.49.68.175', 1, 0, '2017-08-03 08:35:38', 'Products.php?sbgroup=7'),
(234, '65.49.68.175', 1, 0, '2017-08-03 08:35:39', 'Products.php?tid=26'),
(235, '65.49.68.175', 1, 0, '2017-08-03 08:35:55', 'Products.php?sbgroup=9'),
(236, '166.88.123.38', 1, 12, '2017-08-03 08:36:54', 'Post.php?id=12'),
(237, '217.182.132.54', 1, 0, '2017-08-03 08:39:10', 'Products.php?tid=27'),
(238, '166.88.123.38', 1, 0, '2017-08-03 08:49:37', 'Purchase.php'),
(239, '166.88.123.38', 1, 0, '2017-08-03 08:55:27', 'VerifyPayment.php?payment=2&code=848497564'),
(240, '2.182.175.79', 1, 0, '2017-08-03 09:08:39', ''),
(241, '51.255.65.57', 1, 0, '2017-08-03 09:11:22', 'Products.php?sbgroup='),
(242, '51.255.65.96', 1, 0, '2017-08-03 09:20:59', 'Products.php?spgroup=66'),
(243, '5.122.189.113', 1, 0, '2017-08-03 09:30:50', ''),
(244, '5.122.189.113', 1, 13, '2017-08-03 09:31:23', 'Post.php?id=13'),
(245, '5.122.189.113', 1, 0, '2017-08-03 09:36:57', 'Purchase.php'),
(246, '5.122.189.113', 1, 0, '2017-08-03 09:37:33', 'VerifyPayment.php?payment=2&code=222914075'),
(247, '5.122.189.113', 1, 0, '2017-08-03 09:39:03', 'UserProfile.php'),
(248, '217.60.139.249', 1, 0, '2017-08-03 09:43:51', ''),
(249, '217.60.139.249', 1, 11, '2017-08-03 09:44:05', 'Post.php?id=11'),
(251, '89.47.131.207', 1, 0, '2017-08-03 10:36:42', ''),
(252, '137.74.207.102', 1, 0, '2017-08-03 10:40:19', 'textpost.php?fid=19'),
(253, '37.148.72.200', 1, 0, '2017-08-03 11:14:51', ''),
(255, '217.182.132.35', 1, 0, '2017-08-03 11:23:16', 'Products.php?spgroup=9'),
(256, '37.128.245.205', 1, 0, '2017-08-03 11:32:51', ''),
(257, '37.128.245.205', 1, 0, '2017-08-03 11:34:56', 'News.php?news=13'),
(258, '51.255.65.37', 1, 0, '2017-08-03 11:57:06', 'Products.php?spgroup=23'),
(259, '54.227.122.134', 1, 0, '2017-08-03 12:23:01', ''),
(260, '158.69.252.176', 1, 0, '2017-08-03 12:31:00', 'News.php?news=2'),
(261, '158.69.252.176', 1, 0, '2017-08-03 12:31:09', 'News.php?news=3'),
(262, '158.69.252.176', 1, 0, '2017-08-03 12:31:11', 'News.php?news=4'),
(263, '158.69.252.176', 1, 0, '2017-08-03 12:31:14', 'News.php?news=5'),
(264, '158.69.252.176', 1, 0, '2017-08-03 12:31:21', 'News.php?news=6'),
(265, '158.69.252.176', 1, 0, '2017-08-03 12:31:28', 'News.php?news=7'),
(266, '158.69.252.176', 1, 0, '2017-08-03 12:31:32', 'Products.php?spgroup=29'),
(267, '158.69.252.176', 1, 0, '2017-08-03 12:31:36', 'Products.php?spgroup=33'),
(268, '158.69.252.176', 1, 0, '2017-08-03 12:31:41', 'Products.php?spgroup=70'),
(269, '66.249.70.30', 1, 59, '2017-08-03 12:34:40', 'Compare.php?id=59'),
(270, '217.182.132.83', 1, 0, '2017-08-03 12:35:52', 'Products.php?spgroup=21'),
(271, '66.249.70.28', 1, 0, '2017-08-03 12:59:21', 'index.php?page=shop.product_details&product_id=109&flypage=flypage.tpl&pop=1&option=com_virtuemart&Itemid=80&vmcchk=1&Itemid=80'),
(272, '164.132.161.78', 1, 0, '2017-08-03 13:19:39', 'Products.php?spgroup=52'),
(273, '66.249.70.30', 1, 0, '2017-08-03 13:20:20', 'index.php'),
(274, '217.60.139.249', 1, 14, '2017-08-03 14:18:17', 'Post.php?id=14'),
(275, '217.60.139.249', 1, 0, '2017-08-03 14:21:24', 'Purchase.php'),
(276, '217.60.139.249', 1, 0, '2017-08-03 14:21:34', 'VerifyPayment.php?payment=2&code=572939334'),
(277, '37.148.25.50', 1, 0, '2017-08-03 14:36:19', 'News.php?news=14'),
(278, '46.21.86.147', 1, 0, '2017-08-03 14:38:20', ''),
(279, '46.21.86.147', 1, 11, '2017-08-03 14:39:02', 'Post.php?id=11'),
(280, '46.21.86.147', 1, 0, '2017-08-03 14:39:48', 'Purchase.php'),
(281, '46.21.86.147', 1, 0, '2017-08-03 14:40:24', 'VerifyPayment.php?payment=2&code=640706977'),
(282, '46.21.86.147', 1, 0, '2017-08-03 14:40:54', 'UserProfile.php'),
(283, '46.21.86.147', 1, 0, '2017-08-03 14:41:57', 'Products.php?spgroup=16'),
(284, '217.182.132.74', 1, 0, '2017-08-03 15:05:58', 'Products.php?spgroup=20'),
(285, '46.21.86.147', 1, 10, '2017-08-03 15:19:11', 'Post.php?id=10'),
(286, '46.21.86.147', 1, 0, '2017-08-03 15:21:42', 'index.php'),
(288, '5.121.242.222', 1, 0, '2017-08-03 15:29:05', 'Products.php?spgroup=14'),
(289, '66.249.70.30', 1, 0, '2017-08-03 16:33:38', 'Products.php?spgroup=31'),
(290, '66.249.70.28', 1, 0, '2017-08-03 17:13:35', 'Products.php?sbid=26'),
(291, '66.249.70.26', 1, 0, '2017-08-03 19:18:37', 'Products.php?sbid=51'),
(292, '164.132.161.73', 1, 0, '2017-08-03 19:29:15', 'Products.php?tid=28'),
(293, '157.55.39.60', 1, 0, '2017-08-03 19:29:48', ''),
(295, '217.182.132.65', 1, 0, '2017-08-03 20:00:15', 'Products.php?tid=26'),
(296, '37.148.25.50', 1, 0, '2017-08-03 20:02:02', 'Products.php?sbgroup=2'),
(297, '37.148.25.50', 1, 0, '2017-08-03 20:02:21', 'News.php?news=9'),
(298, '37.148.25.50', 1, 0, '2017-08-03 21:04:46', 'index.php'),
(299, '217.182.132.79', 1, 0, '2017-08-03 21:29:33', 'Products.php?tid=24'),
(300, '37.148.25.50', 1, 10, '2017-08-03 22:26:11', 'Post.php?id=10'),
(301, '66.249.70.26', 1, 0, '2017-08-03 22:52:21', 'Products.php?spgroup=14'),
(302, '37.148.25.50', 1, 0, '2017-08-03 23:25:18', 'Compare.php'),
(303, '66.249.70.28', 1, 0, '2017-08-04 01:02:26', 'Products.php?spgroup=14'),
(304, '51.255.71.111', 1, 0, '2017-08-04 01:25:43', 'Products.php?special_offers=1'),
(305, '51.255.65.80', 1, 0, '2017-08-04 03:25:43', 'Products.php?sbgroup=4'),
(306, '164.132.161.32', 1, 0, '2017-08-04 03:57:55', 'Products.php?spgroup=53'),
(307, '66.249.70.30', 1, 0, '2017-08-04 04:44:32', ''),
(308, '5.121.242.222', 1, 0, '2017-08-04 05:04:14', 'index.php'),
(309, '5.121.242.222', 1, 0, '2017-08-04 05:07:33', ''),
(311, '5.121.242.222', 1, 0, '2017-08-04 05:08:54', 'Purchase.php'),
(312, '5.121.242.222', 1, 10, '2017-08-04 05:10:39', 'Post.php?id=10'),
(313, '66.249.70.30', 1, 11, '2017-08-04 05:12:07', 'Post.php?id=11'),
(314, '66.249.70.28', 1, 7, '2017-08-04 05:12:17', 'Post.php?id=7'),
(316, '66.249.70.26', 1, 9, '2017-08-04 05:12:45', 'Post.php?id=9'),
(317, '66.249.70.30', 1, 14, '2017-08-04 05:14:28', 'Post.php?id=14'),
(318, '37.148.25.50', 1, 0, '2017-08-04 05:16:09', ''),
(319, '5.121.242.222', 1, 0, '2017-08-04 05:20:21', 'News.php?news=13'),
(320, '5.121.242.222', 1, 7, '2017-08-04 05:23:52', 'Post.php?id=7'),
(321, '37.148.25.50', 1, 0, '2017-08-04 05:29:31', 'index.php'),
(322, '37.148.25.50', 1, 0, '2017-08-04 05:29:35', 'Compare.php'),
(324, '5.121.242.222', 1, 14, '2017-08-04 06:08:31', 'Post.php?id=14'),
(326, '66.249.70.30', 1, 58, '2017-08-04 07:31:27', 'Compare.php?id=58'),
(327, '176.221.26.89', 1, 0, '2017-08-04 08:06:35', ''),
(328, '176.221.26.89', 1, 0, '2017-08-04 08:07:16', 'Compare.php'),
(329, '176.221.26.89', 1, 0, '2017-08-04 08:07:33', 'Products.php?tid=26'),
(330, '176.221.26.89', 1, 0, '2017-08-04 08:07:46', 'Products.php?sbgroup=3'),
(331, '176.221.26.89', 1, 12, '2017-08-04 08:07:49', 'Post.php?id=12'),
(332, '176.221.26.89', 1, 0, '2017-08-04 08:08:45', 'Products.php?sbgroup=6'),
(333, '176.221.26.89', 1, 0, '2017-08-04 08:08:56', 'Products.php?sbgroup=5'),
(334, '176.221.26.89', 1, 5, '2017-08-04 08:08:59', 'Post.php?id=5'),
(335, '157.55.39.60', 1, 0, '2017-08-04 08:09:07', ''),
(336, '176.221.26.89', 1, 0, '2017-08-04 08:13:53', 'Purchase.php'),
(337, '176.221.26.89', 1, 0, '2017-08-04 08:14:10', 'Products.php?sbgroup=1'),
(338, '176.221.26.89', 1, 0, '2017-08-04 08:14:16', 'index.php'),
(339, '176.221.26.89', 1, 13, '2017-08-04 08:14:20', 'Post.php?id=13'),
(340, '176.221.26.89', 1, 0, '2017-08-04 08:15:07', 'VerifyPayment.php?payment=3&code=746715015'),
(341, '164.132.161.47', 1, 0, '2017-08-04 09:49:31', 'Purchase.php'),
(342, '51.255.65.29', 1, 0, '2017-08-04 10:27:07', 'Products.php?spgroup=41'),
(343, '37.148.25.50', 1, 12, '2017-08-04 16:00:43', 'Post.php?id=12'),
(344, '51.255.65.10', 1, 0, '2017-08-04 16:10:33', 'Products.php?spgroup=36'),
(345, '37.148.25.50', 1, 0, '2017-08-04 16:49:36', 'News.php?news=11'),
(346, '54.85.156.173', 1, 0, '2017-08-04 17:17:42', ''),
(347, '164.132.161.58', 1, 0, '2017-08-04 20:23:13', 'Products.php?spgroup=3'),
(348, '164.132.161.56', 1, 0, '2017-08-04 20:26:22', 'Products.php?tid=21'),
(349, '5.121.77.136', 1, 0, '2017-08-04 21:02:57', 'index.php'),
(350, '66.249.73.216', 1, 57, '2017-08-04 21:28:27', 'Compare.php?id=57'),
(352, '51.255.65.17', 1, 0, '2017-08-04 23:23:13', 'Products.php?tid=13'),
(353, '51.255.65.57', 1, 0, '2017-08-04 23:58:33', 'Products.php?tid=29'),
(354, '37.148.25.50', 1, 0, '2017-08-05 00:20:39', 'index.php'),
(355, '66.249.73.218', 1, 0, '2017-08-05 01:31:39', 'Compare.php'),
(356, '51.255.71.116', 1, 0, '2017-08-05 02:13:21', 'Products.php?spgroup=62'),
(357, '66.249.65.126', 1, 0, '2017-08-05 02:27:52', 'Products.php?protocol=1'),
(358, '164.132.161.97', 1, 149, '2017-08-05 02:30:20', 'Post.php?id=149'),
(359, '51.255.65.69', 1, 0, '2017-08-05 05:11:07', 'Products.php?spgroup=42'),
(360, '164.132.162.157', 1, 0, '2017-08-05 06:06:29', 'Products.php?spgroup=30'),
(361, '157.55.39.60', 1, 0, '2017-08-05 06:23:13', ''),
(362, '164.132.161.96', 1, 0, '2017-08-05 06:44:38', 'Products.php?sbgroup=12'),
(363, '137.74.207.110', 1, 0, '2017-08-05 06:56:49', 'Products.php?spgroup=38'),
(364, '66.249.65.124', 1, 63, '2017-08-05 07:14:20', 'Compare.php?id=63'),
(365, '217.182.132.174', 1, 145, '2017-08-05 07:48:22', 'Post.php?id=145'),
(366, '151.80.27.116', 1, 0, '2017-08-05 07:51:22', 'Products.php?spgroup=58'),
(367, '37.148.27.122', 1, 0, '2017-08-05 08:30:01', ''),
(368, '37.148.27.122', 1, 0, '2017-08-05 08:43:33', 'index.php'),
(369, '51.255.65.56', 1, 0, '2017-08-05 09:41:35', 'Products.php?spgroup=45'),
(370, '51.255.65.92', 1, 152, '2017-08-05 09:47:40', 'Post.php?id=152'),
(371, '37.148.25.50', 1, 0, '2017-08-05 10:00:06', 'index.php'),
(372, '217.182.132.177', 1, 0, '2017-08-05 10:05:55', 'Products.php?spgroup=13'),
(373, '37.148.25.50', 1, 0, '2017-08-05 10:48:53', ''),
(374, '37.148.27.122', 1, 0, '2017-08-05 12:45:11', 'Products.php?spgroup=3'),
(375, '37.148.27.122', 1, 5, '2017-08-05 14:10:59', 'Post.php?id=5'),
(376, '37.148.27.122', 1, 0, '2017-08-05 14:14:19', 'Purchase.php'),
(377, '37.148.27.122', 1, 0, '2017-08-05 14:15:33', 'VerifyPayment.php?Authority=000000000000000000000000000049704688&Status=NOK'),
(379, '37.148.27.122', 1, 0, '2017-08-05 14:20:55', 'VerifyPayment.php?Authority=000000000000000000000000000049704954&Status=NOK'),
(380, '37.148.27.122', 1, 0, '2017-08-05 14:21:05', 'UserProfile.php'),
(381, '37.148.27.122', 1, 0, '2017-08-05 14:21:23', 'textpost.php?fid=2'),
(382, '37.148.27.122', 1, 14, '2017-08-05 14:26:23', 'Post.php?id=14'),
(383, '37.148.27.122', 1, 0, '2017-08-05 14:28:38', 'Products.php?sbgroup=6'),
(384, '37.148.27.122', 1, 0, '2017-08-05 14:29:00', 'Products.php?tid=21'),
(385, '37.148.27.122', 1, 0, '2017-08-05 14:29:11', 'Products.php?spgroup=23'),
(386, '37.148.27.122', 1, 0, '2017-08-05 14:29:41', 'Products.php?spgroup=16'),
(387, '37.148.27.122', 1, 0, '2017-08-05 14:30:21', 'Products.php?spgroup=31'),
(388, '5.121.77.136', 1, 0, '2017-08-05 15:19:39', 'index.php'),
(389, '51.255.65.8', 1, 11, '2017-08-05 16:11:20', 'Post.php?id=11'),
(390, '164.132.161.8', 1, 145, '2017-08-05 16:20:42', 'Post.php?id=145'),
(392, '51.255.65.23', 1, 0, '2017-08-05 16:48:58', 'News.php?news=14'),
(393, '34.228.17.24', 1, 0, '2017-08-05 16:52:02', ''),
(394, '164.132.161.62', 1, 10, '2017-08-05 17:54:10', 'Post.php?id=10'),
(396, '5.121.77.136', 1, 0, '2017-08-05 18:39:13', 'Products.php?spgroup=14'),
(398, '164.132.161.40', 1, 0, '2017-08-05 18:53:51', 'Products.php?spgroup=3'),
(399, '66.249.65.116', 1, 0, '2017-08-05 19:31:07', 'Products.php?spgroup=14'),
(401, '144.76.17.175', 1, 0, '2017-08-05 21:11:19', 'Products.php?brand=%D9%81%DB%8C%D8%A8%D8%A7%D8%B1%D9%88'),
(402, '51.255.65.79', 1, 0, '2017-08-05 21:28:39', 'News.php?news=13'),
(403, '164.132.162.154', 1, 5, '2017-08-05 22:36:16', 'Post.php?id=5'),
(404, '217.182.132.5', 1, 0, '2017-08-05 23:38:25', 'Products.php?spgroup=30'),
(405, '66.249.65.116', 1, 0, '2017-08-05 23:40:32', 'index.php?page=shop.product_details&product_id=109&flypage=flypage.tpl&pop=1&option=com_virtuemart&Itemid=80&vmcchk=1&Itemid=80'),
(407, '37.148.25.50', 1, 0, '2017-08-06 00:33:59', ''),
(408, '66.249.65.120', 1, 0, '2017-08-06 00:40:38', ''),
(409, '51.255.65.68', 1, 0, '2017-08-06 00:42:17', 'News.php?news=12'),
(410, '217.182.132.192', 1, 12, '2017-08-06 00:55:55', 'Post.php?id=12'),
(411, '37.148.25.50', 1, 0, '2017-08-06 01:35:10', 'index.php'),
(412, '157.55.39.60', 1, 0, '2017-08-06 02:03:03', ''),
(413, '51.255.65.14', 1, 7, '2017-08-06 02:19:44', 'Post.php?id=7'),
(414, '65.49.68.175', 1, 0, '2017-08-06 02:39:44', ''),
(415, '217.182.132.75', 1, 0, '2017-08-06 03:27:09', 'Products.php?spgroup=13'),
(417, '66.249.65.116', 1, 0, '2017-08-06 04:31:04', 'index.php?page=shop.product_details&flypage=flypage.tpl&product_id=52&category_id=10&option=com_virtuemart&Itemid=80'),
(418, '51.255.71.131', 1, 65, '2017-08-06 04:45:20', 'Post.php?id=65'),
(419, '66.249.65.118', 1, 0, '2017-08-06 08:01:02', 'News.php?news=11'),
(420, '66.249.65.118', 1, 194, '2017-08-06 08:35:24', 'Post.php?id=194'),
(421, '164.132.161.97', 1, 14, '2017-08-06 09:15:37', 'Post.php?id=14'),
(422, '137.74.207.120', 1, 13, '2017-08-06 09:36:03', 'Post.php?id=13'),
(423, '5.121.77.136', 1, 0, '2017-08-06 11:11:49', 'index.php'),
(425, '65.49.68.198', 1, 0, '2017-08-06 12:13:30', ''),
(426, '51.255.65.39', 1, 9, '2017-08-06 13:11:14', 'Post.php?id=9'),
(427, '217.182.132.151', 1, 0, '2017-08-06 13:29:51', 'News.php?news=11'),
(428, '157.55.39.248', 1, 0, '2017-08-06 13:54:18', ''),
(429, '217.182.132.28', 1, 0, '2017-08-06 13:58:28', 'News.php'),
(431, '66.249.65.114', 1, 57, '2017-08-06 15:56:42', 'Post.php?id=57'),
(432, '54.208.178.17', 1, 0, '2017-08-06 16:50:27', ''),
(433, '66.249.65.126', 1, 0, '2017-08-06 18:41:16', 'News.php?news=9'),
(434, '5.122.49.79', 1, 0, '2017-08-06 19:43:47', ''),
(435, '66.249.65.126', 1, 0, '2017-08-06 21:21:18', 'Products.php?spgroup=40'),
(436, '66.249.65.124', 1, 0, '2017-08-06 21:21:47', 'Products.php?spgroup=20'),
(437, '66.249.65.124', 1, 0, '2017-08-06 22:42:27', 'index.php?page=shop.product_details&category_id=23&flypage=flypage.tpl&product_id=106&option=com_virtuemart&Itemid=80'),
(438, '164.132.161.59', 1, 0, '2017-08-06 22:49:10', 'Products.php?spgroup=1'),
(439, '66.249.65.122', 1, 0, '2017-08-06 22:56:43', ''),
(440, '66.249.65.126', 1, 0, '2017-08-06 23:47:52', 'Products.php?spgroup=23'),
(441, '66.249.65.126', 1, 0, '2017-08-07 00:42:45', 'Products.php?spgroup=23'),
(442, '66.249.65.124', 1, 0, '2017-08-07 01:49:47', ''),
(443, '51.255.65.51', 1, 2, '2017-08-07 01:55:15', 'Post.php?id=2'),
(444, '157.55.39.248', 1, 0, '2017-08-07 02:21:00', ''),
(445, '66.249.65.124', 1, 0, '2017-08-07 04:31:26', 'Products.php?brand=Fibaro'),
(446, '164.132.161.58', 1, 0, '2017-08-07 05:43:14', 'Products.php?sbgroup=11'),
(447, '66.249.65.126', 1, 0, '2017-08-07 08:05:09', 'Products.php?sbgroup=7'),
(448, '66.249.65.124', 1, 0, '2017-08-07 08:33:13', 'Products.php?brand=MDT'),
(449, '37.148.25.50', 1, 0, '2017-08-07 08:35:16', ''),
(450, '37.148.25.50', 1, 0, '2017-08-07 08:38:03', 'index.php'),
(451, '37.148.25.50', 1, 14, '2017-08-07 09:02:01', 'News.php?id=14'),
(452, '66.249.65.124', 1, 0, '2017-08-07 09:08:59', 'Products.php'),
(453, '66.249.65.122', 1, 0, '2017-08-07 09:21:13', ''),
(454, '66.249.65.122', 1, 0, '2017-08-07 09:37:58', 'Products.php?spgroup=21'),
(455, '66.249.65.124', 1, 0, '2017-08-07 09:44:46', 'Products.php?spgroup=52'),
(456, '52.71.163.152', 1, 0, '2017-08-07 11:31:38', ''),
(457, '5.122.226.228', 1, 0, '2017-08-30 14:12:18', ''),
(458, '5.122.226.228', 1, 14, '2017-08-30 14:12:45', 'Post.php?id=14'),
(459, '5.122.226.228', 1, 0, '2017-08-30 14:12:53', 'index.php'),
(461, '216.244.66.233', 1, 0, '2017-08-30 15:18:27', 'Products.php?tid=26'),
(462, '216.244.66.233', 1, 0, '2017-08-30 15:53:44', 'Products.php?spgroup=69'),
(463, '216.244.66.233', 1, 0, '2017-08-30 15:53:48', 'Products.php?tid=28'),
(464, '40.77.167.55', 1, 0, '2017-08-30 15:56:10', ''),
(465, '217.60.76.70', 1, 0, '2017-08-30 15:57:03', ''),
(467, '216.244.66.233', 1, 0, '2017-08-30 16:20:49', 'Products.php?spgroup=44'),
(469, '5.122.226.228', 1, 0, '2017-08-30 16:41:51', 'Purchase.php'),
(470, '5.122.226.228', 1, 0, '2017-08-30 16:44:15', 'VerifyPayment.php?Authority=000000000000000000000000000052025309&Status=OK'),
(471, '217.60.76.70', 1, 0, '2017-08-30 16:46:12', 'index.php'),
(472, '217.60.76.70', 1, 0, '2017-08-30 16:49:05', 'index.php?key=a87ff679a2f3e71d9181a67b7542122c'),
(473, '217.60.76.70', 1, 0, '2017-08-30 16:49:53', 'Purchase.php'),
(475, '217.60.76.70', 1, 0, '2017-08-30 16:52:20', 'VerifyPayment.php?Authority=000000000000000000000000000052025800&Status=OK'),
(476, '217.60.76.70', 1, 0, '2017-08-30 16:54:45', 'UserProfile.php'),
(477, '5.122.226.228', 1, 0, '2017-08-30 16:56:37', 'VerifyPayment.php?Authority=000000000000000000000000000052025942&Status=OK'),
(479, '5.122.226.228', 1, 0, '2017-08-30 17:07:09', 'VerifyPayment.php?Authority=000000000000000000000000000052026822&Status=OK'),
(481, '217.60.76.70', 1, 0, '2017-08-30 17:29:52', 'VerifyPayment.php?Authority=000000000000000000000000000052028129&Status=OK'),
(482, '217.60.76.70', 1, 0, '2017-08-30 17:30:16', 'VerifyPayment.php?Authority=000000000000000000000000000052028100&Status=OK'),
(484, '5.122.226.228', 1, 0, '2017-08-30 18:55:24', ''),
(485, '5.122.226.228', 1, 0, '2017-08-30 18:57:21', 'index.php'),
(486, '5.122.226.228', 1, 10, '2017-08-30 19:14:01', 'Post.php?id=10'),
(487, '46.21.85.91', 1, 0, '2017-08-30 19:15:49', ''),
(488, '46.21.85.91', 1, 35, '2017-08-30 19:33:32', 'Post.php?id=35'),
(489, '46.225.196.216', 1, 0, '2017-08-30 20:16:52', ''),
(490, '217.182.132.240', 1, 0, '2017-08-30 21:23:46', 'Products.php'),
(491, '93.110.251.236', 1, 0, '2017-08-30 21:43:17', ''),
(492, '216.244.66.233', 1, 0, '2017-08-30 21:55:05', 'Products.php?tid=23'),
(493, '51.255.65.30', 1, 0, '2017-08-30 22:08:22', 'Products.php?spgroup=3'),
(494, '216.244.66.233', 1, 0, '2017-08-30 22:25:08', 'Products.php?spgroup=48'),
(495, '216.244.66.233', 1, 0, '2017-08-30 23:01:30', 'Products.php?sbgroup=1'),
(497, '51.255.65.39', 1, 2, '2017-08-31 01:29:56', 'Post.php?id=2'),
(498, '216.244.66.233', 1, 0, '2017-08-31 02:28:12', 'Products.php?spgroup=20'),
(499, '93.110.204.223', 1, 0, '2017-08-31 02:45:17', ''),
(500, '5.9.61.111', 1, 0, '2017-08-31 02:52:58', 'Products.php?brand=%D9%81%DB%8C%D8%A8%D8%A7%D8%B1%D9%88'),
(501, '216.244.66.233', 1, 147, '2017-08-31 03:03:25', 'Post.php?id=147'),
(502, '216.244.66.233', 1, 0, '2017-08-31 03:24:47', 'Products.php?spgroup=32'),
(503, '216.244.66.233', 1, 0, '2017-08-31 03:24:51', 'Products.php?spgroup=65'),
(504, '216.244.66.233', 1, 0, '2017-08-31 03:24:55', 'Products.php?tid=27'),
(505, '216.244.66.233', 1, 30, '2017-08-31 04:55:07', 'Post.php?id=30'),
(506, '216.244.66.233', 1, 0, '2017-08-31 05:21:28', 'Products.php?spgroup=45'),
(507, '217.182.132.94', 1, 0, '2017-08-31 05:48:51', 'Purchase.php'),
(508, '216.244.66.233', 1, 0, '2017-08-31 05:49:43', 'Products.php?spgroup=57'),
(509, '216.244.66.233', 1, 145, '2017-08-31 05:54:22', 'Post.php?id=145'),
(510, '216.244.66.233', 1, 0, '2017-08-31 06:26:21', 'Products.php?spgroup=36'),
(511, '66.249.70.28', 1, 0, '2017-08-31 07:26:54', 'index.php?page=shop.product_details&product_id=109&flypage=flypage.tpl&pop=1&option=com_virtuemart&Itemid=80&vmcchk=1&Itemid=80'),
(512, '216.244.66.233', 1, 0, '2017-08-31 07:28:14', 'Products.php?tid=16'),
(513, '216.244.66.233', 1, 0, '2017-08-31 08:01:52', 'Products.php?spgroup=26'),
(514, '216.244.66.233', 1, 0, '2017-08-31 08:01:55', 'Products.php?spgroup=59'),
(515, '40.77.167.55', 1, 0, '2017-08-31 08:17:08', ''),
(516, '216.244.66.233', 1, 0, '2017-08-31 08:31:42', 'Products.php?spgroup=17'),
(517, '216.244.66.233', 1, 0, '2017-08-31 08:31:46', 'Products.php?spgroup=43'),
(518, '216.244.66.233', 1, 0, '2017-08-31 09:01:53', 'Products.php?spgroup=14'),
(519, '216.244.66.233', 1, 0, '2017-08-31 09:01:56', 'Products.php?spgroup=58'),
(520, '5.122.226.228', 1, 0, '2017-08-31 09:04:59', 'index.php'),
(521, '217.60.76.70', 1, 0, '2017-08-31 10:32:24', ''),
(522, '217.60.76.70', 1, 33, '2017-08-31 10:33:20', 'Post.php?id=33'),
(523, '217.60.76.70', 1, 0, '2017-08-31 10:33:36', 'Products.php?search_box='),
(524, '217.60.76.70', 1, 0, '2017-08-31 10:33:56', 'index.php'),
(525, '5.122.226.228', 1, 0, '2017-08-31 10:39:15', ''),
(526, '5.122.226.228', 1, 0, '2017-08-31 10:47:25', 'UserProfile.php'),
(528, '5.122.226.228', 1, 0, '2017-08-31 10:47:43', 'Purchase.php'),
(529, '5.122.226.228', 1, 0, '2017-08-31 10:50:31', 'VerifyPayment.php?Authority=000000000000000000000000000052082623&Status=OK'),
(530, '51.255.65.19', 1, 0, '2017-08-31 10:57:54', 'News.php?news=7'),
(531, '5.122.226.228', 1, 0, '2017-08-31 11:29:16', ''),
(533, '5.122.226.228', 1, 33, '2017-08-31 11:41:22', 'Post.php?id=33'),
(534, '217.60.76.70', 1, 35, '2017-08-31 13:35:40', 'Post.php?id=35'),
(535, '217.60.76.70', 1, 0, '2017-08-31 13:35:57', 'Purchase.php'),
(536, '217.60.76.70', 1, 0, '2017-08-31 13:36:46', 'VerifyPayment.php?payment=2&code=981272028'),
(537, '216.244.66.233', 1, 0, '2017-08-31 13:56:38', 'Products.php?spgroup=56'),
(538, '217.60.76.70', 1, 0, '2017-08-31 14:03:29', 'UserProfile.php'),
(539, '46.225.196.216', 1, 0, '2017-08-31 14:19:17', ''),
(540, '51.255.65.2', 1, 0, '2017-08-31 14:25:46', 'News.php?news=10'),
(541, '5.122.226.228', 1, 0, '2017-08-31 15:18:02', 'index.php'),
(542, '217.182.132.74', 1, 0, '2017-08-31 15:40:00', 'News.php?news=5'),
(543, '216.244.66.233', 1, 0, '2017-08-31 16:40:43', 'Products.php?spgroup=46'),
(544, '216.244.66.233', 1, 170, '2017-08-31 18:12:02', 'Post.php?id=170'),
(545, '164.132.161.80', 1, 0, '2017-08-31 18:15:50', 'textpost.php?fid=17'),
(546, '5.122.226.228', 1, 57, '2017-08-31 18:55:06', 'Post.php?id=57'),
(547, '51.255.65.75', 1, 9, '2017-08-31 18:59:14', 'Post.php?id=9'),
(548, '5.122.226.228', 1, 0, '2017-08-31 19:04:55', ''),
(549, '217.182.132.82', 1, 0, '2017-08-31 19:22:36', 'News.php?news=11'),
(550, '216.244.66.233', 1, 0, '2017-08-31 19:35:10', 'Products.php?sbgroup=6'),
(551, '216.244.66.233', 1, 0, '2017-08-31 20:32:05', 'Products.php?spgroup=11'),
(552, '5.122.226.228', 1, 0, '2017-08-31 20:32:20', 'Products.php?sbgroup=7'),
(553, '5.122.226.228', 1, 66, '2017-08-31 20:48:23', 'Post.php?id=66'),
(554, '216.244.66.233', 1, 0, '2017-08-31 21:28:25', 'Products.php?sbgroup=14'),
(556, '216.244.66.233', 1, 0, '2017-08-31 21:56:31', 'Products.php?sbgroup=12'),
(557, '216.244.66.233', 1, 0, '2017-08-31 22:55:52', 'Products.php?spgroup=27'),
(558, '216.244.66.233', 1, 32, '2017-08-31 23:54:27', 'Post.php?id=32'),
(559, '216.244.66.233', 1, 0, '2017-09-01 00:28:54', 'Products.php?spgroup=50'),
(560, '54.226.251.157', 1, 0, '2017-09-01 00:32:16', ''),
(561, '54.167.125.27', 1, 0, '2017-09-01 00:33:39', 'Products.php?sbgroup=7'),
(562, '54.234.222.248', 1, 0, '2017-09-01 00:34:13', 'Products.php?sbgroup=7'),
(563, '54.234.222.248', 1, 0, '2017-09-01 00:34:53', 'Products.php?MostPopular'),
(564, '54.160.215.44', 1, 0, '2017-09-01 00:37:03', 'Products.php?BestSellers'),
(565, '54.160.215.44', 1, 0, '2017-09-01 00:37:03', 'News.php'),
(566, '23.22.231.176', 1, 0, '2017-09-01 00:41:03', 'Products.php?sbgroup=11'),
(567, '54.235.33.9', 1, 0, '2017-09-01 00:41:18', 'Products.php?BestSellers'),
(568, '54.235.33.9', 1, 0, '2017-09-01 00:42:06', 'News.php'),
(569, '50.19.171.195', 1, 0, '2017-09-01 00:45:08', ''),
(570, '54.167.125.27', 1, 0, '2017-09-01 00:45:43', 'Products.php?MostPopular'),
(571, '107.21.183.48', 1, 0, '2017-09-01 00:52:29', 'Products.php?sbgroup=6'),
(572, '216.244.66.233', 1, 0, '2017-09-01 01:29:10', 'Products.php?spgroup=61'),
(573, '216.244.66.233', 1, 0, '2017-09-01 03:00:40', 'Products.php?spgroup=53'),
(574, '216.244.66.233', 1, 0, '2017-09-01 05:09:20', 'Products.php?tid=24'),
(576, '216.244.66.233', 1, 10, '2017-09-01 06:07:16', 'Post.php?id=10'),
(577, '216.244.66.233', 1, 169, '2017-09-01 06:15:54', 'Post.php?id=169'),
(578, '66.249.75.31', 1, 0, '2017-09-01 06:20:29', 'Products.php?tid=20'),
(579, '216.244.66.233', 1, 14, '2017-09-01 06:42:50', 'Post.php?id=14'),
(580, '66.249.69.90', 1, 33, '2017-09-01 06:49:13', 'Post.php?id=33'),
(581, '164.132.161.40', 1, 0, '2017-09-01 07:52:00', 'Products.php?MostPopular'),
(582, '66.249.69.94', 1, 0, '2017-09-01 08:12:32', 'Products.php?sbid=28'),
(583, '5.122.226.228', 1, 0, '2017-09-01 08:44:22', 'index.php'),
(584, '66.249.69.94', 1, 0, '2017-09-01 08:47:30', 'UserProfile.php'),
(585, '66.249.69.92', 1, 0, '2017-09-01 08:58:01', 'Products.php?sbid=51'),
(586, '216.244.66.233', 1, 166, '2017-09-01 09:01:44', 'Post.php?id=166'),
(587, '40.77.167.55', 1, 0, '2017-09-01 09:17:28', ''),
(588, '66.249.75.29', 1, 0, '2017-09-01 10:03:17', 'Purchase.php'),
(589, '216.244.66.233', 1, 0, '2017-09-01 10:28:49', 'Products.php?spgroup=39'),
(590, '216.244.66.233', 1, 0, '2017-09-01 11:00:08', 'Products.php?spgroup=31'),
(591, '164.132.161.15', 1, 0, '2017-09-01 11:53:55', 'Products.php?spgroup=31'),
(592, '216.244.66.233', 1, 9, '2017-09-01 12:26:13', 'Post.php?id=9'),
(593, '216.244.66.233', 1, 0, '2017-09-01 12:26:20', 'Products.php?sbgroup=2'),
(594, '216.244.66.233', 1, 0, '2017-09-01 12:27:56', 'Products.php?sbgroup=8'),
(595, '216.244.66.233', 1, 0, '2017-09-01 12:27:58', 'Products.php?spgroup=41'),
(596, '66.249.69.157', 1, 0, '2017-09-01 12:34:51', 'Products.php'),
(597, '216.244.66.233', 1, 0, '2017-09-01 13:22:21', 'Products.php?sbgroup=5'),
(598, '216.244.66.233', 1, 0, '2017-09-01 13:27:41', 'Products.php?spgroup=64'),
(599, '164.132.161.2', 1, 0, '2017-09-01 14:08:04', 'index.php'),
(600, '66.249.69.94', 1, 0, '2017-09-01 14:40:59', 'Products.php?sbid=26'),
(601, '5.122.226.228', 1, 0, '2017-09-01 14:51:51', 'Products.php?sbgroup=6'),
(602, '5.122.226.228', 1, 57, '2017-09-01 14:52:03', 'Post.php?id=57'),
(603, '5.122.226.228', 1, 0, '2017-09-01 14:54:07', 'Products.php?sbgroup=7'),
(604, '5.122.226.228', 1, 0, '2017-09-01 14:54:23', 'Products.php?spgroup=23'),
(605, '5.122.226.228', 1, 62, '2017-09-01 14:56:32', 'Post.php?id=62'),
(606, '216.244.66.233', 1, 0, '2017-09-01 14:58:02', 'Products.php?tid=21'),
(607, '51.255.65.26', 1, 0, '2017-09-01 15:02:33', 'Products.php?spgroup=33'),
(608, '216.244.66.233', 1, 0, '2017-09-01 15:51:34', 'Products.php?spgroup=15'),
(609, '217.182.132.50', 1, 0, '2017-09-01 16:08:08', 'Products.php?spgroup='),
(610, '66.249.75.31', 1, 0, '2017-09-01 17:32:33', ''),
(611, '164.132.161.22', 1, 0, '2017-09-01 17:34:07', 'Products.php?spgroup=12'),
(612, '216.244.66.233', 1, 0, '2017-09-01 18:49:56', 'Products.php?sbgroup=13'),
(613, '127.0.0.1', 1, 0, '2017-09-01 18:52:51', ''),
(614, '127.0.0.1', 1, 0, '2017-09-01 18:53:33', 'Products.php?sbgroup=1'),
(615, '127.0.0.1', 1, 0, '2017-09-01 18:53:34', 'Products.php?sbgroup=2'),
(616, '164.132.162.187', 1, 0, '2017-09-01 19:23:39', 'Products.php?spgroup=14'),
(617, '216.244.66.233', 1, 63, '2017-09-01 19:33:47', 'Post.php?id=63'),
(618, '89.199.160.23', 1, 0, '2017-09-01 20:43:01', ''),
(619, '89.199.160.23', 1, 50, '2017-09-01 20:44:08', 'Post.php?id=50'),
(620, '66.249.73.152', 1, 0, '2017-09-01 21:48:04', 'textpost.php?fid=2'),
(621, '216.244.66.233', 1, 0, '2017-09-01 21:51:25', 'Products.php?tid=18'),
(622, '216.244.66.233', 1, 159, '2017-09-01 21:58:23', 'Post.php?id=159'),
(623, '164.132.161.87', 1, 0, '2017-09-01 22:24:34', 'Products.php?spgroup=15'),
(624, '216.244.66.233', 1, 0, '2017-09-01 22:30:08', 'Products.php?spgroup=10'),
(625, '216.244.66.233', 1, 0, '2017-09-01 23:32:51', 'Products.php?spgroup=33'),
(626, '40.77.167.55', 1, 0, '2017-09-02 00:03:27', ''),
(627, '216.244.66.233', 1, 0, '2017-09-02 00:03:43', 'Products.php?spgroup=12'),
(628, '66.249.73.158', 1, 0, '2017-09-02 00:11:31', ''),
(629, '66.249.73.154', 1, 0, '2017-09-02 00:39:50', 'Compare.php'),
(630, '66.249.73.156', 1, 0, '2017-09-02 01:16:22', 'News.php?news=9'),
(631, '216.244.66.233', 1, 0, '2017-09-02 01:58:02', 'Products.php?spgroup=16'),
(632, '185.109.80.90', 1, 0, '2017-09-02 02:49:13', 'Products.php?spgroup=13'),
(633, '216.244.66.233', 1, 0, '2017-09-02 03:03:16', 'Products.php?spgroup=29'),
(634, '216.244.66.233', 1, 0, '2017-09-02 04:38:35', 'Products.php?spgroup=54'),
(635, '66.249.65.121', 1, 44, '2017-09-02 05:29:35', 'Post.php?id=44'),
(636, '66.249.65.121', 1, 50, '2017-09-02 05:56:04', 'Post.php?id=50'),
(637, '66.249.65.119', 1, 65, '2017-09-02 06:07:25', 'Post.php?id=65'),
(638, '66.249.73.154', 1, 0, '2017-09-02 06:23:23', 'Products.php?sbid=51'),
(639, '66.249.65.117', 1, 46, '2017-09-02 06:26:24', 'Post.php?id=46'),
(640, '66.249.65.117', 1, 54, '2017-09-02 06:33:54', 'Post.php?id=54'),
(641, '66.249.65.121', 1, 43, '2017-09-02 06:52:49', 'Post.php?id=43'),
(642, '66.249.65.119', 1, 35, '2017-09-02 07:07:57', 'Post.php?id=35'),
(643, '66.249.73.158', 1, 0, '2017-09-02 07:17:17', 'textpost.php?fid=2'),
(644, '66.249.65.119', 1, 45, '2017-09-02 07:23:05', 'Post.php?id=45'),
(645, '216.244.66.233', 1, 0, '2017-09-02 07:40:52', 'Products.php?spgroup=30'),
(646, '216.244.66.233', 1, 0, '2017-09-02 08:09:56', 'Products.php?spgroup=60'),
(647, '217.60.76.70', 1, 0, '2017-09-02 09:33:41', ''),
(648, '66.249.65.117', 1, 0, '2017-09-02 10:05:50', 'Products.php?spgroup=13'),
(649, '193.34.145.230', 1, 0, '2017-09-02 11:27:07', 'News.php'),
(650, '193.34.145.230', 1, 0, '2017-09-02 11:27:11', 'News.php?news=10'),
(651, '193.34.145.230', 1, 0, '2017-09-02 11:27:15', 'News.php?news=11'),
(652, '193.34.145.230', 1, 0, '2017-09-02 11:27:19', 'News.php?news=12'),
(653, '193.34.145.230', 1, 0, '2017-09-02 11:27:24', 'News.php?news=13'),
(654, '193.34.145.230', 1, 0, '2017-09-02 11:27:27', 'News.php?news=14'),
(655, '193.34.145.230', 1, 0, '2017-09-02 11:27:31', 'News.php?news=2'),
(656, '193.34.145.230', 1, 0, '2017-09-02 11:27:39', 'News.php?news=3'),
(657, '193.34.145.230', 1, 0, '2017-09-02 11:27:41', 'News.php?news=4'),
(658, '193.34.145.230', 1, 0, '2017-09-02 11:27:44', 'News.php?news=5'),
(659, '193.34.145.230', 1, 0, '2017-09-02 11:27:46', 'News.php?news=6'),
(660, '193.34.145.230', 1, 0, '2017-09-02 11:27:50', 'News.php?news=7'),
(661, '193.34.145.230', 1, 0, '2017-09-02 11:27:54', 'News.php?news=8'),
(662, '193.34.145.230', 1, 0, '2017-09-02 11:27:58', 'News.php?news=9'),
(663, '193.34.145.230', 1, 10, '2017-09-02 11:28:02', 'Post.php?id=10'),
(664, '193.34.145.230', 1, 11, '2017-09-02 11:28:07', 'Post.php?id=11'),
(665, '193.34.145.230', 1, 12, '2017-09-02 11:28:10', 'Post.php?id=12'),
(666, '193.34.145.230', 1, 13, '2017-09-02 11:28:15', 'Post.php?id=13'),
(667, '193.34.145.230', 1, 14, '2017-09-02 11:28:18', 'Post.php?id=14'),
(668, '193.34.145.230', 1, 16, '2017-09-02 11:28:25', 'Post.php?id=16'),
(669, '193.34.145.230', 1, 18, '2017-09-02 11:28:29', 'Post.php?id=18'),
(670, '193.34.145.230', 1, 4, '2017-09-02 11:28:35', 'Post.php?id=4'),
(671, '193.34.145.230', 1, 5, '2017-09-02 11:28:39', 'Post.php?id=5'),
(672, '193.34.145.230', 1, 7, '2017-09-02 11:28:43', 'Post.php?id=7'),
(674, '193.34.145.230', 1, 9, '2017-09-02 11:28:49', 'Post.php?id=9'),
(675, '193.34.145.230', 1, 0, '2017-09-02 11:28:59', 'Products.php?sbgroup=11'),
(676, '193.34.145.230', 1, 0, '2017-09-02 11:29:13', 'Products.php?sbgroup=6'),
(677, '193.34.145.230', 1, 0, '2017-09-02 11:29:21', 'Products.php?sbgroup=7'),
(678, '193.34.145.230', 1, 0, '2017-09-02 11:29:26', 'Products.php?spgroup=29'),
(679, '193.34.145.230', 1, 0, '2017-09-02 11:29:29', 'Products.php?spgroup=33'),
(680, '193.34.145.230', 1, 0, '2017-09-02 11:29:33', 'Products.php?spgroup=70'),
(681, '193.34.145.230', 1, 0, '2017-09-02 11:29:41', 'Products.php?tid=21'),
(682, '193.34.145.230', 1, 0, '2017-09-02 11:29:47', 'Products.php?tid=22'),
(683, '193.34.145.230', 1, 0, '2017-09-02 11:29:52', 'Products.php?tid=26'),
(684, '193.34.145.230', 1, 0, '2017-09-02 11:29:59', 'textpost.php?fid=2'),
(686, '217.60.76.70', 1, 0, '2017-09-02 12:50:56', ''),
(687, '217.60.76.70', 1, 0, '2017-09-02 13:20:27', 'index.php'),
(688, '66.249.73.154', 1, 0, '2017-09-02 13:28:28', 'index.php?page=shop.product_details&category_id=23&flypage=flypage.tpl&product_id=106&option=com_virtuemart&Itemid=80'),
(689, '217.60.76.70', 1, 0, '2017-09-02 13:38:51', ''),
(690, '66.249.73.158', 1, 0, '2017-09-02 13:58:37', 'index.php?page=shop.product_details&product_id=109&flypage=flypage.tpl&pop=1&option=com_virtuemart&Itemid=80&vmcchk=1&Itemid=80'),
(691, '217.182.132.29', 1, 0, '2017-09-02 14:22:06', 'Products.php?spgroup=25'),
(693, '66.249.73.158', 1, 0, '2017-09-02 15:34:55', 'News.php?search_box=%D8%A7%DB%8C%D8%AF%D9%87%20%D8%AA%D8%A7%D9%86%20%D8%B1%D8%A7%20%D9%85%D8%AD%DA%A9%20%D8%A8%D8%B2%D9%86%DB%8C%D8%AF%20%D8%A7%D8%B3%D9%85%20%D8%A7%D9%86%D8%AA%D8%AE%D8%A7%D8%A8%20%DA%A9%D9%86%DB%8C%D8%AF%20%20%D8%A8%D8%B1%D9%86%D8%A7%D9%85%D9%87%20%D8%B1%DB%8C%D8%B2%DB%8C%20%DA%A9%D9%86%DB%8C%D8%AF%20%D8%B3%D8%B1%D9%85%D8%A7%DB%8C%D9%87%20%DA%AF%D8%B0%D8%A7%D8%B1%20%D9%BE%DB%8C%D8%AF%D8%A7%20%DA%A9%D9%86%DB%8C%D8%AF%20%DA%A9%D8%A7%D8%B1%D9%87%D8%A7%DB%8C%20%D8%A7%D8%AF%D8%A7%D8'),
(695, '217.182.132.67', 1, 0, '2017-09-02 16:39:35', 'Products.php?brand=1'),
(696, '216.244.66.233', 1, 146, '2017-09-02 16:43:34', 'Post.php?id=146'),
(697, '66.249.73.154', 1, 0, '2017-09-02 17:22:24', ''),
(698, '127.0.0.1', 1, 0, '2017-09-02 17:27:24', ''),
(699, '216.244.66.233', 1, 0, '2017-09-02 17:43:38', 'Products.php?sbgroup=11'),
(700, '66.249.73.158', 1, 0, '2017-09-02 18:30:04', 'News.php?news=12'),
(701, '216.244.66.233', 1, 64, '2017-09-02 18:42:41', 'Post.php?id=64'),
(702, '93.110.207.107', 1, 0, '2017-09-02 20:03:24', ''),
(703, '93.110.207.107', 1, 0, '2017-09-02 20:03:58', 'index.php'),
(714, '216.244.66.233', 1, 171, '2017-09-02 20:59:52', 'Post.php?id=171'),
(715, '5.122.226.228', 1, 0, '2017-09-02 21:40:08', 'index.php'),
(716, '217.182.132.72', 1, 0, '2017-09-02 21:40:25', 'News.php?search_box=%C2%ABHP%20Z%20VR%C2%BB%20%DA%A9%D8%A7%D9%85%D9%BE%DB%8C%D9%88%D8%AA%D8%B1%20%D9%88%D8%A7%D9%82%D8%B9%DB%8C%D8%AA%20%D9%85%D8%AC%D8%A7%D8%B2%DB%8C%20%D8%AC%D8%AF%DB%8C%D8%AF%20%DA%A9%D9%85%D9%BE%D8%A7%D9%86%DB%8C%20%D8%A2%D9%85%D8%B1%DB%8C%DA%A9%D8%A7%DB%8C%DB%8C%20%D8%A7%D8%B3%D8%AA%20%DA%A9%D9%87%20%D8%A8%D8%B1%D8%A7%DB%8C%20%D9%86%D9%85%D8%A7%DB%8C%D8%B4%DA%AF%D8%A7%D9%87%20%D9%87%D8%A7%DB%8C%20%D8%AE%D9%88%D8%AF%D8%B1%D9%88%D8%8C%20%D8%A8%D9%86%DA%AF%D8%A7%D9%87%20%D9%87%'),
(720, '51.255.65.79', 1, 0, '2017-09-02 22:14:13', 'Products.php?spgroup=8'),
(723, '93.110.207.107', 1, 0, '2017-09-03 00:02:42', ''),
(724, '217.182.132.50', 1, 0, '2017-09-03 00:33:06', 'News.php?news=4'),
(725, '217.60.76.70', 1, 0, '2017-09-03 00:37:01', 'index.php');
INSERT INTO `stats` (`StatId`, `UserIP`, `Visit`, `Product`, `Date`, `Page`) VALUES
(726, '40.77.167.55', 1, 0, '2017-09-03 00:53:39', ''),
(727, '217.60.76.70', 1, 0, '2017-09-03 00:56:55', ''),
(728, '51.255.65.29', 1, 0, '2017-09-03 01:30:44', 'News.php?news=2'),
(729, '192.151.152.98', 1, 0, '2017-09-03 01:47:20', 'News.php?search_box='),
(730, '192.151.152.98', 1, 0, '2017-09-03 01:47:22', 'News.php?search_box=%20%20%D9%84%DB%8C%D8%B3%D8%AA'),
(731, '192.151.152.98', 1, 0, '2017-09-03 01:47:24', 'News.php?search_box=%20%D8%A7%D8%B9%D9%84%D8%A7%D9%85%20%DA%A9%D8%B1%D8%AF%D9%87%20%D8%A7%D8%B3%D8%AA%20%DA%A9%D9%87%20%D8%B3%D8%B1%D8%A7%D9%86%D8%AC%D8%A7%D9%85'),
(732, '192.151.152.98', 1, 0, '2017-09-03 01:47:25', 'News.php?search_box=%20%D8%A8%D9%87%20%D9%BE%D8%A7%DB%8C%D8%A7%D9%86%20%D8%B1%D8%A7%D9%87%20%D8%AE%D9%88%D8%AF%20%D8%B1%D8%B3%DB%8C%D8%AF%D9%87%20%D8%A7%D8%B3%D8%AA%20%D9%88%20%D8%A7%DB%8C%D9%86%20%DA%A9%D9%85%D9%BE%D8%A7%D9%86%DB%8C%20%D9%BE%D8%B3%20%D8%A7%D8%B2%20%D8%B3%D8%A7%D9%84%202020%20%D9%85%DB%8C%D9%84%D8%A7%D8%AF%DB%8C%20%D8%AF%DB%8C%DA%AF%D8%B1%20%D8%A8%D9%87%20%D9%BE%D8%B4%D8%AA%DB%8C%D8%A8%D8%A7%D9%86%DB%8C%20%D8%A7%D8%B2%20%D8%A7%DB%8C%D9%86%20%D8%B3%DB%8C%D8%B3%D8%AA%D9%85%20%D8%A'),
(733, '192.151.152.98', 1, 0, '2017-09-03 01:47:27', 'News.php?search_box=%20%D9%81%D9%84%D8%B4'),
(734, '192.151.152.98', 1, 0, '2017-09-03 01:47:29', 'News.php?search_box=%20%D9%BE%D9%84%DB%8C%D8%B1'),
(735, '192.151.152.98', 1, 0, '2017-09-03 01:47:30', 'News.php?search_box=-%D8%A7%D8%B3%D8%A8%D8%A7%D8%A8%20%D8%A8%D8%A7%D8%B2%DB%8C'),
(736, '192.151.152.98', 1, 0, '2017-09-03 01:47:32', 'News.php?search_box=-%D8%A8%D9%87%D8%AF%D8%A7%D8%B4%D8%AA%DB%8C'),
(737, '192.151.152.98', 1, 0, '2017-09-03 01:47:34', 'News.php?search_box=-%D8%AD%D9%85%D8%A7%D9%85'),
(738, '192.151.152.98', 1, 0, '2017-09-03 01:47:35', 'News.php?search_box=-%D8%AE%D9%88%D8%A7%D8%A8-'),
(739, '192.151.152.98', 1, 0, '2017-09-03 01:47:37', 'News.php?search_box=-%D8%B3%D8%B1%D9%88%DB%8C%D8%B3'),
(740, '192.151.152.98', 1, 0, '2017-09-03 01:47:39', 'News.php?search_box=-%D9%BE%D9%88%D8%B4%D8%A7%DA%A9'),
(741, '192.151.152.98', 1, 0, '2017-09-03 01:47:40', 'News.php?search_box=%D8%A7%D8%AF%D9%88%D8%A8%DB%8C'),
(742, '192.151.152.98', 1, 0, '2017-09-03 01:47:42', 'News.php?search_box=%D8%A7%DB%8C%D9%85%D9%86%DB%8C'),
(743, '192.151.152.98', 1, 0, '2017-09-03 01:47:44', 'News.php?search_box=%D8%AA%D8%B3%D8%AA'),
(744, '192.151.152.98', 1, 0, '2017-09-03 01:47:45', 'News.php?search_box=%D8%AA%D8%BA%D8%B0%DB%8C%D9%87'),
(745, '192.151.152.98', 1, 0, '2017-09-03 01:47:47', 'News.php?search_box=%D8%AD%D9%85%D9%84'),
(746, '192.151.152.98', 1, 0, '2017-09-03 01:47:50', 'News.php?search_box=%D8%B3%DB%8C%D8%B3%D9%85%D9%88%D9%86%DB%8C'),
(747, '192.151.152.98', 1, 0, '2017-09-03 01:47:52', 'News.php?search_box=%D8%B4%D8%B1%DA%A9%D8%AA'),
(748, '192.151.152.98', 1, 0, '2017-09-03 01:47:53', 'News.php?search_box=%D9%84%D9%88%D8%A7%D8%B2%D9%85'),
(749, '192.151.152.98', 1, 0, '2017-09-03 01:47:55', 'News.php?search_box=%D9%88%D8%A8%20%D8%B3%D8%A7%DB%8C%D8%AA'),
(750, '192.151.152.98', 1, 0, '2017-09-03 01:48:02', 'News.php?search_box=%DA%A9%D9%88%D8%AF%DA%A9'),
(751, '5.161.81.229', 1, 0, '2017-09-03 02:29:59', 'News.php?news=14'),
(752, '78.47.51.38', 1, 0, '2017-09-03 02:30:04', ''),
(753, '164.132.161.37', 1, 0, '2017-09-03 02:52:42', 'Products.php?tid=20'),
(754, '216.244.66.233', 1, 156, '2017-09-03 03:04:31', 'Post.php?id=156'),
(755, '216.244.66.233', 1, 112, '2017-09-03 04:04:02', 'Post.php?id=112'),
(756, '89.98.140.88', 1, 0, '2017-09-03 05:04:46', 'Products.php?brand=%D9%81%DB%8C%D8%A8%D8%A7%D8%B1%D9%88'),
(757, '66.249.64.149', 1, 0, '2017-09-03 05:05:02', 'News.php'),
(758, '51.255.65.59', 1, 0, '2017-09-03 07:09:09', 'News.php?news=14'),
(759, '216.244.66.233', 1, 111, '2017-09-03 08:01:43', 'Post.php?id=111'),
(760, '5.122.226.228', 1, 0, '2017-09-03 09:00:40', 'index.php'),
(761, '216.244.66.233', 1, 57, '2017-09-03 09:05:17', 'Post.php?id=57'),
(762, '5.122.226.228', 1, 62, '2017-09-03 10:43:14', 'Post.php?id=62'),
(763, '217.182.132.29', 1, 0, '2017-09-03 11:16:19', 'Products.php?sbgroup=7'),
(764, '66.249.64.156', 1, 0, '2017-09-03 11:38:32', 'Products.php?sbid=26'),
(765, '217.182.132.77', 1, 0, '2017-09-03 11:54:34', 'Products.php?tid=1'),
(766, '66.249.64.154', 1, 0, '2017-09-03 12:35:33', 'Products.php'),
(767, '66.249.64.154', 1, 12, '2017-09-03 12:56:14', 'Post.php?id=12'),
(768, '40.77.167.41', 1, 0, '2017-09-03 13:05:46', ''),
(769, '137.74.207.108', 1, 0, '2017-09-03 13:26:21', 'Products.php?spgroup=32'),
(770, '217.60.76.70', 1, 0, '2017-09-03 14:41:59', 'Compare.php'),
(771, '173.212.214.240', 1, 0, '2017-09-03 15:54:56', 'index.php?page=shop.ask&product_id=120&subject=%D8%A7%D8%B3%D8%AA%D8%B9%D9%84%D8%A7%D9%85%20%D8%A8%D9%87%D8%A7%D8%A1:%20Acer%20Aspire%20E5-571G-I5%204210U%204G50MNKS%20-%2015.6%26quot;%20i5%204GB%20500GB%20Nvidi&option=com_virtuemart&Itemid=80'),
(772, '216.244.66.233', 1, 152, '2017-09-03 16:01:02', 'Post.php?id=152'),
(773, '66.249.64.154', 1, 46, '2017-09-03 16:21:25', 'Post.php?id=46'),
(774, '5.122.226.228', 1, 0, '2017-09-03 17:24:53', 'Compare.php'),
(775, '164.132.161.35', 1, 0, '2017-09-03 18:24:37', ''),
(776, '66.249.64.158', 1, 31, '2017-09-03 18:34:52', 'Post.php?id=31'),
(777, '216.244.66.233', 1, 136, '2017-09-03 18:41:56', 'Post.php?id=136'),
(778, '216.244.66.233', 1, 140, '2017-09-03 18:42:00', 'Post.php?id=140'),
(779, '5.122.226.228', 1, 0, '2017-09-03 19:17:33', ''),
(780, '5.122.226.228', 1, 0, '2017-09-03 19:21:42', 'Products.php?spgroup=22'),
(781, '93.110.207.107', 1, 0, '2017-09-03 19:43:07', 'index.php'),
(782, '66.249.64.156', 1, 77, '2017-09-03 19:54:29', 'Compare.php?id=77'),
(783, '5.122.226.228', 1, 54, '2017-09-03 20:24:59', 'Post.php?id=54'),
(784, '66.249.64.154', 1, 0, '2017-09-03 21:32:03', 'Products.php?spgroup=21'),
(785, '66.249.64.156', 1, 0, '2017-09-03 21:44:24', 'Products.php?sbid=25'),
(786, '66.249.64.154', 1, 0, '2017-09-03 22:13:34', 'Products.php?spgroup=23'),
(787, '94.184.170.32', 1, 13, '2017-09-03 22:21:20', 'Post.php?id=13'),
(788, '66.249.64.154', 1, 0, '2017-09-03 22:46:01', 'News.php'),
(789, '188.163.72.38', 1, 0, '2017-09-03 23:29:26', 'index.php?sent=1'),
(790, '93.110.207.107', 1, 0, '2017-09-04 00:07:42', 'index.php'),
(791, '217.60.76.70', 1, 0, '2017-09-04 00:08:45', ''),
(792, '104.236.126.12', 1, 0, '2017-09-04 01:20:15', 'index.php'),
(793, '104.236.126.12', 1, 0, '2017-09-04 01:20:23', ''),
(794, '40.77.167.41', 1, 0, '2017-09-04 02:10:52', ''),
(795, '216.244.66.233', 1, 113, '2017-09-04 02:25:56', 'Post.php?id=113'),
(796, '137.74.203.194', 1, 0, '2017-09-04 05:01:13', 'Products.php?special_offers=1'),
(797, '51.255.65.27', 1, 0, '2017-09-04 06:06:56', 'Products.php?spgroup=10'),
(798, '66.249.66.147', 1, 0, '2017-09-04 06:20:43', 'index.php'),
(799, '216.244.66.233', 1, 157, '2017-09-04 06:48:52', 'Post.php?id=157'),
(800, '5.122.226.228', 1, 0, '2017-09-04 07:48:12', 'index.php'),
(801, '216.244.66.233', 1, 0, '2017-09-04 07:52:22', 'Products.php?sbid=8'),
(802, '66.249.66.149', 1, 0, '2017-09-04 08:20:25', 'Products.php?sbgroup=5'),
(803, '37.148.19.184', 1, 0, '2017-09-04 09:27:27', ''),
(804, '37.148.19.184', 1, 62, '2017-09-04 09:51:18', 'Post.php?id=62'),
(805, '51.255.65.79', 1, 16, '2017-09-04 10:16:53', 'Post.php?id=16'),
(806, '66.249.66.28', 1, 0, '2017-09-04 10:29:52', 'Products.php?protocol=3'),
(807, '164.132.161.27', 1, 0, '2017-09-04 11:10:27', 'News.php?news=6'),
(808, '217.60.76.70', 1, 0, '2017-09-04 11:58:18', 'index.php'),
(809, '216.244.66.233', 1, 150, '2017-09-04 14:38:11', 'Post.php?id=150'),
(810, '51.255.65.24', 1, 0, '2017-09-04 15:59:39', 'News.php?news=9'),
(811, '217.60.76.70', 1, 0, '2017-09-04 16:51:10', 'index.php'),
(812, '66.249.66.149', 1, 0, '2017-09-04 17:32:35', ''),
(813, '216.244.66.233', 1, 65, '2017-09-04 17:48:34', 'Post.php?id=65'),
(814, '151.245.109.178', 1, 0, '2017-09-04 18:16:18', ''),
(815, '216.244.66.233', 1, 75, '2017-09-04 18:18:47', 'Post.php?id=75'),
(817, '166.88.123.211', 1, 0, '2017-09-04 18:29:59', ''),
(818, '216.244.66.233', 1, 135, '2017-09-04 19:46:41', 'Post.php?id=135'),
(819, '151.245.111.16', 1, 0, '2017-09-04 20:10:19', ''),
(820, '66.249.66.27', 1, 0, '2017-09-04 20:16:24', 'index.php?page=shop.product_details&product_id=109&flypage=flypage.tpl&pop=1&option=com_virtuemart&Itemid=80&vmcchk=1&Itemid=80'),
(821, '216.244.66.233', 1, 60, '2017-09-04 20:17:37', 'Post.php?id=60'),
(822, '216.244.66.233', 1, 0, '2017-09-04 20:53:24', 'Products.php?spgroup=1'),
(823, '66.249.66.26', 1, 0, '2017-09-04 21:40:31', 'index.php?page=shop.product_details&category_id=23&flypage=flypage.tpl&product_id=106&option=com_virtuemart&Itemid=80'),
(824, '5.122.226.228', 1, 0, '2017-09-04 21:58:24', 'Products.php'),
(825, '216.244.66.233', 1, 130, '2017-09-04 21:59:56', 'Post.php?id=130'),
(826, '5.121.5.89', 1, 0, '2017-09-04 22:02:16', ''),
(827, '46.21.85.91', 1, 0, '2017-09-04 22:44:17', ''),
(828, '66.249.66.26', 1, 0, '2017-09-05 00:06:10', ''),
(829, '66.249.66.27', 1, 0, '2017-09-05 00:36:04', 'Products.php?protocol=2'),
(830, '66.249.66.151', 1, 0, '2017-09-05 02:33:15', 'Compare.php'),
(831, '31.2.184.24', 1, 0, '2017-09-05 02:45:46', '?utm_campaign=ZarinPalMerchant&utm_medium=banner&utm_source=ZarinPal'),
(832, '216.244.66.233', 1, 61, '2017-09-05 02:51:48', 'Post.php?id=61'),
(833, '5.121.93.142', 1, 0, '2017-09-05 02:53:47', ''),
(834, '66.249.66.28', 1, 18, '2017-09-05 03:33:13', 'Post.php?id=18'),
(835, '216.244.66.233', 1, 149, '2017-09-05 03:43:38', 'Post.php?id=149'),
(836, '66.249.66.27', 1, 14, '2017-09-05 04:29:02', 'Post.php?id=14'),
(837, '66.249.66.26', 1, 7, '2017-09-05 04:54:06', 'Post.php?id=7'),
(838, '137.74.207.109', 1, 44, '2017-09-05 05:17:18', 'Post.php?id=44'),
(839, '66.249.66.26', 1, 83, '2017-09-05 05:55:36', 'Post.php?id=83'),
(840, '66.249.66.27', 1, 64, '2017-09-05 07:31:04', 'Post.php?id=64'),
(841, '51.255.65.29', 1, 0, '2017-09-05 07:46:18', 'News.php?search_box=%D9%84%D9%88%D8%A7%D8%B2%D9%85%20'),
(842, '51.255.65.25', 1, 0, '2017-09-05 07:57:13', 'News.php?search_box=%20%20%D9%84%DB%8C%D8%B3%D8%AA%20'),
(843, '216.244.66.233', 1, 81, '2017-09-05 09:23:28', 'Post.php?id=81'),
(844, '66.249.66.27', 1, 5, '2017-09-05 09:29:59', 'Post.php?id=5'),
(845, '66.249.66.27', 1, 31, '2017-09-05 10:12:38', 'Post.php?id=31'),
(846, '216.244.66.233', 1, 0, '2017-09-05 10:30:51', 'Products.php?tid=13'),
(847, '51.255.65.16', 1, 50, '2017-09-05 11:26:13', 'Post.php?id=50'),
(848, '66.249.66.28', 1, 0, '2017-09-05 14:00:09', 'Products.php?spgroup=13'),
(849, '5.122.226.228', 1, 0, '2017-09-05 14:25:11', 'index.php'),
(850, '5.122.226.228', 1, 0, '2017-09-05 14:25:17', 'Compare.php'),
(851, '5.122.226.228', 1, 54, '2017-09-05 14:26:00', 'Post.php?id=54'),
(852, '5.122.226.228', 1, 64, '2017-09-05 14:26:25', 'Post.php?id=64'),
(853, '5.122.226.228', 1, 0, '2017-09-05 14:26:37', 'Purchase.php'),
(854, '51.255.65.31', 1, 0, '2017-09-05 14:27:51', 'News.php?news=6'),
(855, '66.249.66.28', 1, 0, '2017-09-05 15:02:39', 'Products.php?spgroup=57'),
(856, '217.182.132.171', 1, 0, '2017-09-05 15:33:29', 'News.php?search_box=-%D8%A8%D9%87%D8%AF%D8%A7%D8%B4%D8%AA%DB%8C'),
(857, '216.244.66.233', 1, 148, '2017-09-05 16:44:22', 'Post.php?id=148'),
(858, '216.244.66.233', 1, 66, '2017-09-05 16:44:25', 'Post.php?id=66'),
(859, '66.249.66.27', 1, 0, '2017-09-05 16:56:14', 'Products.php?tid=28'),
(860, '51.255.65.64', 1, 43, '2017-09-05 17:02:17', 'Post.php?id=43'),
(861, '164.132.164.180', 1, 45, '2017-09-05 17:08:33', 'Post.php?id=45'),
(862, '66.249.66.28', 1, 0, '2017-09-05 17:33:57', 'Products.php?tid=26'),
(863, '216.244.66.233', 1, 0, '2017-09-05 17:41:31', 'Products.php?sbgroup=4'),
(864, '51.255.65.46', 1, 106, '2017-09-05 17:45:40', 'Post.php?id=106'),
(865, '164.132.161.92', 1, 0, '2017-09-05 18:13:49', 'Products.php?special_offers=1'),
(866, '217.182.132.176', 1, 62, '2017-09-05 18:21:34', 'Post.php?id=62'),
(867, '66.249.66.27', 1, 0, '2017-09-05 18:27:38', 'Products.php?protocol=3'),
(868, '66.249.66.26', 1, 0, '2017-09-05 18:31:23', 'Products.php?spgroup=21'),
(869, '66.249.66.28', 1, 0, '2017-09-05 18:41:23', 'Products.php?sbid=25'),
(870, '66.249.66.149', 1, 0, '2017-09-05 18:55:08', 'Products.php?spgroup=13'),
(871, '164.132.161.63', 1, 111, '2017-09-05 18:57:39', 'Post.php?id=111'),
(872, '66.249.66.151', 1, 0, '2017-09-05 19:33:55', 'Products.php?tid=18'),
(873, '51.255.65.33', 1, 54, '2017-09-05 20:28:26', 'Post.php?id=54'),
(874, '66.249.66.27', 1, 44, '2017-09-05 20:36:22', 'Post.php?id=44'),
(875, '66.249.66.28', 1, 50, '2017-09-05 20:38:52', 'Post.php?id=50'),
(876, '51.255.65.65', 1, 0, '2017-09-05 20:39:47', 'Products.php?BestSellers'),
(877, '151.245.87.3', 1, 0, '2017-09-05 21:26:26', ''),
(878, '137.74.207.110', 1, 0, '2017-09-05 22:21:49', 'News.php?search_box=%DA%A9%D9%88%D8%AF%DA%A9'),
(879, '66.249.66.27', 1, 15, '2017-09-05 22:23:53', 'Post.php?id=15'),
(880, '216.244.66.233', 1, 0, '2017-09-05 22:44:24', 'Products.php?spgroup=2'),
(881, '216.244.66.233', 1, 88, '2017-09-05 23:48:29', 'Post.php?id=88'),
(882, '217.182.132.240', 1, 33, '2017-09-06 00:04:42', 'Post.php?id=33'),
(883, '51.255.65.94', 1, 35, '2017-09-06 00:45:13', 'Post.php?id=35'),
(884, '216.244.66.233', 1, 114, '2017-09-06 01:09:55', 'Post.php?id=114'),
(885, '217.182.132.186', 1, 46, '2017-09-06 01:32:13', 'Post.php?id=46'),
(886, '51.255.71.128', 1, 0, '2017-09-06 02:30:27', 'News.php?search_box=-%D8%B3%D8%B1%D9%88%DB%8C%D8%B3%20'),
(887, '217.182.132.92', 1, 0, '2017-09-06 03:07:08', 'News.php?news=9'),
(888, '51.255.65.14', 1, 0, '2017-09-06 03:30:45', 'News.php?search_box=%20%D9%81%D9%84%D8%B4'),
(889, '66.249.66.26', 1, 0, '2017-09-06 04:01:34', 'News.php?news=14'),
(890, '216.244.66.233', 1, 83, '2017-09-06 04:50:09', 'Post.php?id=83'),
(891, '164.132.161.34', 1, 0, '2017-09-06 05:34:17', 'News.php?search_box=-%D9%BE%D9%88%D8%B4%D8%A7%DA%A9'),
(892, '216.244.66.233', 1, 164, '2017-09-06 05:49:10', 'Post.php?id=164'),
(893, '51.255.65.12', 1, 0, '2017-09-06 06:19:56', 'News.php?search_box=-%D8%AD%D9%85%D8%A7%D9%85'),
(894, '217.182.132.62', 1, 0, '2017-09-06 06:28:36', 'News.php?search_box=%20%D8%A8%D9%87%20%D9%BE%D8%A7%DB%8C%D8%A7%D9%86%20%D8%B1%D8%A7%D9%87%20%D8%AE%D9%88%D8%AF%20%D8%B1%D8%B3%DB%8C%D8%AF%D9%87%20%D8%A7%D8%B3%D8%AA%20%D9%88%20%D8%A7%DB%8C%D9%86%20%DA%A9%D9%85%D9%BE%D8%A7%D9%86%DB%8C%20%D9%BE%D8%B3%20%D8%A7%D8%B2%20%D8%B3%D8%A7%D9%84%202020%20%D9%85%DB%8C%D9%84%D8%A7%D8%AF%DB%8C%20%D8%AF%DB%8C%DA%AF%D8%B1%20%D8%A8%D9%87%20%D9%BE%D8%B4%D8%AA%DB%8C%D8%A8%D8%A7%D9%86%DB%8C%20%D8%A7%D8%B2%20%D8%A7%DB%8C%D9%86%20%D8%B3%DB%8C%D8%B3%D8%AA%D9%85%20%D8%A'),
(895, '216.244.66.233', 1, 165, '2017-09-06 08:17:31', 'Post.php?id=165'),
(896, '164.132.162.153', 1, 0, '2017-09-06 08:24:52', 'News.php?search_box=%D8%A7%DB%8C%D9%85%D9%86%DB%8C%20'),
(897, '66.249.66.27', 1, 18, '2017-09-06 08:31:53', 'Post.php?id=18'),
(898, '66.249.66.27', 1, 0, '2017-09-06 08:35:02', 'Products.php?spgroup=38'),
(899, '66.249.66.26', 1, 0, '2017-09-06 09:01:46', 'Products.php?spid=17'),
(900, '216.244.66.233', 1, 168, '2017-09-06 09:53:45', 'Post.php?id=168'),
(901, '164.132.161.97', 1, 0, '2017-09-06 10:09:33', 'News.php?news=3'),
(902, '51.255.65.78', 1, 0, '2017-09-06 10:15:27', 'Products.php?spgroup=23'),
(903, '66.249.66.26', 1, 43, '2017-09-06 10:31:21', 'Post.php?id=43'),
(904, '137.74.207.102', 1, 0, '2017-09-06 10:55:40', 'News.php?search_box=-%D8%AE%D9%88%D8%A7%D8%A8-'),
(905, '217.182.132.32', 1, 0, '2017-09-06 11:41:47', 'News.php'),
(906, '217.182.132.152', 1, 0, '2017-09-06 11:57:51', 'News.php?search_box=%D8%AD%D9%85%D9%84'),
(907, '66.249.66.149', 1, 0, '2017-09-06 12:17:33', 'Products.php?sbgroup=5'),
(908, '216.244.66.233', 1, 178, '2017-09-06 12:34:48', 'Post.php?id=178'),
(909, '40.77.167.99', 1, 0, '2017-09-06 13:00:33', ''),
(910, '51.255.65.55', 1, 0, '2017-09-06 13:45:22', 'News.php?search_box=5%20%D8%B1%D8%A7%D9%87%DA%A9%D8%A7%D8%B1%20%D8%A8%D8%B1%D8%A7%DB%8C%20%D8%AA%D8%A8%D8%AF%DB%8C%D9%84%20%D8%A7%D8%B4%D8%AA%D8%A8%D8%A7%D9%87%D8%A7%D8%AA%20%D8%A8%D9%87%20%D8%AF%D8%B1%D8%B3%20%D9%87%D8%A7%DB%8C%20%D8%A7%D8%B1%D8%B2%D8%B4%D9%85%D9%86%D8%AF%20%D8%B2%D9%86%D8%AF%DA%AF%DB%8C%20%20%20%20%D8%A8%D9%87%20%D8%A7%D8%B4%D8%AA%D8%A8%D8%A7%D9%87%20%D8%AE%D9%88%D8%AF%20%D8%A7%D8%B9%D8%AA%D8%B1%D8%A7%D9%81%20%DA%A9%D9%86%DB%8C%D8%AF%20%20%D8%A7%D8%B2%20%D8%AE%D9%88%D8%AF%D8%A'),
(911, '217.182.132.192', 1, 0, '2017-09-06 14:39:38', 'News.php?search_box=%20%D9%BE%D9%84%DB%8C%D8%B1'),
(912, '137.74.207.108', 1, 0, '2017-09-06 14:39:50', 'News.php?search_box=%D8%B3%DB%8C%D8%B3%D9%85%D9%88%D9%86%DB%8C'),
(913, '217.182.132.52', 1, 0, '2017-09-06 14:53:13', 'News.php?search_box=%D8%A7%DB%8C%D8%AF%D9%87%20%D8%AA%D8%A7%D9%86%20%D8%B1%D8%A7%20%D9%85%D8%AD%DA%A9%20%D8%A8%D8%B2%D9%86%DB%8C%D8%AF%20%D8%A7%D8%B3%D9%85%20%D8%A7%D9%86%D8%AA%D8%AE%D8%A7%D8%A8%20%DA%A9%D9%86%DB%8C%D8%AF%20%20%D8%A8%D8%B1%D9%86%D8%A7%D9%85%D9%87%20%D8%B1%DB%8C%D8%B2%DB%8C%20%DA%A9%D9%86%DB%8C%D8%AF%20%D8%B3%D8%B1%D9%85%D8%A7%DB%8C%D9%87%20%DA%AF%D8%B0%D8%A7%D8%B1%20%D9%BE%DB%8C%D8%AF%D8%A7%20%DA%A9%D9%86%DB%8C%D8%AF%20%DA%A9%D8%A7%D8%B1%D9%87%D8%A7%DB%8C%20%D8%A7%D8%AF%D8%A7%D8'),
(914, '216.244.66.233', 1, 71, '2017-09-06 14:58:53', 'Post.php?id=71'),
(915, '151.242.23.105', 1, 7, '2017-09-06 15:21:22', 'Post.php?id=7'),
(916, '217.182.132.193', 1, 0, '2017-09-06 15:42:44', 'News.php?news=13'),
(917, '5.122.226.228', 1, 0, '2017-09-06 17:12:42', ''),
(918, '66.249.66.26', 1, 0, '2017-09-06 18:04:07', 'index.php?page=shop.product_details&category_id=48&flypage=flypage.tpl&product_id=60&option=com_virtuemart&Itemid=80'),
(919, '66.249.66.28', 1, 59, '2017-09-06 18:24:39', 'Post.php?id=59'),
(920, '66.249.66.26', 1, 69, '2017-09-06 18:25:41', 'Post.php?id=69'),
(921, '66.249.66.27', 1, 70, '2017-09-06 18:30:25', 'Post.php?id=70'),
(922, '5.122.226.228', 1, 0, '2017-09-06 18:33:09', 'index.php'),
(923, '66.249.66.26', 1, 160, '2017-09-06 18:34:36', 'Post.php?id=160'),
(924, '5.122.226.228', 1, 0, '2017-09-06 18:41:53', 'Compare.php'),
(925, '5.122.226.228', 1, 261, '2017-09-06 18:52:23', 'Post.php?id=261'),
(926, '51.255.71.116', 1, 0, '2017-09-06 19:33:10', 'Products.php?spgroup=10'),
(927, '66.249.66.26', 1, 0, '2017-09-06 19:36:16', 'index.php?page=shop.product_details&flypage=flypage.tpl&product_id=112&category_id=18&option=com_virtuemart&Itemid=80'),
(928, '66.249.66.27', 1, 261, '2017-09-06 19:40:23', 'Post.php?id=261'),
(929, '66.249.66.28', 1, 0, '2017-09-06 19:41:15', 'index.php?option=com_virtuemart&page=shop.cart&product_id='),
(930, '66.249.66.27', 1, 104, '2017-09-06 19:41:29', 'Post.php?id=104'),
(931, '66.249.66.26', 1, 0, '2017-09-06 19:56:25', 'Products.php?sbid=52'),
(932, '164.132.161.49', 1, 0, '2017-09-06 19:56:48', 'News.php?search_box=%D8%B4%D8%B1%DA%A9%D8%AA%20'),
(933, '66.249.66.27', 1, 0, '2017-09-06 20:01:34', 'index.php?page=shop.product_details&category_id=10&flypage=flypage.tpl&product_id=54&option=com_virtuemart&Itemid=80'),
(934, '66.249.66.27', 1, 151, '2017-09-06 20:21:56', 'Post.php?id=151'),
(935, '66.249.66.26', 1, 75, '2017-09-06 20:26:54', 'Post.php?id=75'),
(936, '5.122.252.248', 1, 0, '2017-09-06 20:29:55', ''),
(937, '216.244.66.233', 1, 120, '2017-09-06 20:55:51', 'Post.php?id=120'),
(938, '66.249.66.26', 1, 0, '2017-09-06 21:03:20', 'News.php?search_box=%D8%AD%D9%85%D9%84'),
(939, '66.249.66.27', 1, 0, '2017-09-06 21:22:54', 'index.php'),
(940, '66.249.66.28', 1, 0, '2017-09-06 21:52:31', 'News.php?search_box=%DA%A9%D9%88%D8%AF%DA%A9'),
(941, '51.255.65.41', 1, 18, '2017-09-06 22:09:23', 'Post.php?id=18'),
(942, '66.249.66.26', 1, 0, '2017-09-06 22:34:09', 'News.php?search_box=-%D8%AD%D9%85%D8%A7%D9%85'),
(943, '5.122.94.155', 1, 0, '2017-09-06 22:46:51', ''),
(944, '66.249.66.26', 1, 0, '2017-09-06 23:00:37', 'News.php?search_box=-%D8%AE%D9%88%D8%A7%D8%A8-'),
(945, '66.249.66.26', 1, 0, '2017-09-06 23:08:10', 'News.php?search_box=%D9%84%D9%88%D8%A7%D8%B2%D9%85'),
(946, '51.255.65.2', 1, 0, '2017-09-07 00:08:41', 'News.php?search_box=-%D8%A7%D8%B3%D8%A8%D8%A7%D8%A8%20%D8%A8%D8%A7%D8%B2%DB%8C'),
(947, '51.255.65.32', 1, 0, '2017-09-07 00:32:47', 'News.php?search_box=%D8%AA%D8%BA%D8%B0%DB%8C%D9%87%20'),
(948, '66.249.66.28', 1, 0, '2017-09-07 00:35:12', 'News.php?search_box=%D8%AA%D8%BA%D8%B0%DB%8C%D9%87'),
(949, '66.249.66.27', 1, 0, '2017-09-07 01:39:35', 'News.php?search_box=%D8%A7%DB%8C%D9%85%D9%86%DB%8C'),
(950, '216.244.66.233', 1, 2, '2017-09-07 01:43:27', 'Post.php?id=2'),
(951, '216.244.66.233', 1, 34, '2017-09-07 01:43:34', 'Post.php?id=34'),
(952, '157.55.39.41', 1, 0, '2017-09-07 01:54:25', ''),
(953, '216.244.66.233', 1, 67, '2017-09-07 02:08:54', 'Post.php?id=67'),
(954, '66.249.66.28', 1, 0, '2017-09-07 02:13:33', 'News.php?search_box=%20%20%D9%84%DB%8C%D8%B3%D8%AA'),
(955, '217.182.132.53', 1, 0, '2017-09-07 02:49:45', 'News.php?search_box=%D8%AC%D9%81%20%D8%A8%D8%B2%D9%88%D8%B3%D8%8C%E2%80%8C%20%D9%85%D8%AF%DB%8C%D8%B1%D8%B9%D8%A7%D9%85%D9%84%20%D8%AB%D8%B1%D9%88%D8%AA%D9%85%D9%86%D8%AF%20%D8%A2%D9%85%D8%A7%D8%B2%D9%88%D9%86%20%D8%B3%D8%B1%D9%85%D8%A7%DB%8C%D9%87%20%D8%AE%D9%88%D8%AF%20%D8%B1%D8%A7%20%DA%86%D8%B7%D9%88%D8%B1%20%D8%AE%D8%B1%D8%AC%20%D9%85%DB%8C%20%DA%A9%D9%86%D8%AF%D8%9F%20%20%D8%A8%D8%B2%D9%88%D8%B3%20%D8%AF%D8%B1%20%D9%BE%D8%A7%DB%8C%D8%A7%D9%86%20%D8%B1%D9%88%D8%B2%20%D8%A8%D8%A7%20%D8%AB%D8'),
(956, '66.249.66.27', 1, 0, '2017-09-07 03:10:19', 'News.php?search_box=-%D9%BE%D9%88%D8%B4%D8%A7%DA%A9'),
(957, '66.249.66.26', 1, 0, '2017-09-07 03:29:14', 'News.php?search_box=-%D8%B3%D8%B1%D9%88%DB%8C%D8%B3'),
(958, '66.249.66.28', 1, 0, '2017-09-07 03:51:56', 'News.php?search_box=%D8%B3%DB%8C%D8%B3%D9%85%D9%88%D9%86%DB%8C'),
(959, '66.249.66.27', 1, 0, '2017-09-07 03:59:30', 'News.php?search_box=-%D8%A8%D9%87%D8%AF%D8%A7%D8%B4%D8%AA%DB%8C'),
(960, '164.132.161.34', 1, 0, '2017-09-07 04:19:25', 'Products.php'),
(961, '66.249.66.28', 1, 0, '2017-09-07 04:52:27', 'News.php?search_box=-%D8%A7%D8%B3%D8%A8%D8%A7%D8%A8%20%D8%A8%D8%A7%D8%B2%DB%8C'),
(962, '137.74.207.110', 1, 0, '2017-09-07 05:12:16', 'News.php?news=8'),
(963, '66.249.66.27', 1, 0, '2017-09-07 05:53:26', 'Products.php?spgroup=14'),
(964, '66.249.66.28', 1, 83, '2017-09-07 06:03:38', 'Post.php?id=83'),
(965, '138.197.7.67', 1, 0, '2017-09-07 07:03:21', ''),
(966, '66.249.66.28', 1, 0, '2017-09-07 07:19:46', ''),
(967, '51.255.65.36', 1, 0, '2017-09-07 09:08:11', 'News.php?search_box=%20%D8%A7%D8%B9%D9%84%D8%A7%D9%85%20%DA%A9%D8%B1%D8%AF%D9%87%20%D8%A7%D8%B3%D8%AA%20%DA%A9%D9%87%20%D8%B3%D8%B1%D8%A7%D9%86%D8%AC%D8%A7%D9%85'),
(968, '5.122.226.228', 1, 261, '2017-09-07 10:15:16', 'Post.php?id=261'),
(969, '5.122.226.228', 1, 0, '2017-09-07 10:27:03', 'index.php'),
(970, '216.244.66.233', 1, 59, '2017-09-07 13:08:20', 'Post.php?id=59'),
(971, '5.122.226.228', 1, 0, '2017-09-07 13:28:14', ''),
(972, '5.122.226.228', 1, 0, '2017-09-07 13:36:31', 'Products.php?sbgroup=3'),
(973, '51.255.65.70', 1, 0, '2017-09-07 13:36:48', 'Products.php?spgroup=22'),
(974, '5.122.226.228', 1, 0, '2017-09-07 13:38:18', 'Products.php?sbgroup=9'),
(975, '5.122.226.228', 1, 0, '2017-09-07 13:38:58', 'Products.php?sbgroup=8'),
(976, '5.122.226.228', 1, 0, '2017-09-07 13:39:26', 'Products.php?sbgroup=7'),
(977, '5.122.226.228', 1, 0, '2017-09-07 13:40:06', 'index.php'),
(978, '66.249.66.26', 1, 16, '2017-09-07 14:03:15', 'Post.php?id=16'),
(979, '66.249.66.27', 1, 10, '2017-09-07 14:03:54', 'Post.php?id=10'),
(980, '66.249.66.28', 1, 13, '2017-09-07 14:12:02', 'Post.php?id=13'),
(981, '51.255.65.15', 1, 2, '2017-09-07 14:25:44', 'Post.php?id=2'),
(982, '66.249.66.27', 1, 0, '2017-09-07 14:31:41', 'News.php?news=8'),
(983, '66.249.66.27', 1, 0, '2017-09-07 14:53:44', 'News.php?search_box=%C2%ABHP%20Z%20VR%C2%BB%20%DA%A9%D8%A7%D9%85%D9%BE%DB%8C%D9%88%D8%AA%D8%B1%20%D9%88%D8%A7%D9%82%D8%B9%DB%8C%D8%AA%20%D9%85%D8%AC%D8%A7%D8%B2%DB%8C%20%D8%AC%D8%AF%DB%8C%D8%AF%20%DA%A9%D9%85%D9%BE%D8%A7%D9%86%DB%8C%20%D8%A2%D9%85%D8%B1%DB%8C%DA%A9%D8%A7%DB%8C%DB%8C%20%D8%A7%D8%B3%D8%AA%20%DA%A9%D9%87%20%D8%A8%D8%B1%D8%A7%DB%8C%20%D9%86%D9%85%D8%A7%DB%8C%D8%B4%DA%AF%D8%A7%D9%87%20%D9%87%D8%A7%DB%8C%20%D8%AE%D9%88%D8%AF%D8%B1%D9%88%D8%8C%20%D8%A8%D9%86%DA%AF%D8%A7%D9%87%20%D9%87%'),
(984, '151.245.91.231', 1, 0, '2017-09-07 15:05:23', ''),
(985, '66.249.66.27', 1, 4, '2017-09-07 16:10:07', 'Post.php?id=4'),
(986, '66.249.66.151', 1, 0, '2017-09-07 17:32:37', ''),
(987, '176.12.71.53', 1, 0, '2017-09-07 18:10:19', ''),
(988, '176.12.71.53', 1, 57, '2017-09-07 18:13:34', 'Post.php?id=57'),
(989, '66.249.66.26', 1, 18, '2017-09-07 18:46:04', 'Post.php?id=18'),
(990, '65.49.68.175', 1, 12, '2017-09-07 19:25:54', 'Post.php?id=12'),
(991, '66.249.66.26', 1, 0, '2017-09-07 19:37:01', 'Products.php?protocol=3'),
(992, '66.249.66.27', 1, 101, '2017-09-07 20:02:00', 'Post.php?id=101'),
(993, '66.249.66.27', 1, 163, '2017-09-07 20:12:19', 'Post.php?id=163'),
(994, '66.249.66.26', 1, 0, '2017-09-07 20:17:24', 'Products.php?sbid=8'),
(995, '66.249.66.28', 1, 0, '2017-09-07 20:17:26', 'Products.php?sbid=8'),
(996, '66.249.66.28', 1, 60, '2017-09-07 20:22:22', 'Post.php?id=60'),
(997, '66.249.66.26', 1, 0, '2017-09-07 20:58:15', 'Products.php?sbid=51'),
(998, '51.255.71.127', 1, 0, '2017-09-07 21:15:20', 'Products.php?spgroup=21'),
(999, '66.249.66.28', 1, 128, '2017-09-07 21:18:21', 'Post.php?id=128'),
(1000, '66.249.66.28', 1, 100, '2017-09-07 21:28:44', 'Post.php?id=100'),
(1001, '89.199.16.139', 1, 0, '2017-09-07 21:43:24', ''),
(1002, '217.182.132.94', 1, 5, '2017-09-07 21:45:58', 'Post.php?id=5'),
(1003, '66.249.66.28', 1, 182, '2017-09-07 21:59:20', 'Post.php?id=182'),
(1004, '66.249.66.28', 1, 172, '2017-09-07 22:15:20', 'Post.php?id=172'),
(1005, '66.249.66.28', 1, 117, '2017-09-07 22:32:45', 'Post.php?id=117'),
(1006, '66.249.66.28', 1, 0, '2017-09-07 22:34:59', 'index.php?page=shop.product_details&category_id=46&flypage=flypage.tpl&product_id=53&option=com_virtuemart&Itemid=80'),
(1007, '66.249.66.28', 1, 187, '2017-09-07 22:50:06', 'Post.php?id=187'),
(1008, '66.249.66.26', 1, 0, '2017-09-07 22:55:05', 'Products.php?spid=7'),
(1009, '51.255.65.44', 1, 0, '2017-09-07 22:57:31', 'Products.php?spgroup=30'),
(1010, '66.249.66.28', 1, 0, '2017-09-07 23:05:10', 'Products.php?spgroup=55'),
(1011, '51.255.65.4', 1, 0, '2017-09-07 23:08:49', 'News.php?search_box=%D8%AA%D8%B3%D8%AA'),
(1012, '66.249.66.26', 1, 0, '2017-09-07 23:30:34', 'Products.php?protocol=6'),
(1013, '66.249.66.28', 1, 59, '2017-09-07 23:35:34', 'Post.php?id=59'),
(1014, '164.132.161.69', 1, 0, '2017-09-07 23:36:03', 'Products.php?spgroup=9'),
(1015, '66.249.66.26', 1, 137, '2017-09-07 23:37:29', 'Post.php?id=137'),
(1016, '66.249.66.28', 1, 32, '2017-09-08 00:11:48', 'Post.php?id=32'),
(1017, '66.249.66.28', 1, 0, '2017-09-08 00:24:25', 'Products.php?sbid=26'),
(1018, '66.249.66.27', 1, 176, '2017-09-08 00:35:10', 'Post.php?id=176'),
(1019, '66.249.66.27', 1, 150, '2017-09-08 00:36:09', 'Post.php?id=150'),
(1020, '66.249.66.27', 1, 188, '2017-09-08 00:39:05', 'Post.php?id=188'),
(1021, '66.249.66.27', 1, 0, '2017-09-08 01:11:23', 'Products.php?spid=8'),
(1022, '164.132.161.60', 1, 0, '2017-09-08 01:32:48', 'News.php?search_box=%D8%A7%D8%AF%D9%88%D8%A8%DB%8C'),
(1023, '66.249.66.27', 1, 72, '2017-09-08 03:00:56', 'Post.php?id=72'),
(1024, '164.132.161.34', 1, 9, '2017-09-08 04:29:54', 'Post.php?id=9'),
(1025, '66.249.66.28', 1, 156, '2017-09-08 04:51:28', 'Post.php?id=156'),
(1026, '157.55.39.41', 1, 0, '2017-09-08 04:56:50', ''),
(1027, '66.249.66.27', 1, 66, '2017-09-08 05:20:49', 'Post.php?id=66'),
(1028, '66.249.66.28', 1, 0, '2017-09-08 05:25:43', 'Products.php?sbgroup=9'),
(1029, '66.249.66.28', 1, 140, '2017-09-08 05:26:41', 'Post.php?id=140'),
(1030, '217.182.132.186', 1, 0, '2017-09-08 06:08:13', 'News.php?news=11'),
(1031, '51.255.71.121', 1, 0, '2017-09-08 06:15:21', 'textpost.php?fid=17'),
(1032, '66.249.66.26', 1, 177, '2017-09-08 06:39:05', 'Post.php?id=177'),
(1033, '66.249.66.26', 1, 4, '2017-09-08 07:09:25', 'Post.php?id=4'),
(1034, '66.249.66.26', 1, 0, '2017-09-08 07:12:21', 'Products.php?sbgroup=3'),
(1035, '51.255.65.59', 1, 15, '2017-09-08 08:02:08', 'Post.php?id=15'),
(1036, '66.249.66.27', 1, 0, '2017-09-08 09:35:11', 'News.php?news=13'),
(1037, '51.255.65.87', 1, 0, '2017-09-08 09:57:08', 'News.php?news=5'),
(1038, '66.249.66.28', 1, 0, '2017-09-08 10:08:26', 'News.php?news=10'),
(1039, '66.249.66.28', 1, 0, '2017-09-08 10:15:12', 'News.php?search_box=%D8%AC%D9%81%20%D8%A8%D8%B2%D9%88%D8%B3%D8%8C%E2%80%8C%20%D9%85%D8%AF%DB%8C%D8%B1%D8%B9%D8%A7%D9%85%D9%84%20%D8%AB%D8%B1%D9%88%D8%AA%D9%85%D9%86%D8%AF%20%D8%A2%D9%85%D8%A7%D8%B2%D9%88%D9%86%20%D8%B3%D8%B1%D9%85%D8%A7%DB%8C%D9%87%20%D8%AE%D9%88%D8%AF%20%D8%B1%D8%A7%20%DA%86%D8%B7%D9%88%D8%B1%20%D8%AE%D8%B1%D8%AC%20%D9%85%DB%8C%20%DA%A9%D9%86%D8%AF%D8%9F%20%20%D8%A8%D8%B2%D9%88%D8%B3%20%D8%AF%D8%B1%20%D9%BE%D8%A7%DB%8C%D8%A7%D9%86%20%D8%B1%D9%88%D8%B2%20%D8%A8%D8%A7%20%D8%AB%D8'),
(1040, '5.122.226.10', 1, 0, '2017-09-08 11:37:15', ''),
(1041, '5.121.196.107', 1, 0, '2017-09-08 11:57:55', ''),
(1042, '66.249.66.28', 1, 0, '2017-09-08 12:21:11', 'index.php?page=shop.product_details&category_id=48&flypage=flypage.tpl&product_id=60&option=com_virtuemart&Itemid=80'),
(1043, '217.60.76.70', 1, 0, '2017-09-08 12:33:49', ''),
(1044, '216.244.66.233', 1, 0, '2017-09-08 12:36:37', 'Products.php?tid=9'),
(1045, '217.60.76.70', 1, 0, '2017-09-08 13:04:12', 'News.php?news=15'),
(1046, '216.244.66.233', 1, 0, '2017-09-08 13:07:17', 'Products.php?spid=20'),
(1047, '216.244.66.233', 1, 0, '2017-09-08 14:08:21', 'textpost.php?fid=16'),
(1048, '216.244.66.233', 1, 0, '2017-09-08 16:00:01', 'Products.php?spid=12'),
(1049, '51.255.65.18', 1, 14, '2017-09-08 18:04:14', 'Post.php?id=14'),
(1050, '46.225.196.216', 1, 0, '2017-09-08 18:57:41', ''),
(1051, '217.182.132.15', 1, 0, '2017-09-08 19:15:53', 'News.php?news=7'),
(1052, '216.244.66.233', 1, 0, '2017-09-08 20:32:18', 'Products.php?spid=17'),
(1053, '5.121.18.127', 1, 0, '2017-09-08 21:05:49', ''),
(1054, '5.122.226.228', 1, 0, '2017-09-08 21:06:11', 'index.php'),
(1055, '5.122.226.228', 1, 0, '2017-09-08 21:06:30', 'News.php?news=14'),
(1056, '149.154.167.164', 1, 0, '2017-09-08 21:14:38', ''),
(1057, '216.244.66.233', 1, 107, '2017-09-08 21:35:44', 'Post.php?id=107'),
(1058, '5.122.226.228', 1, 0, '2017-09-08 22:05:53', 'index.php'),
(1059, '164.132.161.35', 1, 0, '2017-09-08 22:20:41', 'News.php?news=10'),
(1060, '216.244.66.233', 1, 0, '2017-09-08 22:24:09', 'textpost.php?fid=2'),
(1061, '217.60.76.70', 1, 0, '2017-09-08 23:32:07', ''),
(1062, '216.244.66.233', 1, 54, '2017-09-08 23:36:02', 'Post.php?id=54'),
(1063, '216.244.66.233', 1, 105, '2017-09-09 01:35:52', 'Post.php?id=105'),
(1064, '157.55.39.41', 1, 0, '2017-09-09 02:09:49', ''),
(1065, '52.38.168.216', 1, 0, '2017-09-09 04:37:14', ''),
(1066, '216.244.66.233', 1, 0, '2017-09-09 08:29:49', 'Products.php?sbid=12'),
(1067, '164.132.161.14', 1, 10, '2017-09-09 08:48:13', 'Post.php?id=10'),
(1068, '5.122.226.228', 1, 0, '2017-09-09 09:18:58', 'index.php'),
(1069, '5.122.226.228', 1, 0, '2017-09-09 09:19:03', 'Products.php?sbgroup=7'),
(1070, '216.244.66.233', 1, 0, '2017-09-09 09:55:42', 'Products.php?spgroup=8'),
(1071, '217.182.132.94', 1, 0, '2017-09-09 10:06:01', 'Products.php?spgroup=31'),
(1072, '216.244.66.233', 1, 0, '2017-09-09 11:02:20', 'Products.php?spid=11'),
(1073, '216.244.66.233', 1, 35, '2017-09-09 12:07:13', 'Post.php?id=35'),
(1074, '216.244.66.233', 1, 0, '2017-09-09 13:08:38', 'Products.php?sbid=14'),
(1075, '216.244.66.233', 1, 0, '2017-09-09 13:38:40', 'Products.php?spid=8'),
(1076, '89.199.16.139', 1, 0, '2017-09-09 13:56:15', ''),
(1077, '89.199.16.139', 1, 0, '2017-09-09 13:56:49', 'News.php?news=11'),
(1078, '51.255.71.132', 1, 0, '2017-09-09 14:07:20', 'Products.php?MostPopular'),
(1079, '91.121.2.59', 1, 0, '2017-09-09 14:18:55', 'index.php?page=shop.ask&product_id=120&subject=%D8%A7%D8%B3%D8%AA%D8%B9%D9%84%D8%A7%D9%85%20%D8%A8%D9%87%D8%A7%D8%A1:%20Acer%20Aspire%20E5-571G-I5%204210U%204G50MNKS%20-%2015.6%26quot;%20i5%204GB%20500GB%20Nvidi&option=com_virtuemart&Itemid=80'),
(1080, '5.121.153.165', 1, 0, '2017-09-09 14:37:37', 'index.php'),
(1081, '5.121.153.165', 1, 261, '2017-09-09 14:49:54', 'Post.php?id=261'),
(1082, '216.244.66.233', 1, 45, '2017-09-09 15:43:54', 'Post.php?id=45'),
(1083, '164.132.161.17', 1, 0, '2017-09-09 20:00:58', 'Products.php?spgroup='),
(1084, '164.132.161.75', 1, 0, '2017-09-09 21:15:48', 'textpost.php?fid=2'),
(1085, '164.132.161.76', 1, 0, '2017-09-09 22:25:26', 'Products.php?spgroup=12'),
(1086, '217.182.132.180', 1, 0, '2017-09-09 22:54:31', 'Products.php?spgroup=14'),
(1087, '66.249.64.149', 1, 0, '2017-09-10 00:31:56', ''),
(1088, '216.244.66.233', 1, 43, '2017-09-10 01:23:02', 'Post.php?id=43'),
(1089, '173.252.84.52', 1, 0, '2017-09-10 01:24:19', ''),
(1090, '173.252.114.119', 1, 0, '2017-09-10 01:24:21', ''),
(1091, '66.249.64.156', 1, 0, '2017-09-10 03:03:54', 'Products.php?protocol=4'),
(1092, '66.249.64.154', 1, 0, '2017-09-10 03:04:47', 'Products.php?spgroup=21'),
(1093, '157.55.39.238', 1, 0, '2017-09-10 03:56:07', ''),
(1094, '157.55.39.41', 1, 0, '2017-09-10 04:07:16', ''),
(1095, '164.132.161.43', 1, 0, '2017-09-10 04:29:58', 'News.php?news=4'),
(1096, '66.249.64.154', 1, 0, '2017-09-10 04:38:00', 'Products.php?spgroup=52'),
(1097, '66.249.64.158', 1, 0, '2017-09-10 05:04:11', 'Products.php?spgroup=20'),
(1098, '66.249.64.158', 1, 112, '2017-09-10 05:05:05', 'Post.php?id=112'),
(1099, '66.249.64.156', 1, 16, '2017-09-10 05:05:59', 'Post.php?id=16'),
(1100, '164.132.161.49', 1, 0, '2017-09-10 06:17:10', 'Products.php?spgroup=20'),
(1101, '66.249.64.158', 1, 0, '2017-09-10 07:02:40', 'Products.php?spgroup=52'),
(1102, '66.249.64.156', 1, 0, '2017-09-10 07:33:26', 'Products.php?spgroup=20'),
(1103, '66.249.64.158', 1, 0, '2017-09-10 07:44:17', 'Products.php?sbid=25'),
(1104, '217.219.157.234', 1, 0, '2017-09-10 08:01:18', 'index.php?page=shop.product_details&flypage=flypage.tpl&product_id=89&category_id=17&option=com_virtuemart&Itemid=80'),
(1105, '216.244.66.233', 1, 0, '2017-09-10 09:00:30', 'textpost.php?fid=8'),
(1106, '66.249.64.156', 1, 0, '2017-09-10 09:38:15', 'Products.php?tid=17'),
(1107, '217.60.76.70', 1, 0, '2017-09-10 09:48:47', ''),
(1108, '216.244.66.233', 1, 108, '2017-09-10 10:04:52', 'Post.php?id=108'),
(1109, '5.122.226.228', 1, 0, '2017-09-10 10:05:06', ''),
(1110, '5.122.226.228', 1, 64, '2017-09-10 10:05:55', 'Post.php?id=64'),
(1111, '164.132.161.69', 1, 0, '2017-09-10 10:56:49', 'News.php?news=2'),
(1112, '217.182.132.146', 1, 0, '2017-09-10 14:35:08', 'Products.php?spgroup=8'),
(1113, '89.198.238.34', 1, 0, '2017-09-10 14:49:50', ''),
(1114, '51.255.65.21', 1, 0, '2017-09-10 16:30:35', 'Products.php?spgroup=25'),
(1115, '5.122.226.228', 1, 0, '2017-09-10 16:35:15', 'index.php'),
(1116, '66.249.64.153', 1, 0, '2017-09-10 17:28:11', 'Products.php?sbgroup=5'),
(1117, '66.249.64.153', 1, 0, '2017-09-10 17:32:39', ''),
(1118, '164.132.161.82', 1, 0, '2017-09-10 20:25:03', 'News.php?search_box=%C2%ABHP%20Z%20VR%C2%BB%20%DA%A9%D8%A7%D9%85%D9%BE%DB%8C%D9%88%D8%AA%D8%B1%20%D9%88%D8%A7%D9%82%D8%B9%DB%8C%D8%AA%20%D9%85%D8%AC%D8%A7%D8%B2%DB%8C%20%D8%AC%D8%AF%DB%8C%D8%AF%20%DA%A9%D9%85%D9%BE%D8%A7%D9%86%DB%8C%20%D8%A2%D9%85%D8%B1%DB%8C%DA%A9%D8%A7%DB%8C%DB%8C%20%D8%A7%D8%B3%D8%AA%20%DA%A9%D9%87%20%D8%A8%D8%B1%D8%A7%DB%8C%20%D9%86%D9%85%D8%A7%DB%8C%D8%B4%DA%AF%D8%A7%D9%87%20%D9%87%D8%A7%DB%8C%20%D8%AE%D9%88%D8%AF%D8%B1%D9%88%D8%8C%20%D8%A8%D9%86%DA%AF%D8%A7%D9%87%20%D9%87%'),
(1119, '51.255.71.114', 1, 0, '2017-09-10 22:32:02', 'News.php?news=12'),
(1120, '51.255.65.48', 1, 0, '2017-09-10 22:52:56', 'Products.php?brand=1'),
(1121, '46.225.196.216', 1, 0, '2017-09-11 01:08:22', 'Products.php?sbgroup=11'),
(1122, '51.255.71.129', 1, 0, '2017-09-11 01:39:03', 'Products.php?tid=20'),
(1123, '66.249.64.154', 1, 0, '2017-09-11 01:51:35', 'Products.php?special_offers=1'),
(1124, '173.212.250.194', 1, 0, '2017-09-11 01:53:47', 'News.php?search_box=%20%20%D9%84%DB%8C%D8%B3%D8%AA'),
(1125, '173.212.250.194', 1, 0, '2017-09-11 01:53:52', 'News.php?search_box=%20%D8%A7%D8%B9%D9%84%D8%A7%D9%85%20%DA%A9%D8%B1%D8%AF%D9%87%20%D8%A7%D8%B3%D8%AA%20%DA%A9%D9%87%20%D8%B3%D8%B1%D8%A7%D9%86%D8%AC%D8%A7%D9%85'),
(1126, '173.212.250.194', 1, 0, '2017-09-11 01:53:56', 'News.php?search_box=%20%D8%A8%D9%87%20%D9%BE%D8%A7%DB%8C%D8%A7%D9%86%20%D8%B1%D8%A7%D9%87%20%D8%AE%D9%88%D8%AF%20%D8%B1%D8%B3%DB%8C%D8%AF%D9%87%20%D8%A7%D8%B3%D8%AA%20%D9%88%20%D8%A7%DB%8C%D9%86%20%DA%A9%D9%85%D9%BE%D8%A7%D9%86%DB%8C%20%D9%BE%D8%B3%20%D8%A7%D8%B2%20%D8%B3%D8%A7%D9%84%202020%20%D9%85%DB%8C%D9%84%D8%A7%D8%AF%DB%8C%20%D8%AF%DB%8C%DA%AF%D8%B1%20%D8%A8%D9%87%20%D9%BE%D8%B4%D8%AA%DB%8C%D8%A8%D8%A7%D9%86%DB%8C%20%D8%A7%D8%B2%20%D8%A7%DB%8C%D9%86%20%D8%B3%DB%8C%D8%B3%D8%AA%D9%85%20%D8%A'),
(1127, '173.212.250.194', 1, 0, '2017-09-11 01:54:03', 'News.php?search_box=%20%D9%81%D9%84%D8%B4'),
(1128, '173.212.250.194', 1, 0, '2017-09-11 01:54:11', 'News.php?search_box=%20%D9%BE%D9%84%DB%8C%D8%B1'),
(1129, '173.212.250.194', 1, 0, '2017-09-11 01:54:17', 'News.php?search_box=-%D8%A7%D8%B3%D8%A8%D8%A7%D8%A8%20%D8%A8%D8%A7%D8%B2%DB%8C'),
(1130, '173.212.250.194', 1, 0, '2017-09-11 01:54:25', 'News.php?search_box=-%D8%A8%D9%87%D8%AF%D8%A7%D8%B4%D8%AA%DB%8C'),
(1131, '173.212.250.194', 1, 0, '2017-09-11 01:54:31', 'News.php?search_box=-%D8%AD%D9%85%D8%A7%D9%85'),
(1132, '173.212.250.194', 1, 0, '2017-09-11 01:54:38', 'News.php?search_box=-%D8%AE%D9%88%D8%A7%D8%A8-'),
(1133, '173.212.250.194', 1, 0, '2017-09-11 01:54:44', 'News.php?search_box=-%D8%B3%D8%B1%D9%88%DB%8C%D8%B3'),
(1134, '173.212.250.194', 1, 0, '2017-09-11 01:54:50', 'News.php?search_box=-%D9%BE%D9%88%D8%B4%D8%A7%DA%A9'),
(1135, '173.212.250.194', 1, 0, '2017-09-11 01:54:55', 'News.php?search_box=%D8%A7%D8%AF%D9%88%D8%A8%DB%8C'),
(1136, '173.212.250.194', 1, 0, '2017-09-11 01:55:02', 'News.php?search_box=%D8%A7%DB%8C%D9%85%D9%86%DB%8C'),
(1137, '173.212.250.194', 1, 0, '2017-09-11 01:55:05', 'News.php?search_box=%D8%AA%D8%B3%D8%AA'),
(1138, '173.212.250.194', 1, 0, '2017-09-11 01:55:11', 'News.php?search_box=%D8%AA%D8%BA%D8%B0%DB%8C%D9%87'),
(1139, '173.212.250.194', 1, 0, '2017-09-11 01:55:15', 'News.php?search_box=%D8%AD%D9%85%D9%84'),
(1140, '173.212.250.194', 1, 0, '2017-09-11 01:55:21', 'News.php?search_box=%D8%B3%DB%8C%D8%B3%D9%85%D9%88%D9%86%DB%8C'),
(1141, '173.212.250.194', 1, 0, '2017-09-11 01:55:29', 'News.php?search_box=%D8%B4%D8%B1%DA%A9%D8%AA'),
(1142, '173.212.250.194', 1, 0, '2017-09-11 01:55:34', 'News.php?search_box=%D9%84%D9%88%D8%A7%D8%B2%D9%85'),
(1143, '173.212.250.194', 1, 0, '2017-09-11 01:55:42', 'News.php?search_box=%D9%88%D8%A8%20%D8%B3%D8%A7%DB%8C%D8%AA'),
(1144, '173.212.250.194', 1, 0, '2017-09-11 01:55:48', 'News.php?search_box=%DA%A9%D9%88%D8%AF%DA%A9'),
(1145, '51.255.71.118', 1, 0, '2017-09-11 06:04:32', ''),
(1146, '157.55.39.238', 1, 0, '2017-09-11 08:32:57', ''),
(1147, '66.249.64.156', 1, 0, '2017-09-11 13:38:04', 'Products.php?sbid=53'),
(1148, '46.225.193.86', 1, 0, '2017-09-11 14:59:43', ''),
(1149, '66.249.64.158', 1, 18, '2017-09-11 16:57:20', 'Post.php?id=18'),
(1150, '5.122.210.130', 1, 0, '2017-09-11 17:11:44', 'index.php'),
(1151, '216.244.66.233', 1, 44, '2017-09-11 17:41:27', 'Post.php?id=44'),
(1152, '5.122.210.130', 1, 0, '2017-09-11 17:49:48', ''),
(1153, '51.255.71.110', 1, 145, '2017-09-11 18:22:19', 'Post.php?id=145'),
(1154, '66.249.64.154', 1, 0, '2017-09-11 18:43:24', 'Products.php?tid=10'),
(1155, '66.249.64.158', 1, 0, '2017-09-11 19:16:38', 'Products.php?spid=6'),
(1156, '216.244.66.233', 1, 0, '2017-09-11 19:38:54', 'Products.php?tid=1'),
(1157, '151.245.120.104', 1, 0, '2017-09-11 19:56:15', ''),
(1158, '151.243.28.197', 1, 0, '2017-09-11 20:00:11', ''),
(1159, '151.243.28.197', 1, 0, '2017-09-11 20:01:17', 'textpost.php?fid=2'),
(1160, '46.225.196.216', 1, 0, '2017-09-11 20:48:49', ''),
(1161, '66.249.64.149', 1, 0, '2017-09-11 21:37:00', 'Products.php?spgroup=21'),
(1162, '217.182.132.82', 1, 0, '2017-09-11 21:49:27', 'Products.php?tid=1'),
(1163, '66.249.64.156', 1, 0, '2017-09-11 22:13:25', ''),
(1164, '157.55.39.37', 1, 0, '2017-09-11 22:54:03', ''),
(1165, '66.249.64.156', 1, 0, '2017-09-11 23:14:29', 'index.php?page=shop.product_details&category_id=48&flypage=flypage.tpl&product_id=60&option=com_virtuemart&Itemid=80'),
(1166, '154.16.123.225', 1, 0, '2017-09-12 00:03:25', ''),
(1167, '82.193.100.107', 1, 0, '2017-09-12 00:27:11', 'News.php?search_box=%20%20%D9%84%DB%8C%D8%B3%D8%AA'),
(1168, '82.193.100.107', 1, 0, '2017-09-12 00:27:14', 'News.php?search_box=%20%D8%A7%D8%B9%D9%84%D8%A7%D9%85%20%DA%A9%D8%B1%D8%AF%D9%87%20%D8%A7%D8%B3%D8%AA%20%DA%A9%D9%87%20%D8%B3%D8%B1%D8%A7%D9%86%D8%AC%D8%A7%D9%85'),
(1169, '82.193.100.107', 1, 0, '2017-09-12 00:27:17', 'News.php?search_box=%20%D8%A8%D9%87%20%D9%BE%D8%A7%DB%8C%D8%A7%D9%86%20%D8%B1%D8%A7%D9%87%20%D8%AE%D9%88%D8%AF%20%D8%B1%D8%B3%DB%8C%D8%AF%D9%87%20%D8%A7%D8%B3%D8%AA%20%D9%88%20%D8%A7%DB%8C%D9%86%20%DA%A9%D9%85%D9%BE%D8%A7%D9%86%DB%8C%20%D9%BE%D8%B3%20%D8%A7%D8%B2%20%D8%B3%D8%A7%D9%84%202020%20%D9%85%DB%8C%D9%84%D8%A7%D8%AF%DB%8C%20%D8%AF%DB%8C%DA%AF%D8%B1%20%D8%A8%D9%87%20%D9%BE%D8%B4%D8%AA%DB%8C%D8%A8%D8%A7%D9%86%DB%8C%20%D8%A7%D8%B2%20%D8%A7%DB%8C%D9%86%20%D8%B3%DB%8C%D8%B3%D8%AA%D9%85%20%D8%A'),
(1170, '82.193.100.107', 1, 0, '2017-09-12 00:27:21', 'News.php?search_box=%20%D9%81%D9%84%D8%B4'),
(1171, '82.193.100.107', 1, 0, '2017-09-12 00:27:37', 'News.php?search_box=%20%D9%BE%D9%84%DB%8C%D8%B1'),
(1172, '82.193.100.107', 1, 0, '2017-09-12 00:27:47', 'News.php?search_box=-%D8%A7%D8%B3%D8%A8%D8%A7%D8%A8%20%D8%A8%D8%A7%D8%B2%DB%8C'),
(1173, '82.193.100.107', 1, 0, '2017-09-12 00:27:54', 'News.php?search_box=-%D8%A8%D9%87%D8%AF%D8%A7%D8%B4%D8%AA%DB%8C'),
(1174, '82.193.100.107', 1, 0, '2017-09-12 00:27:57', 'News.php?search_box=-%D8%AD%D9%85%D8%A7%D9%85'),
(1175, '82.193.100.107', 1, 0, '2017-09-12 00:28:02', 'News.php?search_box=-%D8%AE%D9%88%D8%A7%D8%A8-'),
(1176, '82.193.100.107', 1, 0, '2017-09-12 00:28:05', 'News.php?search_box=-%D8%B3%D8%B1%D9%88%DB%8C%D8%B3'),
(1177, '82.193.100.107', 1, 0, '2017-09-12 00:28:08', 'News.php?search_box=-%D9%BE%D9%88%D8%B4%D8%A7%DA%A9'),
(1178, '82.193.100.107', 1, 0, '2017-09-12 00:28:14', 'News.php?search_box=%D8%A7%D8%AF%D9%88%D8%A8%DB%8C'),
(1179, '82.193.100.107', 1, 0, '2017-09-12 00:28:20', 'News.php?search_box=%D8%A7%DB%8C%D9%85%D9%86%DB%8C'),
(1180, '82.193.100.107', 1, 0, '2017-09-12 00:28:24', 'News.php?search_box=%D8%AA%D8%B3%D8%AA'),
(1181, '82.193.100.107', 1, 0, '2017-09-12 00:28:43', 'News.php?search_box=%D8%AA%D8%BA%D8%B0%DB%8C%D9%87'),
(1182, '82.193.100.107', 1, 0, '2017-09-12 00:28:52', 'News.php?search_box=%D8%AD%D9%85%D9%84'),
(1183, '82.193.100.107', 1, 0, '2017-09-12 00:28:56', 'News.php?search_box=%D8%B3%DB%8C%D8%B3%D9%85%D9%88%D9%86%DB%8C'),
(1184, '82.193.100.107', 1, 0, '2017-09-12 00:29:00', 'News.php?search_box=%D8%B4%D8%B1%DA%A9%D8%AA'),
(1185, '82.193.100.107', 1, 0, '2017-09-12 00:29:03', 'News.php?search_box=%D9%84%D9%88%D8%A7%D8%B2%D9%85'),
(1186, '82.193.100.107', 1, 0, '2017-09-12 00:29:05', 'News.php?search_box=%D9%88%D8%A8%20%D8%B3%D8%A7%DB%8C%D8%AA'),
(1187, '82.193.100.107', 1, 0, '2017-09-12 00:29:10', 'News.php?search_box=%DA%A9%D9%88%D8%AF%DA%A9'),
(1188, '66.249.64.156', 1, 173, '2017-09-12 01:24:07', 'Post.php?id=173'),
(1189, '66.249.64.156', 1, 0, '2017-09-12 01:28:24', 'Products.php?protocol=3'),
(1190, '51.255.65.19', 1, 0, '2017-09-12 01:57:43', 'Compare.php'),
(1191, '38.145.91.131', 1, 0, '2017-09-12 04:59:52', ''),
(1192, '52.50.229.229', 1, 0, '2017-09-12 05:16:17', ''),
(1193, '66.249.64.154', 1, 0, '2017-09-12 05:29:02', 'News.php?news=11'),
(1194, '66.249.64.154', 1, 0, '2017-09-12 05:49:25', 'Products.php?spid=5'),
(1195, '66.249.64.156', 1, 0, '2017-09-12 07:28:38', 'index.php?page=shop.product_details&product_id=91&flypage=flypage.tpl&pop=0&option=com_virtuemart&Itemid=80'),
(1196, '66.249.64.149', 1, 0, '2017-09-12 07:32:40', 'Products.php?tid=20'),
(1197, '66.249.64.154', 1, 180, '2017-09-12 07:38:06', 'Post.php?id=180'),
(1198, '66.249.64.154', 1, 0, '2017-09-12 07:43:33', 'index.php?page=shop.product_details&flypage=flypage.tpl&product_id=105&category_id=32&option=com_virtuemart&Itemid=80'),
(1199, '216.244.66.233', 1, 0, '2017-09-12 07:57:14', 'Products.php?sbid=13'),
(1200, '5.117.1.18', 1, 0, '2017-09-12 08:44:41', 'News.php?news=14'),
(1201, '216.244.66.233', 1, 0, '2017-09-12 08:51:31', 'textpost.php?fid=7'),
(1202, '66.249.64.158', 1, 156, '2017-09-12 08:54:37', 'Post.php?id=156'),
(1203, '216.244.66.233', 1, 0, '2017-09-12 09:16:14', 'Products.php?sbid=10'),
(1204, '216.244.66.233', 1, 0, '2017-09-12 09:16:19', 'Products.php?spid=5'),
(1205, '66.249.64.158', 1, 103, '2017-09-12 09:19:59', 'Post.php?id=103'),
(1206, '66.249.64.156', 1, 164, '2017-09-12 09:36:17', 'Post.php?id=164'),
(1207, '66.249.64.156', 1, 70, '2017-09-12 09:40:21', 'Post.php?id=70'),
(1208, '37.148.12.157', 1, 0, '2017-09-12 09:46:01', ''),
(1209, '66.249.64.158', 1, 105, '2017-09-12 09:51:14', 'Post.php?id=105'),
(1210, '66.249.64.156', 1, 189, '2017-09-12 09:52:35', 'Post.php?id=189'),
(1211, '157.55.39.37', 1, 0, '2017-09-12 10:30:27', ''),
(1212, '66.249.64.158', 1, 0, '2017-09-12 11:35:56', 'index.php?page=shop.product_details&product_id=96&flypage=flypage.tpl&pop=0&option=com_virtuemart&Itemid=80'),
(1213, '216.244.66.233', 1, 0, '2017-09-12 11:43:01', 'Products.php?sbid=16'),
(1214, '216.244.66.233', 1, 0, '2017-09-12 11:43:33', 'Products.php?sbid=21'),
(1215, '217.182.132.146', 1, 261, '2017-09-12 12:50:45', 'Post.php?id=261'),
(1216, '37.148.12.157', 1, 0, '2017-09-12 14:16:13', 'index.php'),
(1217, '37.148.12.157', 1, 0, '2017-09-12 14:26:24', 'Products.php?sbgroup=7'),
(1218, '37.148.12.157', 1, 59, '2017-09-12 14:27:59', 'Post.php?id=59'),
(1219, '37.148.12.157', 1, 0, '2017-09-12 14:43:01', 'Products.php?spgroup=15'),
(1220, '37.148.12.157', 1, 0, '2017-09-12 14:43:28', 'Products.php?spgroup=14'),
(1221, '37.148.12.157', 1, 0, '2017-09-12 14:43:54', 'Products.php?spgroup=13'),
(1222, '37.148.12.157', 1, 0, '2017-09-12 14:45:24', 'Products.php?spgroup=10'),
(1223, '37.148.12.157', 1, 0, '2017-09-12 14:45:59', 'Products.php?spgroup=3'),
(1224, '216.244.66.233', 1, 46, '2017-09-12 14:50:32', 'Post.php?id=46'),
(1225, '37.148.12.157', 1, 0, '2017-09-12 14:50:45', 'Products.php?spgroup=8'),
(1226, '37.148.12.157', 1, 0, '2017-09-12 14:51:25', 'Products.php?spgroup=11'),
(1227, '37.148.12.157', 1, 0, '2017-09-12 14:51:51', 'Products.php?spgroup=9'),
(1228, '37.148.12.157', 1, 0, '2017-09-12 14:52:28', 'Products.php?spgroup=16'),
(1229, '37.148.12.157', 1, 0, '2017-09-12 14:54:33', 'Products.php?spgroup=17'),
(1230, '216.244.66.233', 1, 261, '2017-09-12 16:19:56', 'Post.php?id=261'),
(1231, '5.122.226.10', 1, 0, '2017-09-12 17:18:07', ''),
(1232, '151.243.28.197', 1, 0, '2017-09-12 17:51:32', ''),
(1233, '5.122.226.228', 1, 0, '2017-09-12 18:01:46', ''),
(1234, '127.0.0.1', 1, 0, '2017-09-12 18:13:59', ''),
(1235, '127.0.0.1', 1, 35, '2017-09-12 18:15:24', 'Post.php?id=35'),
(1236, '51.255.71.133', 1, 44, '2017-09-12 18:23:55', 'Post.php?id=44'),
(1237, '51.255.65.84', 1, 0, '2017-09-12 20:27:49', 'textpost.php?fid=9'),
(1238, '5.122.226.228', 1, 0, '2017-09-12 20:40:41', 'index.php'),
(1239, '217.182.132.81', 1, 13, '2017-09-12 21:50:36', 'Post.php?id=13'),
(1240, '66.249.64.158', 1, 0, '2017-09-12 22:45:18', 'Products.php?tid=27'),
(1241, '66.249.64.156', 1, 0, '2017-09-13 00:21:23', 'Products.php?tid=27'),
(1242, '164.132.161.51', 1, 0, '2017-09-13 00:33:39', 'Products.php?tid=1'),
(1243, '46.224.224.86', 1, 0, '2017-09-13 00:37:00', ''),
(1244, '157.55.39.222', 1, 0, '2017-09-13 01:19:54', ''),
(1245, '164.132.161.77', 1, 0, '2017-09-13 01:36:29', 'Compare.php'),
(1246, '216.244.66.233', 1, 0, '2017-09-13 01:37:24', 'Products.php?spid=10'),
(1247, '216.244.66.233', 1, 0, '2017-09-13 02:07:29', 'Products.php?spid=9'),
(1248, '216.244.66.233', 1, 0, '2017-09-13 03:51:10', 'Products.php?tid=6'),
(1249, '66.249.64.154', 1, 0, '2017-09-13 03:53:04', 'News.php?search_box=5%20%D8%B1%D8%A7%D9%87%DA%A9%D8%A7%D8%B1%20%D8%A8%D8%B1%D8%A7%DB%8C%20%D8%AA%D8%A8%D8%AF%DB%8C%D9%84%20%D8%A7%D8%B4%D8%AA%D8%A8%D8%A7%D9%87%D8%A7%D8%AA%20%D8%A8%D9%87%20%D8%AF%D8%B1%D8%B3%20%D9%87%D8%A7%DB%8C%20%D8%A7%D8%B1%D8%B2%D8%B4%D9%85%D9%86%D8%AF%20%D8%B2%D9%86%D8%AF%DA%AF%DB%8C%20%20%20%20%D8%A8%D9%87%20%D8%A7%D8%B4%D8%AA%D8%A8%D8%A7%D9%87%20%D8%AE%D9%88%D8%AF%20%D8%A7%D8%B9%D8%AA%D8%B1%D8%A7%D9%81%20%DA%A9%D9%86%DB%8C%D8%AF%20%20%D8%A7%D8%B2%20%D8%AE%D9%88%D8%AF%D8%A'),
(1250, '51.255.71.115', 1, 0, '2017-09-13 07:09:16', 'News.php?search_box=-%D8%A8%D9%87%D8%AF%D8%A7%D8%B4%D8%AA%DB%8C'),
(1251, '164.132.161.83', 1, 0, '2017-09-13 07:51:10', 'News.php?search_box=-%D8%AD%D9%85%D8%A7%D9%85'),
(1252, '5.122.226.10', 1, 0, '2017-09-13 10:11:12', ''),
(1253, '137.74.201.108', 1, 45, '2017-09-13 10:21:19', 'Post.php?id=45'),
(1254, '216.244.66.233', 1, 33, '2017-09-13 11:13:14', 'Post.php?id=33'),
(1255, '188.209.152.246', 1, 0, '2017-09-13 11:37:17', 'News.php?news=14'),
(1256, '217.182.132.83', 1, 50, '2017-09-13 14:05:46', 'Post.php?id=50'),
(1257, '157.55.39.253', 1, 0, '2017-09-13 15:36:17', ''),
(1258, '217.182.132.96', 1, 0, '2017-09-13 16:07:11', 'News.php?search_box=-%D9%BE%D9%88%D8%B4%D8%A7%DA%A9'),
(1259, '164.132.161.85', 1, 54, '2017-09-13 16:31:40', 'Post.php?id=54'),
(1260, '151.245.73.36', 1, 0, '2017-09-13 16:46:01', ''),
(1261, '216.244.66.233', 1, 0, '2017-09-13 16:52:34', 'Products.php?spid=18'),
(1262, '139.59.210.13', 1, 0, '2017-09-13 17:10:06', ''),
(1263, '5.122.210.130', 1, 0, '2017-09-13 17:19:55', 'index.php'),
(1264, '5.122.210.130', 1, 0, '2017-09-13 17:20:39', 'Products.php?spgroup=3'),
(1265, '5.122.210.130', 1, 45, '2017-09-13 17:22:52', 'Post.php?id=45'),
(1266, '139.59.210.13', 1, 0, '2017-09-13 17:41:46', 'Products.php'),
(1267, '139.59.210.13', 1, 0, '2017-09-13 17:42:21', 'Products.php?search_box=%D9%87%D8%AF%D9%81%D9%88%D9%86'),
(1268, '139.59.210.13', 1, 0, '2017-09-13 17:42:35', 'Products.php?sbgid=17'),
(1269, '139.59.210.13', 1, 0, '2017-09-13 17:42:48', 'Products.php?spgroup=17'),
(1270, '139.59.210.13', 1, 0, '2017-09-13 17:43:11', 'Products.php?search_box=%D9%87%D8%AF%D9%81%D9%86'),
(1271, '51.255.65.89', 1, 0, '2017-09-13 17:46:28', 'News.php?search_box=-%D8%B3%D8%B1%D9%88%DB%8C%D8%B3%20'),
(1272, '164.132.161.76', 1, 0, '2017-09-13 18:09:41', 'News.php?search_box=%20%D9%81%D9%84%D8%B4'),
(1273, '216.244.66.233', 1, 0, '2017-09-13 19:03:45', 'Products.php'),
(1274, '51.255.65.27', 1, 11, '2017-09-13 20:58:33', 'Post.php?id=11'),
(1275, '216.244.66.233', 1, 0, '2017-09-13 21:23:12', 'Products.php?sbid=17'),
(1276, '164.132.161.26', 1, 62, '2017-09-13 21:54:54', 'Post.php?id=62'),
(1277, '51.255.65.66', 1, 35, '2017-09-13 22:01:16', 'Post.php?id=35'),
(1278, '51.255.65.32', 1, 0, '2017-09-13 22:44:05', 'News.php?news=9'),
(1279, '51.255.65.43', 1, 4, '2017-09-13 23:15:51', 'Post.php?id=4'),
(1280, '217.182.132.37', 1, 0, '2017-09-13 23:52:07', 'News.php?search_box=%20%20%D9%84%DB%8C%D8%B3%D8%AA%20');
INSERT INTO `stats` (`StatId`, `UserIP`, `Visit`, `Product`, `Date`, `Page`) VALUES
(1281, '139.59.210.13', 1, 62, '2017-09-14 01:18:00', 'Post.php?id=62'),
(1282, '139.59.210.13', 1, 0, '2017-09-14 01:19:05', 'Products.php?sbgroup=12'),
(1283, '139.59.210.13', 1, 0, '2017-09-14 01:19:44', 'Products.php?search_box=%D9%87%D8%AF%D9%81%D9%86'),
(1284, '139.59.210.13', 1, 0, '2017-09-14 01:20:41', 'Products.php?sbgroup=6'),
(1285, '139.59.210.13', 1, 0, '2017-09-14 01:21:03', 'Products.php?sbgroup=7'),
(1286, '139.59.210.13', 1, 0, '2017-09-14 01:21:28', 'Products.php?spgroup=31'),
(1287, '139.59.210.13', 1, 0, '2017-09-14 01:22:21', 'Products.php?spgroup=54'),
(1288, '139.59.210.13', 1, 0, '2017-09-14 01:22:46', 'Products.php?spgroup=36'),
(1289, '139.59.210.13', 1, 0, '2017-09-14 01:23:20', 'Products.php?spgroup=20'),
(1290, '157.55.39.253', 1, 0, '2017-09-14 01:48:51', ''),
(1291, '164.132.161.77', 1, 0, '2017-09-14 02:27:42', 'News.php?search_box=%D9%84%D9%88%D8%A7%D8%B2%D9%85%20'),
(1292, '51.255.65.38', 1, 0, '2017-09-14 03:15:21', 'News.php?search_box=%20%D8%A8%D9%87%20%D9%BE%D8%A7%DB%8C%D8%A7%D9%86%20%D8%B1%D8%A7%D9%87%20%D8%AE%D9%88%D8%AF%20%D8%B1%D8%B3%DB%8C%D8%AF%D9%87%20%D8%A7%D8%B3%D8%AA%20%D9%88%20%D8%A7%DB%8C%D9%86%20%DA%A9%D9%85%D9%BE%D8%A7%D9%86%DB%8C%20%D9%BE%D8%B3%20%D8%A7%D8%B2%20%D8%B3%D8%A7%D9%84%202020%20%D9%85%DB%8C%D9%84%D8%A7%D8%AF%DB%8C%20%D8%AF%DB%8C%DA%AF%D8%B1%20%D8%A8%D9%87%20%D9%BE%D8%B4%D8%AA%DB%8C%D8%A8%D8%A7%D9%86%DB%8C%20%D8%A7%D8%B2%20%D8%A7%DB%8C%D9%86%20%D8%B3%DB%8C%D8%B3%D8%AA%D9%85%20%D8%A'),
(1293, '164.132.161.46', 1, 33, '2017-09-14 03:47:48', 'Post.php?id=33'),
(1294, '51.255.65.224', 1, 0, '2017-09-14 05:11:36', 'News.php?search_box=%DA%A9%D9%88%D8%AF%DA%A9'),
(1295, '51.255.65.33', 1, 46, '2017-09-14 06:25:09', 'Post.php?id=46'),
(1296, '51.255.65.27', 1, 43, '2017-09-14 06:57:25', 'Post.php?id=43'),
(1297, '51.255.65.43', 1, 0, '2017-09-14 07:23:30', 'News.php?search_box=%D8%B3%DB%8C%D8%B3%D9%85%D9%88%D9%86%DB%8C'),
(1298, '51.255.65.38', 1, 0, '2017-09-14 07:46:19', 'News.php?news=13'),
(1299, '164.132.161.67', 1, 0, '2017-09-14 09:29:16', 'News.php?news=8'),
(1300, '51.255.71.121', 1, 0, '2017-09-14 09:50:14', 'News.php?search_box=%D8%AC%D9%81%20%D8%A8%D8%B2%D9%88%D8%B3%D8%8C%E2%80%8C%20%D9%85%D8%AF%DB%8C%D8%B1%D8%B9%D8%A7%D9%85%D9%84%20%D8%AB%D8%B1%D9%88%D8%AA%D9%85%D9%86%D8%AF%20%D8%A2%D9%85%D8%A7%D8%B2%D9%88%D9%86%20%D8%B3%D8%B1%D9%85%D8%A7%DB%8C%D9%87%20%D8%AE%D9%88%D8%AF%20%D8%B1%D8%A7%20%DA%86%D8%B7%D9%88%D8%B1%20%D8%AE%D8%B1%D8%AC%20%D9%85%DB%8C%20%DA%A9%D9%86%D8%AF%D8%9F%20%20%D8%A8%D8%B2%D9%88%D8%B3%20%D8%AF%D8%B1%20%D9%BE%D8%A7%DB%8C%D8%A7%D9%86%20%D8%B1%D9%88%D8%B2%20%D8%A8%D8%A7%20%D8%AB%D8'),
(1301, '195.154.173.103', 1, 0, '2017-09-14 10:34:19', ''),
(1302, '66.249.73.154', 1, 0, '2017-09-14 11:17:25', 'Products.php?spgroup=23'),
(1303, '66.249.73.154', 1, 16, '2017-09-14 11:19:01', 'Post.php?id=16'),
(1304, '217.182.132.81', 1, 0, '2017-09-14 11:43:44', 'News.php?search_box=%D8%A7%DB%8C%D8%AF%D9%87%20%D8%AA%D8%A7%D9%86%20%D8%B1%D8%A7%20%D9%85%D8%AD%DA%A9%20%D8%A8%D8%B2%D9%86%DB%8C%D8%AF%20%D8%A7%D8%B3%D9%85%20%D8%A7%D9%86%D8%AA%D8%AE%D8%A7%D8%A8%20%DA%A9%D9%86%DB%8C%D8%AF%20%20%D8%A8%D8%B1%D9%86%D8%A7%D9%85%D9%87%20%D8%B1%DB%8C%D8%B2%DB%8C%20%DA%A9%D9%86%DB%8C%D8%AF%20%D8%B3%D8%B1%D9%85%D8%A7%DB%8C%D9%87%20%DA%AF%D8%B0%D8%A7%D8%B1%20%D9%BE%DB%8C%D8%AF%D8%A7%20%DA%A9%D9%86%DB%8C%D8%AF%20%DA%A9%D8%A7%D8%B1%D9%87%D8%A7%DB%8C%20%D8%A7%D8%AF%D8%A7%D8'),
(1305, '5.121.22.168', 1, 0, '2017-09-14 11:50:17', ''),
(1306, '5.121.22.168', 1, 0, '2017-09-14 11:52:48', 'Products.php?sbgroup=6'),
(1307, '5.121.22.168', 1, 0, '2017-09-14 11:52:58', 'Products.php?tid=26'),
(1308, '5.121.22.168', 1, 46, '2017-09-14 11:53:42', 'Post.php?id=46'),
(1309, '5.121.22.168', 1, 0, '2017-09-14 11:54:11', 'Products.php?sbgroup=12'),
(1310, '5.121.22.168', 1, 0, '2017-09-14 11:54:22', 'Products.php?sbgroup=1'),
(1311, '5.121.22.168', 1, 0, '2017-09-14 11:54:35', 'Products.php?sbgroup=11'),
(1312, '5.122.226.228', 1, 0, '2017-09-14 12:18:41', 'index.php'),
(1313, '5.122.226.228', 1, 0, '2017-09-14 12:18:51', 'Compare.php'),
(1314, '192.30.138.82', 1, 0, '2017-09-14 12:19:36', ''),
(1315, '217.182.132.17', 1, 0, '2017-09-14 12:34:33', 'Products.php'),
(1316, '66.249.73.156', 1, 0, '2017-09-14 12:49:49', 'Products.php?sbid=53'),
(1317, '46.21.86.141', 1, 0, '2017-09-14 12:50:49', ''),
(1318, '66.249.65.119', 1, 0, '2017-09-14 12:57:56', 'Products.php?spgroup=21'),
(1319, '217.182.132.82', 1, 0, '2017-09-14 13:15:22', 'Products.php?spgroup=23'),
(1320, '51.255.65.92', 1, 0, '2017-09-14 13:23:34', 'News.php'),
(1321, '217.182.132.64', 1, 0, '2017-09-14 13:35:03', 'News.php?search_box=%D8%B4%D8%B1%DA%A9%D8%AA%20'),
(1322, '216.244.66.233', 1, 100, '2017-09-14 13:36:32', 'Post.php?id=100'),
(1323, '66.249.65.142', 1, 0, '2017-09-14 14:20:40', 'Products.php?sbid=51'),
(1324, '217.182.132.173', 1, 0, '2017-09-14 14:23:37', 'News.php?search_box=%D8%AD%D9%85%D9%84'),
(1325, '157.55.39.215', 1, 0, '2017-09-14 15:12:35', ''),
(1326, '5.122.226.228', 1, 0, '2017-09-14 15:19:38', ''),
(1327, '151.245.107.232', 1, 0, '2017-09-14 15:26:10', ''),
(1328, '5.122.226.228', 1, 14, '2017-09-14 15:39:32', 'Post.php?id=14'),
(1329, '66.249.65.140', 1, 182, '2017-09-14 16:51:37', 'Post.php?id=182'),
(1330, '66.249.65.144', 1, 189, '2017-09-14 16:58:08', 'Post.php?id=189'),
(1331, '51.255.65.33', 1, 18, '2017-09-14 17:16:59', 'Post.php?id=18'),
(1332, '66.249.65.140', 1, 61, '2017-09-14 17:29:05', 'Post.php?id=61'),
(1333, '5.122.226.228', 1, 287, '2017-09-14 17:31:03', 'Post.php?id=287'),
(1334, '5.122.226.228', 1, 0, '2017-09-14 17:32:33', 'Products.php?spgroup=20'),
(1335, '5.122.226.228', 1, 0, '2017-09-14 17:32:50', 'Products.php?sbgroup=5'),
(1336, '5.122.226.228', 1, 0, '2017-09-14 17:32:58', 'Products.php?spgroup=21'),
(1337, '5.122.226.228', 1, 0, '2017-09-14 17:42:59', 'Purchase.php'),
(1338, '66.249.66.28', 1, 188, '2017-09-14 18:02:12', 'Post.php?id=188'),
(1339, '217.182.132.72', 1, 0, '2017-09-14 18:50:02', 'News.php?search_box=%20%D9%BE%D9%84%DB%8C%D8%B1'),
(1340, '66.249.66.26', 1, 0, '2017-09-14 18:52:10', 'index.php?page=shop.product_details&product_id=72&flypage=flypage.tpl&pop=0&option=com_virtuemart&Itemid=80'),
(1341, '66.249.66.28', 1, 284, '2017-09-14 18:53:42', 'Post.php?id=284'),
(1342, '217.60.76.70', 1, 0, '2017-09-14 18:54:35', ''),
(1343, '51.255.65.224', 1, 0, '2017-09-14 18:59:40', 'Products.php?BestSellers'),
(1344, '164.132.161.3', 1, 0, '2017-09-14 19:06:22', 'News.php?search_box=-%D8%AE%D9%88%D8%A7%D8%A8-'),
(1345, '66.249.66.28', 1, 173, '2017-09-14 19:26:22', 'Post.php?id=173'),
(1346, '51.255.65.32', 1, 0, '2017-09-14 19:29:45', 'News.php?search_box=%D8%A7%DB%8C%D9%85%D9%86%DB%8C%20'),
(1347, '176.221.31.139', 1, 0, '2017-09-14 20:04:44', ''),
(1348, '176.221.31.139', 1, 285, '2017-09-14 20:06:04', 'Post.php?id=285'),
(1349, '176.221.31.139', 1, 0, '2017-09-14 20:06:37', 'index.php'),
(1350, '176.221.31.139', 1, 0, '2017-09-14 20:08:10', 'Products.php?sbgroup=7'),
(1351, '176.221.31.139', 1, 0, '2017-09-14 20:08:11', 'Products.php?spgroup=29'),
(1352, '176.221.31.139', 1, 0, '2017-09-14 20:08:12', 'Products.php?spgroup=31'),
(1353, '176.221.31.139', 1, 0, '2017-09-14 20:08:13', 'Products.php?spgroup=33'),
(1354, '176.221.31.139', 1, 0, '2017-09-14 20:08:29', 'Products.php?spgroup=3'),
(1355, '176.221.31.139', 1, 0, '2017-09-14 20:08:47', 'Products.php?sbgroup=3'),
(1356, '176.221.31.139', 1, 0, '2017-09-14 20:09:43', 'Products.php?spgroup=20'),
(1357, '176.221.31.139', 1, 262, '2017-09-14 20:10:04', 'Post.php?id=262'),
(1358, '176.221.31.139', 1, 0, '2017-09-14 20:11:52', 'Purchase.php'),
(1359, '176.221.31.139', 1, 0, '2017-09-14 20:13:27', 'VerifyPayment.php?Authority=000000000000000000000000000053254916&Status=NOK'),
(1360, '176.221.31.139', 1, 0, '2017-09-14 20:21:46', 'Products.php?spgroup=21'),
(1361, '66.249.66.26', 1, 176, '2017-09-14 20:26:38', 'Post.php?id=176'),
(1362, '217.182.132.16', 1, 0, '2017-09-14 21:34:35', 'News.php?search_box=%D8%AA%D8%BA%D8%B0%DB%8C%D9%87%20'),
(1363, '5.122.226.228', 1, 0, '2017-09-14 21:44:08', 'Products.php?MostPopular'),
(1364, '5.122.226.228', 1, 0, '2017-09-14 21:57:53', 'Products.php'),
(1365, '149.154.167.163', 1, 0, '2017-09-14 21:58:28', 'Products.php'),
(1366, '149.154.167.162', 1, 0, '2017-09-14 21:59:37', 'Products.php?MostPopular'),
(1367, '217.182.132.174', 1, 0, '2017-09-14 22:07:22', 'News.php?search_box=5%20%D8%B1%D8%A7%D9%87%DA%A9%D8%A7%D8%B1%20%D8%A8%D8%B1%D8%A7%DB%8C%20%D8%AA%D8%A8%D8%AF%DB%8C%D9%84%20%D8%A7%D8%B4%D8%AA%D8%A8%D8%A7%D9%87%D8%A7%D8%AA%20%D8%A8%D9%87%20%D8%AF%D8%B1%D8%B3%20%D9%87%D8%A7%DB%8C%20%D8%A7%D8%B1%D8%B2%D8%B4%D9%85%D9%86%D8%AF%20%D8%B2%D9%86%D8%AF%DA%AF%DB%8C%20%20%20%20%D8%A8%D9%87%20%D8%A7%D8%B4%D8%AA%D8%A8%D8%A7%D9%87%20%D8%AE%D9%88%D8%AF%20%D8%A7%D8%B9%D8%AA%D8%B1%D8%A7%D9%81%20%DA%A9%D9%86%DB%8C%D8%AF%20%20%D8%A7%D8%B2%20%D8%AE%D9%88%D8%AF%D8%A'),
(1368, '89.198.155.247', 1, 0, '2017-09-14 22:09:24', ''),
(1369, '217.60.76.70', 1, 0, '2017-09-14 22:14:44', 'Products.php'),
(1370, '217.60.76.70', 1, 0, '2017-09-14 22:14:48', 'Products.php?MostPopular'),
(1371, '5.122.226.228', 1, 44, '2017-09-14 22:46:51', 'Post.php?id=44'),
(1372, '5.122.226.228', 1, 315, '2017-09-14 22:50:57', 'Post.php?id=315'),
(1373, '5.122.226.228', 1, 307, '2017-09-14 22:57:13', 'Post.php?id=307'),
(1374, '5.122.226.228', 1, 0, '2017-09-14 23:00:00', 'Products.php?search_box=%DA%A9%D8%A7%D8%A8%D9%84'),
(1375, '5.122.226.228', 1, 279, '2017-09-14 23:01:29', 'Post.php?id=279'),
(1376, '217.60.76.70', 1, 0, '2017-09-14 23:02:24', 'Products.php?spgroup=16'),
(1377, '217.60.76.70', 1, 13, '2017-09-14 23:02:27', 'Post.php?id=13'),
(1378, '217.60.76.70', 1, 0, '2017-09-14 23:06:24', 'UserProfile.php'),
(1379, '217.60.76.70', 1, 0, '2017-09-14 23:06:28', 'index.php'),
(1380, '164.132.161.52', 1, 0, '2017-09-14 23:21:46', 'Products.php?special_offers=1'),
(1381, '164.132.161.9', 1, 0, '2017-09-14 23:38:39', 'News.php?news=3'),
(1382, '164.132.161.10', 1, 0, '2017-09-15 00:32:28', 'Products.php?spgroup=10'),
(1383, '164.132.161.43', 1, 0, '2017-09-15 02:06:02', 'News.php?search_box=-%D8%A7%D8%B3%D8%A8%D8%A7%D8%A8%20%D8%A8%D8%A7%D8%B2%DB%8C'),
(1384, '89.198.155.247', 1, 0, '2017-09-15 02:20:06', ''),
(1385, '157.55.39.215', 1, 0, '2017-09-15 03:51:04', ''),
(1386, '137.74.207.164', 1, 2, '2017-09-15 07:43:30', 'Post.php?id=2'),
(1387, '5.122.226.228', 1, 0, '2017-09-15 08:48:37', 'index.php'),
(1388, '5.122.226.228', 1, 0, '2017-09-15 08:48:52', 'Products.php'),
(1389, '5.122.226.228', 1, 0, '2017-09-15 08:49:25', 'Products.php?spgroup=35'),
(1390, '217.182.132.52', 1, 9, '2017-09-15 08:51:39', 'Post.php?id=9'),
(1391, '66.249.66.28', 1, 0, '2017-09-15 08:56:52', ''),
(1392, '216.244.66.233', 1, 50, '2017-09-15 09:26:45', 'Post.php?id=50'),
(1393, '5.122.226.228', 1, 279, '2017-09-15 09:31:41', 'Post.php?id=279'),
(1394, '66.249.66.22', 1, 0, '2017-09-15 10:31:04', ''),
(1395, '66.249.66.27', 1, 0, '2017-09-15 10:41:59', 'Products.php?tid=20'),
(1396, '217.182.132.174', 1, 5, '2017-09-15 10:46:32', 'Post.php?id=5'),
(1397, '66.249.66.21', 1, 0, '2017-09-15 11:35:57', ''),
(1398, '66.249.66.28', 1, 0, '2017-09-15 12:26:13', 'Products.php?protocol=3'),
(1399, '66.249.66.28', 1, 0, '2017-09-15 12:28:17', 'index.php?page=shop.product_details&category_id=48&flypage=flypage.tpl&product_id=60&option=com_virtuemart&Itemid=80'),
(1400, '66.249.66.20', 1, 301, '2017-09-15 12:33:44', 'Post.php?id=301'),
(1401, '66.249.66.20', 1, 311, '2017-09-15 12:58:56', 'Post.php?id=311'),
(1402, '66.249.66.27', 1, 315, '2017-09-15 13:00:09', 'Post.php?id=315'),
(1403, '66.249.66.26', 1, 0, '2017-09-15 13:02:01', 'Products.php?spgroup=40'),
(1404, '66.249.66.27', 1, 0, '2017-09-15 13:03:35', ''),
(1405, '66.249.66.27', 1, 0, '2017-09-15 13:30:55', 'Purchase.php'),
(1406, '66.249.66.27', 1, 0, '2017-09-15 13:52:24', 'Products.php?MostPopular'),
(1407, '66.249.66.27', 1, 271, '2017-09-15 14:00:40', 'Post.php?id=271'),
(1408, '66.249.66.28', 1, 32, '2017-09-15 14:03:16', 'Post.php?id=32'),
(1409, '66.249.66.26', 1, 0, '2017-09-15 14:07:53', 'textpost.php?fid=2'),
(1410, '66.249.66.26', 1, 272, '2017-09-15 14:09:45', 'Post.php?id=272'),
(1411, '66.249.66.28', 1, 287, '2017-09-15 14:12:18', 'Post.php?id=287'),
(1412, '66.249.66.27', 1, 277, '2017-09-15 14:16:18', 'Post.php?id=277'),
(1413, '66.249.66.26', 1, 0, '2017-09-15 14:19:22', 'News.php?news=9'),
(1414, '66.249.66.27', 1, 280, '2017-09-15 14:21:18', 'Post.php?id=280'),
(1415, '66.249.66.28', 1, 276, '2017-09-15 14:21:18', 'Post.php?id=276'),
(1416, '66.249.66.27', 1, 262, '2017-09-15 14:21:23', 'Post.php?id=262'),
(1417, '66.249.66.27', 1, 286, '2017-09-15 14:25:11', 'Post.php?id=286'),
(1418, '66.249.66.27', 1, 296, '2017-09-15 14:26:31', 'Post.php?id=296'),
(1419, '66.249.66.28', 1, 301, '2017-09-15 14:26:31', 'Post.php?id=301'),
(1421, '66.249.66.26', 1, 316, '2017-09-15 14:26:56', 'Post.php?id=316'),
(1422, '66.249.66.26', 1, 292, '2017-09-15 14:27:26', 'Post.php?id=292'),
(1423, '66.249.66.27', 1, 295, '2017-09-15 14:27:27', 'Post.php?id=295'),
(1424, '66.249.66.26', 1, 307, '2017-09-15 14:27:39', 'Post.php?id=307'),
(1425, '66.249.66.28', 1, 291, '2017-09-15 14:28:04', 'Post.php?id=291'),
(1426, '66.249.66.27', 1, 297, '2017-09-15 14:28:38', 'Post.php?id=297'),
(1427, '66.249.66.26', 1, 313, '2017-09-15 14:29:15', 'Post.php?id=313'),
(1428, '66.249.66.26', 1, 311, '2017-09-15 14:29:35', 'Post.php?id=311'),
(1429, '66.249.66.26', 1, 300, '2017-09-15 14:29:47', 'Post.php?id=300'),
(1430, '66.249.66.26', 1, 274, '2017-09-15 14:30:11', 'Post.php?id=274'),
(1431, '66.249.66.27', 1, 302, '2017-09-15 14:30:23', 'Post.php?id=302'),
(1432, '66.249.66.28', 1, 290, '2017-09-15 14:37:43', 'Post.php?id=290'),
(1433, '66.249.66.26', 1, 265, '2017-09-15 14:47:54', 'Post.php?id=265'),
(1434, '66.249.66.27', 1, 267, '2017-09-15 14:53:00', 'Post.php?id=267'),
(1435, '66.249.66.28', 1, 289, '2017-09-15 14:53:00', 'Post.php?id=289'),
(1436, '66.249.66.27', 1, 269, '2017-09-15 15:53:59', 'Post.php?id=269'),
(1437, '217.182.132.33', 1, 0, '2017-09-15 15:57:14', 'Products.php?spgroup=9'),
(1439, '216.244.66.233', 1, 44, '2017-09-15 16:26:48', 'Post.php?id=44'),
(1440, '66.249.66.28', 1, 282, '2017-09-15 16:29:11', 'Post.php?id=282'),
(1441, '66.249.66.27', 1, 278, '2017-09-15 16:29:39', 'Post.php?id=278'),
(1442, '66.249.66.26', 1, 314, '2017-09-15 16:35:15', 'Post.php?id=314'),
(1443, '66.249.66.22', 1, 0, '2017-09-15 16:45:21', 'Products.php?tid=18'),
(1444, '66.249.66.28', 1, 0, '2017-09-15 16:49:41', 'Products.php?spgroup=59'),
(1445, '66.249.66.26', 1, 283, '2017-09-15 16:49:55', 'Post.php?id=283'),
(1446, '66.249.66.22', 1, 0, '2017-09-15 16:53:01', 'Products.php?MostPopular'),
(1447, '66.249.66.27', 1, 0, '2017-09-15 16:56:46', 'index.php?page=shop.product_details&category_id=48&flypage=flypage.tpl&product_id=60&option=com_virtuemart&Itemid=80'),
(1448, '51.255.65.7', 1, 0, '2017-09-15 17:01:19', 'News.php?search_box=%D8%AA%D8%B3%D8%AA'),
(1449, '66.249.66.26', 1, 0, '2017-09-15 17:05:18', 'Products.php?sbid=28'),
(1450, '66.249.66.26', 1, 0, '2017-09-15 17:28:30', ''),
(1451, '66.249.66.20', 1, 0, '2017-09-15 17:32:14', ''),
(1452, '66.249.64.154', 1, 0, '2017-09-15 17:42:35', ''),
(1453, '5.121.8.219', 1, 0, '2017-09-15 17:45:56', ''),
(1454, '5.121.8.219', 1, 0, '2017-09-15 17:46:47', 'Products.php?sbgroup=2'),
(1455, '5.121.8.219', 1, 0, '2017-09-15 17:46:54', 'Products.php?sbgroup=1'),
(1456, '5.121.8.219', 1, 0, '2017-09-15 17:47:02', 'Products.php?sbgroup=3'),
(1457, '5.121.8.219', 1, 0, '2017-09-15 17:47:30', 'index.php'),
(1458, '66.249.64.158', 1, 294, '2017-09-15 17:47:53', 'Post.php?id=294'),
(1459, '5.121.8.219', 1, 316, '2017-09-15 17:48:02', 'Post.php?id=316'),
(1460, '66.249.64.154', 1, 304, '2017-09-15 18:13:43', 'Post.php?id=304'),
(1461, '66.249.64.156', 1, 309, '2017-09-15 18:22:20', 'Post.php?id=309'),
(1462, '66.249.64.158', 1, 0, '2017-09-15 18:33:11', 'Products.php?spgroup=31'),
(1463, '216.244.66.233', 1, 0, '2017-09-15 18:36:17', 'Products.php?tid=1'),
(1464, '51.255.65.90', 1, 0, '2017-09-15 19:13:21', 'Products.php?spgroup=21'),
(1465, '66.249.64.154', 1, 288, '2017-09-15 19:13:52', 'Post.php?id=288'),
(1466, '66.249.64.156', 1, 264, '2017-09-15 19:14:02', 'Post.php?id=264'),
(1467, '217.182.132.88', 1, 0, '2017-09-15 19:32:33', 'Products.php?spgroup=28'),
(1468, '51.255.65.60', 1, 0, '2017-09-15 20:58:14', 'News.php?search_box=%20%D8%A7%D8%B9%D9%84%D8%A7%D9%85%20%DA%A9%D8%B1%D8%AF%D9%87%20%D8%A7%D8%B3%D8%AA%20%DA%A9%D9%87%20%D8%B3%D8%B1%D8%A7%D9%86%D8%AC%D8%A7%D9%85'),
(1469, '66.249.64.158', 1, 0, '2017-09-15 21:25:46', 'Products.php?spgroup=3'),
(1470, '51.255.65.81', 1, 0, '2017-09-15 21:26:04', 'News.php?search_box=%D8%A7%D8%AF%D9%88%D8%A8%DB%8C'),
(1471, '66.249.64.153', 1, 0, '2017-09-15 21:37:26', ''),
(1472, '66.249.64.149', 1, 0, '2017-09-15 21:37:44', ''),
(1473, '66.249.64.158', 1, 0, '2017-09-15 21:39:02', ''),
(1474, '66.249.64.158', 1, 312, '2017-09-15 21:46:21', 'Post.php?id=312'),
(1475, '66.249.64.156', 1, 4, '2017-09-15 21:50:01', 'Post.php?id=4'),
(1476, '66.249.64.158', 1, 285, '2017-09-15 22:11:43', 'Post.php?id=285'),
(1477, '109.162.245.57', 1, 10, '2017-09-15 22:26:50', 'Post.php?id=10'),
(1478, '66.249.64.156', 1, 0, '2017-09-15 22:36:19', 'index.php?page=shop.product_details&category_id=48&flypage=flypage.tpl&product_id=60&option=com_virtuemart&Itemid=80'),
(1479, '66.249.64.156', 1, 0, '2017-09-15 23:10:56', 'Products.php?sbid=8'),
(1480, '66.249.64.154', 1, 7, '2017-09-15 23:44:17', 'Post.php?id=7'),
(1481, '164.132.162.187', 1, 0, '2017-09-16 00:00:21', 'News.php?news=11'),
(1482, '66.249.64.156', 1, 0, '2017-09-16 00:00:24', ''),
(1483, '66.249.64.158', 1, 0, '2017-09-16 00:55:18', ''),
(1484, '66.249.64.149', 1, 0, '2017-09-16 00:55:27', ''),
(1485, '66.249.64.158', 1, 268, '2017-09-16 01:19:33', 'Post.php?id=268'),
(1486, '66.249.64.154', 1, 0, '2017-09-16 01:39:59', 'index.php?page=shop.product_details&category_id=48&flypage=flypage.tpl&product_id=60&option=com_virtuemart&Itemid=80'),
(1487, '66.249.64.151', 1, 0, '2017-09-16 02:23:23', ''),
(1488, '51.255.65.88', 1, 0, '2017-09-16 02:29:23', 'Products.php?spgroup=22'),
(1489, '66.249.64.154', 1, 0, '2017-09-16 02:54:02', ''),
(1490, '66.249.64.154', 1, 299, '2017-09-16 03:23:13', 'Post.php?id=299'),
(1491, '66.249.64.156', 1, 293, '2017-09-16 03:23:31', 'Post.php?id=293'),
(1493, '66.249.64.156', 1, 303, '2017-09-16 03:25:55', 'Post.php?id=303'),
(1494, '157.55.39.77', 1, 0, '2017-09-16 03:37:31', 'Products.php'),
(1495, '66.249.64.158', 1, 296, '2017-09-16 05:00:34', 'Post.php?id=296'),
(1496, '51.255.65.9', 1, 0, '2017-09-16 05:26:39', 'Products.php?spgroup=3'),
(1497, '66.249.64.156', 1, 0, '2017-09-16 05:40:25', 'Products.php?spgroup=52'),
(1498, '51.255.65.19', 1, 0, '2017-09-16 05:50:45', 'textpost.php?fid=17'),
(1499, '66.249.64.156', 1, 305, '2017-09-16 06:23:49', 'Post.php?id=305'),
(1500, '40.77.167.141', 1, 0, '2017-09-16 06:32:09', 'News.php'),
(1501, '157.55.39.215', 1, 0, '2017-09-16 07:04:16', ''),
(1502, '216.244.66.233', 1, 0, '2017-09-16 07:21:40', 'Products.php?sbid=13'),
(1503, '216.244.66.233', 1, 0, '2017-09-16 08:18:12', 'textpost.php?fid=7'),
(1504, '66.249.64.156', 1, 316, '2017-09-16 08:21:06', 'Post.php?id=316'),
(1505, '216.244.66.233', 1, 0, '2017-09-16 08:52:33', 'Products.php?sbid=10'),
(1506, '216.244.66.233', 1, 0, '2017-09-16 08:52:36', 'Products.php?spid=5'),
(1507, '66.249.64.156', 1, 314, '2017-09-16 09:06:30', 'Post.php?id=314'),
(1508, '37.148.27.21', 1, 0, '2017-09-16 09:26:42', ''),
(1509, '66.249.64.154', 1, 292, '2017-09-16 09:59:28', 'Post.php?id=292'),
(1510, '164.132.161.47', 1, 0, '2017-09-16 10:15:10', 'Products.php?spgroup=13'),
(1511, '216.244.66.233', 1, 0, '2017-09-16 11:24:22', 'Products.php?sbid=16'),
(1512, '216.244.66.233', 1, 0, '2017-09-16 11:24:27', 'Products.php?sbid=21'),
(1513, '217.60.76.70', 1, 0, '2017-09-16 11:30:48', ''),
(1514, '66.249.64.158', 1, 291, '2017-09-16 11:52:58', 'Post.php?id=291'),
(1515, '164.132.161.45', 1, 0, '2017-09-16 12:39:10', 'News.php?news=5'),
(1516, '216.244.66.233', 1, 46, '2017-09-16 14:48:33', 'Post.php?id=46'),
(1517, '37.148.15.215', 1, 0, '2017-09-16 15:42:04', 'index.php'),
(1518, '37.148.86.157', 1, 0, '2017-09-16 15:48:12', ''),
(1519, '37.148.86.157', 1, 307, '2017-09-16 15:52:51', 'Post.php?id=307'),
(1520, '216.244.66.233', 1, 261, '2017-09-16 16:25:38', 'Post.php?id=261'),
(1521, '5.121.16.205', 1, 0, '2017-09-16 17:40:29', ''),
(1522, '164.132.162.160', 1, 0, '2017-09-16 17:47:26', 'Products.php?spgroup=17'),
(1523, '64.246.165.50', 1, 0, '2017-09-16 18:14:28', ''),
(1524, '5.121.22.168', 1, 0, '2017-09-16 21:15:41', ''),
(1525, '5.121.22.168', 1, 59, '2017-09-16 21:17:06', 'Post.php?id=59'),
(1526, '5.121.22.168', 1, 0, '2017-09-16 21:20:33', 'index.php'),
(1527, '5.121.22.168', 1, 0, '2017-09-16 21:21:08', 'Products.php?tid=26'),
(1528, '51.255.65.31', 1, 0, '2017-09-16 21:32:03', 'News.php?news=7'),
(1529, '51.255.65.77', 1, 14, '2017-09-16 23:41:22', 'Post.php?id=14'),
(1530, '157.55.39.77', 1, 0, '2017-09-17 01:12:03', 'Compare.php'),
(1531, '157.55.39.215', 1, 0, '2017-09-17 01:51:43', ''),
(1532, '216.244.66.233', 1, 0, '2017-09-17 01:57:07', 'Products.php?spid=10'),
(1533, '216.244.66.233', 1, 0, '2017-09-17 02:24:20', 'Products.php?spid=9'),
(1534, '216.244.66.233', 1, 0, '2017-09-17 04:27:38', 'Products.php?tid=6'),
(1535, '51.255.65.84', 1, 0, '2017-09-17 06:52:28', 'News.php?news=10'),
(1536, '216.244.66.233', 1, 62, '2017-09-17 08:52:36', 'Post.php?id=62'),
(1537, '137.74.207.159', 1, 0, '2017-09-17 09:09:12', 'Products.php?spgroup=14'),
(1538, '217.60.77.238', 1, 0, '2017-09-17 09:55:50', ''),
(1539, '217.60.77.238', 1, 0, '2017-09-17 09:56:42', 'Products.php?sbgroup=7'),
(1540, '51.255.65.2', 1, 0, '2017-09-17 11:13:42', 'Products.php?spgroup='),
(1541, '217.60.77.238', 1, 0, '2017-09-17 11:19:48', 'index.php'),
(1542, '5.121.22.168', 1, 0, '2017-09-17 11:20:37', ''),
(1543, '5.121.22.168', 1, 59, '2017-09-17 11:22:17', 'Post.php?id=59'),
(1544, '5.121.22.168', 1, 0, '2017-09-17 11:22:42', 'Products.php?spgroup=8'),
(1545, '66.249.66.20', 1, 312, '2017-09-17 11:23:42', 'Post.php?id=312'),
(1546, '217.60.77.238', 1, 0, '2017-09-17 11:25:16', 'Products.php?spgroup=25'),
(1547, '217.60.77.238', 1, 0, '2017-09-17 11:25:31', 'Products.php?spgroup=50'),
(1548, '217.60.77.238', 1, 0, '2017-09-17 11:25:58', 'Products.php?spgroup=53'),
(1549, '217.60.77.238', 1, 313, '2017-09-17 11:36:37', 'Post.php?id=313'),
(1550, '217.60.77.238', 1, 0, '2017-09-17 11:44:30', 'textpost.php?fid=8'),
(1551, '217.60.77.238', 1, 0, '2017-09-17 11:45:26', 'index.php?sent=1'),
(1552, '164.132.161.34', 1, 0, '2017-09-17 12:00:06', 'Products.php?spgroup=20'),
(1553, '217.60.77.238', 1, 0, '2017-09-17 12:02:17', 'Products.php?spgroup=8'),
(1554, '216.244.66.233', 1, 33, '2017-09-17 12:14:48', 'Post.php?id=33'),
(1555, '217.60.77.238', 1, 0, '2017-09-17 12:24:49', 'textpost.php?fid=14'),
(1556, '217.60.77.238', 1, 0, '2017-09-17 12:29:46', 'Products.php?spgroup=16'),
(1557, '51.255.65.49', 1, 0, '2017-09-17 12:34:16', 'Products.php?MostPopular'),
(1558, '217.60.77.238', 1, 290, '2017-09-17 12:34:44', 'Post.php?id=290'),
(1559, '217.60.77.238', 1, 291, '2017-09-17 12:34:45', 'Post.php?id=291'),
(1560, '164.132.161.90', 1, 0, '2017-09-17 13:46:58', 'textpost.php?fid=2'),
(1561, '5.121.16.205', 1, 0, '2017-09-17 14:27:55', ''),
(1562, '217.60.76.70', 1, 0, '2017-09-17 14:42:49', ''),
(1563, '217.60.76.70', 1, 0, '2017-09-17 14:45:43', 'textpost.php?fid=14'),
(1564, '217.60.76.70', 1, 0, '2017-09-17 14:49:15', 'textpost.php?fid=8'),
(1566, '5.122.226.228', 1, 0, '2017-09-17 16:11:41', 'index.php'),
(1567, '5.122.226.228', 1, 0, '2017-09-17 16:15:48', 'Products.php?spgroup=16'),
(1568, '5.122.226.228', 1, 291, '2017-09-17 16:17:49', 'Post.php?id=291'),
(1569, '5.122.226.228', 1, 0, '2017-09-17 16:21:01', 'Products.php?search_box=acer'),
(1570, '51.255.65.79', 1, 12, '2017-09-17 17:17:05', 'Post.php?id=12'),
(1571, '77.88.5.30', 1, 0, '2017-09-17 17:32:10', ''),
(1572, '66.249.66.20', 1, 280, '2017-09-17 18:00:36', 'Post.php?id=280'),
(1573, '5.122.226.228', 1, 0, '2017-09-17 19:34:36', 'Products.php?tid=26'),
(1574, '5.122.226.228', 1, 0, '2017-09-17 19:34:36', 'Products.php?sbgroup=6'),
(1575, '5.122.226.228', 1, 0, '2017-09-17 19:35:54', 'Products.php?spgroup=20'),
(1576, '5.122.226.228', 1, 295, '2017-09-17 19:36:28', 'Post.php?id=295'),
(1577, '5.122.226.228', 1, 266, '2017-09-17 19:37:04', 'Post.php?id=266'),
(1578, '5.122.226.228', 1, 290, '2017-09-17 20:02:13', 'Post.php?id=290'),
(1579, '216.244.66.233', 1, 0, '2017-09-17 20:04:27', 'Products.php'),
(1580, '51.255.65.86', 1, 10, '2017-09-17 20:28:15', 'Post.php?id=10'),
(1581, '217.182.132.175', 1, 0, '2017-09-17 22:11:57', 'Products.php?spgroup=12'),
(1582, '66.249.66.28', 1, 0, '2017-09-17 22:13:43', 'Products.php?spgroup=52'),
(1583, '216.244.66.233', 1, 0, '2017-09-17 22:24:04', 'Products.php?sbid=17'),
(1584, '66.249.66.22', 1, 43, '2017-09-17 22:25:52', 'Post.php?id=43'),
(1585, '66.249.66.21', 1, 302, '2017-09-17 22:35:36', 'Post.php?id=302'),
(1586, '66.249.66.21', 1, 305, '2017-09-17 22:36:49', 'Post.php?id=305'),
(1587, '164.132.161.67', 1, 0, '2017-09-18 00:00:11', 'News.php?news=4'),
(1588, '207.46.13.111', 1, 0, '2017-09-18 00:01:39', ''),
(1589, '207.46.13.121', 1, 0, '2017-09-18 00:20:03', 'News.php?news=13'),
(1590, '51.255.65.61', 1, 7, '2017-09-18 01:22:09', 'Post.php?id=7'),
(1591, '66.249.66.27', 1, 267, '2017-09-18 02:13:14', 'Post.php?id=267'),
(1592, '66.249.66.27', 1, 288, '2017-09-18 02:20:48', 'Post.php?id=288'),
(1593, '66.249.66.27', 1, 0, '2017-09-18 03:05:36', 'Products.php?spgroup=3'),
(1594, '40.77.167.81', 1, 13, '2017-09-18 04:04:33', 'Post.php?id=13'),
(1595, '66.249.66.28', 1, 11, '2017-09-18 04:55:04', 'Post.php?id=11'),
(1596, '38.131.148.147', 1, 0, '2017-09-18 05:06:46', ''),
(1597, '66.249.66.28', 1, 269, '2017-09-18 05:48:53', 'Post.php?id=269'),
(1598, '66.249.66.28', 1, 294, '2017-09-18 06:15:22', 'Post.php?id=294'),
(1600, '66.249.66.27', 1, 266, '2017-09-18 06:45:38', 'Post.php?id=266'),
(1601, '188.226.129.55', 1, 0, '2017-09-18 07:22:21', ''),
(1602, '217.182.132.61', 1, 0, '2017-09-18 07:23:14', 'Products.php?spgroup=25'),
(1603, '66.249.66.28', 1, 0, '2017-09-18 08:01:09', 'Products.php?sbid=8'),
(1604, '164.132.161.54', 1, 0, '2017-09-18 08:01:44', ''),
(1605, '207.46.13.121', 1, 0, '2017-09-18 08:02:13', 'UserProfile.php'),
(1606, '66.249.66.26', 1, 0, '2017-09-18 08:06:01', 'Products.php?sbid=28'),
(1607, '66.249.66.21', 1, 303, '2017-09-18 08:14:32', 'Post.php?id=303'),
(1608, '217.182.132.187', 1, 0, '2017-09-18 09:29:19', 'Products.php?brand=1'),
(1609, '66.249.66.26', 1, 0, '2017-09-18 10:04:22', 'Products.php?tid=20'),
(1610, '217.60.76.70', 1, 0, '2017-09-18 10:15:19', ''),
(1611, '5.122.226.228', 1, 0, '2017-09-18 10:22:37', 'index.php'),
(1612, '157.55.39.184', 1, 0, '2017-09-18 12:27:44', ''),
(1613, '217.182.132.52', 1, 0, '2017-09-18 13:31:16', 'News.php?news=12'),
(1614, '216.244.66.233', 1, 100, '2017-09-18 15:20:23', 'Post.php?id=100'),
(1615, '93.110.239.58', 1, 0, '2017-09-18 15:49:17', ''),
(1616, '93.110.239.58', 1, 301, '2017-09-18 15:49:37', 'Post.php?id=301'),
(1617, '93.110.239.58', 1, 0, '2017-09-18 15:53:30', 'Products.php?spgroup=8'),
(1618, '51.255.65.34', 1, 0, '2017-09-18 16:14:28', 'News.php?search_box=%C2%ABHP%20Z%20VR%C2%BB%20%DA%A9%D8%A7%D9%85%D9%BE%DB%8C%D9%88%D8%AA%D8%B1%20%D9%88%D8%A7%D9%82%D8%B9%DB%8C%D8%AA%20%D9%85%D8%AC%D8%A7%D8%B2%DB%8C%20%D8%AC%D8%AF%DB%8C%D8%AF%20%DA%A9%D9%85%D9%BE%D8%A7%D9%86%DB%8C%20%D8%A2%D9%85%D8%B1%DB%8C%DA%A9%D8%A7%DB%8C%DB%8C%20%D8%A7%D8%B3%D8%AA%20%DA%A9%D9%87%20%D8%A8%D8%B1%D8%A7%DB%8C%20%D9%86%D9%85%D8%A7%DB%8C%D8%B4%DA%AF%D8%A7%D9%87%20%D9%87%D8%A7%DB%8C%20%D8%AE%D9%88%D8%AF%D8%B1%D9%88%D8%8C%20%D8%A8%D9%86%DA%AF%D8%A7%D9%87%20%D9%87%'),
(1619, '82.99.230.178', 1, 10, '2017-09-18 16:21:25', 'Post.php?id=10'),
(1620, '66.249.66.26', 1, 0, '2017-09-18 17:57:51', 'Products.php?protocol=3'),
(1621, '40.77.167.10', 1, 0, '2017-09-18 18:24:36', ''),
(1622, '217.182.132.152', 1, 0, '2017-09-18 20:38:32', 'Products.php?spgroup=8'),
(1623, '66.249.66.26', 1, 0, '2017-09-18 20:39:27', 'Products.php?sbid=53'),
(1624, '5.122.226.228', 1, 0, '2017-09-18 21:31:39', 'textpost.php?fid=8'),
(1625, '217.182.132.32', 1, 0, '2017-09-18 23:22:47', 'Products.php?tid=20'),
(1626, '40.77.167.183', 1, 0, '2017-09-19 00:33:01', 'News.php?news=11'),
(1627, '40.77.167.183', 1, 31, '2017-09-19 00:45:20', 'Post.php?id=31'),
(1628, '40.77.167.183', 1, 0, '2017-09-19 01:00:24', ''),
(1629, '207.241.229.235', 1, 0, '2017-09-19 01:51:49', ''),
(1630, '216.244.66.233', 1, 117, '2017-09-19 03:59:21', 'Post.php?id=117'),
(1631, '217.182.132.70', 1, 0, '2017-09-19 04:33:05', 'News.php?news=2'),
(1632, '216.244.66.233', 1, 0, '2017-09-19 05:00:11', 'Products.php?tid=6'),
(1633, '216.244.66.233', 1, 62, '2017-09-19 09:15:40', 'Post.php?id=62'),
(1634, '207.46.13.23', 1, 0, '2017-09-19 09:56:41', 'Products.php?tid=24'),
(1635, '164.132.161.65', 1, 285, '2017-09-19 11:13:13', 'Post.php?id=285'),
(1636, '51.255.71.114', 1, 290, '2017-09-19 11:58:08', 'Post.php?id=290'),
(1637, '216.244.66.233', 1, 33, '2017-09-19 12:37:06', 'Post.php?id=33'),
(1638, '5.122.226.228', 1, 0, '2017-09-19 12:57:40', 'textpost.php?fid=8'),
(1639, '5.122.226.228', 1, 0, '2017-09-19 12:57:48', 'index.php'),
(1640, '66.249.66.27', 1, 0, '2017-09-19 13:17:55', 'Products.php?tid=6'),
(1641, '51.255.65.58', 1, 291, '2017-09-19 13:34:56', 'Post.php?id=291'),
(1642, '51.255.65.27', 1, 269, '2017-09-19 13:54:43', 'Post.php?id=269'),
(1643, '217.182.132.178', 1, 271, '2017-09-19 13:55:34', 'Post.php?id=271'),
(1644, '164.132.161.61', 1, 276, '2017-09-19 13:57:10', 'Post.php?id=276'),
(1645, '207.46.13.155', 1, 0, '2017-09-19 14:49:15', ''),
(1646, '217.182.132.74', 1, 273, '2017-09-19 16:27:12', 'Post.php?id=273'),
(1647, '51.255.65.6', 1, 0, '2017-09-19 17:08:17', 'News.php?news=12'),
(1648, '51.255.65.10', 1, 262, '2017-09-19 17:32:04', 'Post.php?id=262'),
(1649, '217.182.132.152', 1, 0, '2017-09-19 19:37:01', 'News.php?news=16'),
(1650, '216.244.66.233', 1, 0, '2017-09-19 20:42:06', 'Products.php'),
(1651, '217.60.76.70', 1, 0, '2017-09-19 20:47:36', ''),
(1652, '40.77.167.133', 1, 16, '2017-09-19 21:05:51', 'Post.php?id=16'),
(1653, '217.182.132.68', 1, 0, '2017-09-19 21:18:24', 'News.php?search_box=%C2%ABHP%20Z%20VR%C2%BB%20%DA%A9%D8%A7%D9%85%D9%BE%DB%8C%D9%88%D8%AA%D8%B1%20%D9%88%D8%A7%D9%82%D8%B9%DB%8C%D8%AA%20%D9%85%D8%AC%D8%A7%D8%B2%DB%8C%20%D8%AC%D8%AF%DB%8C%D8%AF%20%DA%A9%D9%85%D9%BE%D8%A7%D9%86%DB%8C%20%D8%A2%D9%85%D8%B1%DB%8C%DA%A9%D8%A7%DB%8C%DB%8C%20%D8%A7%D8%B3%D8%AA%20%DA%A9%D9%87%20%D8%A8%D8%B1%D8%A7%DB%8C%20%D9%86%D9%85%D8%A7%DB%8C%D8%B4%DA%AF%D8%A7%D9%87%20%D9%87%D8%A7%DB%8C%20%D8%AE%D9%88%D8%AF%D8%B1%D9%88%D8%8C%20%D8%A8%D9%86%DA%AF%D8%A7%D9%87%20%D9%87%'),
(1654, '216.244.66.233', 1, 0, '2017-09-19 21:27:35', 'Products.php?spid=14'),
(1655, '217.182.132.170', 1, 293, '2017-09-19 21:37:08', 'Post.php?id=293'),
(1656, '66.249.66.28', 1, 310, '2017-09-19 22:10:00', 'Post.php?id=310'),
(1657, '66.249.66.26', 1, 307, '2017-09-19 22:36:29', 'Post.php?id=307'),
(1658, '164.132.161.27', 1, 289, '2017-09-19 22:39:06', 'Post.php?id=289'),
(1659, '216.244.66.233', 1, 16, '2017-09-19 22:54:15', 'Post.php?id=16'),
(1660, '216.244.66.233', 1, 302, '2017-09-19 22:54:19', 'Post.php?id=302'),
(1661, '217.182.132.6', 1, 266, '2017-09-19 22:58:31', 'Post.php?id=266'),
(1662, '164.132.161.60', 1, 292, '2017-09-19 23:08:00', 'Post.php?id=292'),
(1663, '51.255.71.122', 1, 272, '2017-09-19 23:24:06', 'Post.php?id=272'),
(1664, '216.244.66.233', 1, 76, '2017-09-20 00:10:15', 'Post.php?id=76'),
(1665, '164.132.161.70', 1, 264, '2017-09-20 00:24:24', 'Post.php?id=264'),
(1666, '216.244.66.233', 1, 294, '2017-09-20 00:31:17', 'Post.php?id=294'),
(1667, '51.255.65.3', 1, 270, '2017-09-20 00:42:04', 'Post.php?id=270'),
(1668, '66.249.66.28', 1, 302, '2017-09-20 01:11:36', 'Post.php?id=302'),
(1669, '216.244.66.233', 1, 307, '2017-09-20 01:27:55', 'Post.php?id=307'),
(1670, '66.249.66.26', 1, 265, '2017-09-20 01:57:00', 'Post.php?id=265'),
(1671, '66.249.66.27', 1, 301, '2017-09-20 02:04:34', 'Post.php?id=301'),
(1672, '51.255.65.71', 1, 287, '2017-09-20 02:18:34', 'Post.php?id=287'),
(1673, '216.244.66.233', 1, 295, '2017-09-20 02:40:36', 'Post.php?id=295'),
(1674, '66.249.66.26', 1, 57, '2017-09-20 02:59:21', 'Post.php?id=57'),
(1675, '5.189.144.23', 1, 0, '2017-09-20 03:03:53', 'News.php?search_box=%20%20%D9%84%DB%8C%D8%B3%D8%AA'),
(1676, '66.249.66.28', 1, 313, '2017-09-20 03:16:27', 'Post.php?id=313'),
(1677, '66.249.66.26', 1, 297, '2017-09-20 03:46:43', 'Post.php?id=297'),
(1678, '66.249.66.28', 1, 270, '2017-09-20 04:20:46', 'Post.php?id=270'),
(1679, '164.132.161.28', 1, 265, '2017-09-20 04:23:10', 'Post.php?id=265'),
(1680, '66.249.66.26', 1, 311, '2017-09-20 04:24:33', 'Post.php?id=311'),
(1681, '216.244.66.233', 1, 313, '2017-09-20 05:00:54', 'Post.php?id=313'),
(1682, '164.132.161.45', 1, 263, '2017-09-20 05:10:36', 'Post.php?id=263'),
(1683, '51.255.65.14', 1, 0, '2017-09-20 05:15:25', 'News.php?news=2'),
(1684, '66.249.66.28', 1, 308, '2017-09-20 06:18:03', 'Post.php?id=308'),
(1685, '137.74.207.108', 1, 280, '2017-09-20 07:09:36', 'Post.php?id=280'),
(1687, '5.122.226.228', 1, 0, '2017-09-20 07:40:38', 'index.php'),
(1688, '216.244.66.233', 1, 299, '2017-09-20 07:53:18', 'Post.php?id=299'),
(1689, '217.182.132.59', 1, 275, '2017-09-20 07:56:08', 'Post.php?id=275'),
(1690, '216.244.66.233', 1, 0, '2017-09-20 08:24:20', 'textpost.php?fid=14'),
(1691, '217.182.132.152', 1, 288, '2017-09-20 08:27:01', 'Post.php?id=288'),
(1692, '216.244.66.233', 1, 303, '2017-09-20 08:45:51', 'Post.php?id=303'),
(1693, '164.132.161.84', 1, 268, '2017-09-20 09:42:31', 'Post.php?id=268'),
(1694, '216.244.66.233', 1, 301, '2017-09-20 09:52:44', 'Post.php?id=301'),
(1695, '164.132.161.32', 1, 274, '2017-09-20 09:53:51', 'Post.php?id=274'),
(1696, '216.244.66.233', 1, 289, '2017-09-20 10:16:11', 'Post.php?id=289'),
(1697, '216.244.66.233', 1, 311, '2017-09-20 10:43:30', 'Post.php?id=311'),
(1698, '51.255.65.31', 1, 316, '2017-09-20 11:52:38', 'Post.php?id=316'),
(1699, '66.249.66.27', 1, 15, '2017-09-20 12:33:09', 'Post.php?id=15'),
(1700, '5.121.22.168', 1, 0, '2017-09-20 12:38:46', ''),
(1701, '5.121.22.168', 1, 264, '2017-09-20 12:39:33', 'Post.php?id=264'),
(1702, '5.122.226.228', 1, 0, '2017-09-20 12:42:01', ''),
(1703, '5.122.226.228', 1, 0, '2017-09-20 12:42:27', 'Products.php?spgroup=16'),
(1704, '5.122.226.228', 1, 295, '2017-09-20 12:46:53', 'Post.php?id=295'),
(1705, '5.122.226.228', 1, 13, '2017-09-20 12:46:55', 'Post.php?id=13'),
(1706, '5.122.226.228', 1, 291, '2017-09-20 12:46:59', 'Post.php?id=291'),
(1707, '5.122.226.228', 1, 290, '2017-09-20 12:47:01', 'Post.php?id=290'),
(1708, '5.122.226.228', 1, 289, '2017-09-20 12:47:02', 'Post.php?id=289'),
(1709, '66.249.66.26', 1, 0, '2017-09-20 12:49:46', 'Products.php?sbid=25'),
(1711, '5.122.226.228', 1, 0, '2017-09-20 13:13:28', 'Products.php?spgroup=20'),
(1712, '5.122.226.228', 1, 312, '2017-09-20 13:13:49', 'Post.php?id=312'),
(1713, '5.122.226.228', 1, 311, '2017-09-20 13:13:50', 'Post.php?id=311'),
(1714, '5.122.226.228', 1, 307, '2017-09-20 13:13:59', 'Post.php?id=307'),
(1715, '5.122.226.228', 1, 305, '2017-09-20 13:14:03', 'Post.php?id=305'),
(1716, '5.122.226.228', 1, 301, '2017-09-20 13:14:15', 'Post.php?id=301'),
(1717, '5.122.226.228', 1, 300, '2017-09-20 13:14:19', 'Post.php?id=300'),
(1718, '5.122.226.228', 1, 297, '2017-09-20 13:14:24', 'Post.php?id=297'),
(1719, '5.122.226.228', 1, 294, '2017-09-20 13:14:27', 'Post.php?id=294'),
(1720, '5.122.226.228', 1, 293, '2017-09-20 13:14:30', 'Post.php?id=293'),
(1721, '5.122.226.228', 1, 292, '2017-09-20 13:14:32', 'Post.php?id=292'),
(1722, '5.122.226.228', 1, 284, '2017-09-20 13:14:58', 'Post.php?id=284'),
(1723, '5.122.226.228', 1, 282, '2017-09-20 13:15:26', 'Post.php?id=282'),
(1724, '5.122.226.228', 1, 280, '2017-09-20 13:15:35', 'Post.php?id=280'),
(1725, '5.122.226.228', 1, 279, '2017-09-20 13:15:39', 'Post.php?id=279'),
(1726, '5.122.226.228', 1, 278, '2017-09-20 13:15:44', 'Post.php?id=278'),
(1727, '5.122.226.228', 1, 277, '2017-09-20 13:15:46', 'Post.php?id=277'),
(1728, '5.122.226.228', 1, 270, '2017-09-20 13:16:12', 'Post.php?id=270'),
(1729, '164.132.164.180', 1, 301, '2017-09-20 13:23:55', 'Post.php?id=301'),
(1730, '5.122.226.228', 1, 57, '2017-09-20 13:27:18', 'Post.php?id=57'),
(1731, '5.122.226.228', 1, 0, '2017-09-20 13:28:34', 'Products.php?spgroup=23'),
(1732, '151.243.65.221', 1, 282, '2017-09-20 13:42:03', 'Post.php?id=282'),
(1733, '5.122.226.228', 1, 264, '2017-09-20 13:44:31', 'Post.php?id=264'),
(1734, '5.122.226.228', 1, 59, '2017-09-20 13:44:34', 'Post.php?id=59'),
(1735, '5.122.226.228', 1, 261, '2017-09-20 13:45:28', 'Post.php?id=261'),
(1736, '5.122.226.228', 1, 62, '2017-09-20 13:45:36', 'Post.php?id=62'),
(1737, '5.122.226.228', 1, 262, '2017-09-20 13:45:45', 'Post.php?id=262'),
(1738, '51.255.71.125', 1, 315, '2017-09-20 14:17:19', 'Post.php?id=315'),
(1739, '66.249.66.28', 1, 0, '2017-09-20 14:43:13', 'Products.php?sbid=26'),
(1740, '217.60.76.70', 1, 0, '2017-09-20 14:46:58', ''),
(1741, '217.60.76.70', 1, 0, '2017-09-20 14:47:20', 'Products.php?spgroup=20'),
(1742, '127.0.0.1', 1, 0, '2017-09-20 15:12:36', 'Products.php?spgroup=20'),
(1743, '127.0.0.1', 1, 0, '2017-09-20 15:16:25', 'Products.php'),
(1744, '127.0.0.1', 1, 0, '2017-09-21 11:04:33', 'index.php'),
(1745, '127.0.0.1', 1, 0, '2017-09-21 11:04:36', 'index.php'),
(1746, '127.0.0.1', 1, 0, '2017-09-21 11:04:52', 'index.php'),
(1747, '127.0.0.1', 1, 0, '2017-10-13 19:31:59', 'index.php'),
(1748, '::1', 1, 0, '2017-10-13 19:32:04', 'index.php'),
(1749, '::1', 1, 314, '2017-10-13 19:35:52', 'Post.php?id=314'),
(1750, '::1', 1, 0, '2017-10-13 19:36:01', 'Purchase.php'),
(1751, '::1', 1, 0, '2017-10-13 19:37:14', 'VerifyPayment.php?payment=2&code=602139933'),
(1752, '::1', 1, 316, '2017-10-13 19:51:55', 'Post.php?id=316'),
(1753, '::1', 1, 0, '2017-10-13 19:52:03', 'VerifyPayment.php?payment=2&code=485500028'),
(1754, '::1', 1, 0, '2017-10-13 20:48:20', ''),
(1755, '::1', 1, 0, '2017-10-13 22:05:19', 'Products.php?sbgroup=asd'),
(1756, '::1', 1, 0, '2017-10-13 22:42:11', 'Products.php'),
(1757, '127.0.0.1', 1, 0, '2017-10-21 00:36:18', ''),
(1758, '127.0.0.1', 1, 302, '2017-10-21 00:36:26', 'Post.php?id=302'),
(1759, '127.0.0.1', 1, 300, '2017-10-21 00:36:52', 'Post.php?id=300'),
(1760, '127.0.0.1', 1, 0, '2017-10-21 01:30:43', 'Products.php'),
(1761, '::1', 1, 0, '2017-10-29 06:05:37', 'index.php'),
(1762, '::1', 1, 0, '2017-10-29 06:05:55', 'UserProfile.php'),
(1763, '::1', 1, 313, '2017-10-29 06:08:44', 'Post.php?id=313'),
(1764, '::1', 1, 0, '2017-10-29 06:09:11', 'Products.php?spgroup=22'),
(1765, '::1', 1, 65, '2017-10-29 06:09:14', 'Post.php?id=65'),
(1766, '::1', 1, 0, '2017-10-29 06:09:36', 'Products.php?spgroup=13'),
(1767, '::1', 1, 9, '2017-10-29 06:09:41', 'Post.php?id=9'),
(1768, '::1', 1, 0, '2017-10-29 06:09:49', 'Purchase.php'),
(1769, '::1', 1, 0, '2017-10-29 16:16:15', ''),
(1770, '::1', 1, 0, '2017-10-30 00:32:36', 'Purchase.php'),
(1771, '::1', 1, 0, '2017-10-30 22:31:04', 'index.php'),
(1772, '::1', 1, 0, '2017-10-31 21:52:07', ''),
(1773, '::1', 1, 0, '2017-10-31 22:32:31', 'index.php'),
(1774, '::1', 1, 0, '2017-11-25 13:03:49', ''),
(1775, '::1', 1, 0, '2017-11-25 14:51:51', 'index.php'),
(1776, '::1', 1, 300, '2017-11-25 23:40:42', 'Post.php?id=300'),
(1777, '::1', 1, 0, '2017-11-25 23:57:58', 'Products.php'),
(1778, '::1', 1, 0, '2017-11-26 11:33:56', 'Products.php'),
(1779, '::1', 1, 0, '2017-11-26 11:34:03', 'index.php'),
(1780, '::1', 1, 0, '2017-11-26 18:50:39', 'Compare.php'),
(1781, '::1', 1, 315, '2017-11-26 18:50:47', 'Post.php?id=315'),
(1782, '::1', 1, 0, '2017-11-26 19:49:38', 'Purchase.php'),
(1783, '::1', 1, 314, '2017-11-26 19:50:54', 'Post.php?id=314'),
(1784, '::1', 1, 0, '2017-11-27 02:08:33', ''),
(1785, '::1', 1, 0, '2017-11-27 02:08:38', 'Purchase.php'),
(1786, '::1', 1, 0, '2017-11-27 02:20:24', 'UserProfile.php'),
(1787, '::1', 1, 0, '2017-11-27 15:31:39', 'index.php'),
(1789, '::1', 1, 314, '2017-11-27 15:31:58', 'Post.php?id=314'),
(1790, '::1', 1, 315, '2017-11-27 15:32:30', 'Post.php?id=315'),
(1791, '::1', 1, 0, '2017-11-27 15:42:21', 'Products.php?sbgroup=7'),
(1792, '::1', 1, 0, '2017-11-27 16:03:10', 'Products.php'),
(1793, '::1', 1, 0, '2017-11-28 02:22:08', ''),
(1794, '::1', 1, 0, '2017-11-28 02:22:39', 'UserProfile.php'),
(1795, '::1', 1, 0, '2017-11-28 02:22:53', 'Products.php'),
(1796, '::1', 1, 33, '2017-11-28 02:31:45', 'Post.php?id=33'),
(1797, '::1', 1, 0, '2017-11-28 02:31:51', 'Purchase.php'),
(1798, '::1', 1, 0, '2017-11-28 02:32:15', 'VerifyPayment.php?payment=2&code=855337304'),
(1799, '::1', 1, 0, '2017-11-28 02:55:26', 'Products.php?sbgroup=5'),
(1800, '::1', 1, 0, '2017-11-28 02:55:41', 'Compare.php'),
(1801, '::1', 1, 0, '2017-11-28 18:36:08', 'index.php'),
(1802, '::1', 1, 0, '2017-11-28 21:24:16', 'Products.php?spgroup=21'),
(1803, '::1', 1, 0, '2017-11-29 01:26:42', 'Products.php'),
(1804, '::1', 1, 266, '2017-11-29 02:18:06', 'Post.php?id=266'),
(1805, '::1', 1, 0, '2017-11-29 03:39:27', 'Products.php?spgroup=20'),
(1806, '::1', 1, 0, '2017-11-29 04:13:07', ''),
(1807, '::1', 1, 0, '2017-11-29 10:36:26', 'Products.php?spgroup=21'),
(1808, '::1', 1, 315, '2017-11-29 10:43:59', 'Post.php?id=315'),
(1809, '::1', 1, 0, '2017-11-30 19:55:10', 'Products.php'),
(1810, '::1', 1, 315, '2017-11-30 19:56:26', 'Post.php?id=315'),
(1811, '::1', 1, 0, '2017-11-30 19:56:40', 'Purchase.php'),
(1812, '::1', 1, 314, '2017-11-30 20:14:03', 'Post.php?id=314'),
(1813, '::1', 1, 0, '2017-12-01 00:16:10', 'Products.php'),
(1814, '::1', 1, 0, '2017-12-01 00:16:28', 'Purchase.php'),
(1815, '::1', 1, 314, '2017-12-01 00:17:11', 'Post.php?id=314'),
(1816, '::1', 1, 0, '2017-12-01 19:14:04', 'index.php'),
(1817, '::1', 1, 0, '2017-12-02 10:50:57', ''),
(1818, '::1', 1, 0, '2017-12-02 10:52:57', 'Products.php'),
(1819, '::1', 1, 0, '2017-12-02 10:55:59', 'Purchase.php'),
(1820, '::1', 1, 0, '2017-12-02 10:57:08', 'index.php'),
(1821, '::1', 1, 0, '2017-12-02 23:43:22', 'VerifyPayment.php?payment=2&code=887221086'),
(1822, '::1', 1, 0, '2017-12-02 23:51:10', 'UserProfile.php'),
(1823, '::1', 1, 0, '2017-12-03 00:10:13', 'Purchase.php'),
(1824, '::1', 1, 0, '2017-12-03 00:10:20', 'index.php'),
(1825, '::1', 1, 0, '2017-12-03 20:29:06', 'Products.php'),
(1826, '::1', 1, 0, '2017-12-04 19:28:09', ''),
(1827, '::1', 1, 0, '2017-12-04 19:28:20', 'UserProfile.php'),
(1828, '::1', 1, 0, '2017-12-04 19:30:53', 'index.php'),
(1829, '::1', 1, 0, '2017-12-04 23:44:49', 'Purchase.php'),
(1830, '::1', 1, 0, '2017-12-05 04:45:18', 'index.php'),
(1831, '::1', 1, 0, '2017-12-05 04:45:21', 'Purchase.php'),
(1832, '::1', 1, 0, '2017-12-05 04:51:26', 'Products.php'),
(1833, '::1', 1, 0, '2017-12-05 05:24:36', 'UserProfile.php'),
(1834, '::1', 1, 0, '2017-12-05 16:20:58', 'Products.php?sbgroup=5'),
(1835, '::1', 1, 0, '2017-12-05 23:00:00', ''),
(1836, '::1', 1, 0, '2017-12-06 17:16:34', ''),
(1837, '::1', 1, 0, '2017-12-29 18:35:36', 'index.php'),
(1838, '::1', 1, 0, '2017-12-30 09:08:10', ''),
(1839, '::1', 1, 0, '2017-12-30 21:45:20', 'index.php'),
(1840, '::1', 1, 0, '2018-01-02 11:19:31', ''),
(1841, '::1', 1, 0, '2018-01-03 01:01:17', ''),
(1842, '::1', 1, 0, '2018-01-03 09:40:35', 'index.php'),
(1843, '::1', 1, 0, '2018-01-03 09:40:55', 'UserProfile.php'),
(1844, '::1', 1, 0, '2018-01-03 09:40:59', 'Purchase.php'),
(1845, '::1', 1, 0, '2018-01-03 09:46:43', 'VerifyPayment.php?payment=3&code=326259198'),
(1846, '::1', 1, 0, '2018-01-07 09:22:16', ''),
(1847, '::1', 1, 0, '2018-01-07 18:31:26', 'index.php'),
(1848, '::1', 1, 0, '2018-01-07 19:03:31', 'Products.php'),
(1849, '::1', 1, 0, '2018-01-08 00:00:33', 'Products.php?BestSellers'),
(1850, '::1', 1, 0, '2018-01-08 00:00:43', 'index.php'),
(1851, '::1', 1, 0, '2018-01-11 09:31:48', 'index.php'),
(1852, '::1', 1, 0, '2018-01-12 12:07:35', 'index.php'),
(1853, '::1', 1, 0, '2018-01-15 14:27:21', 'index.php'),
(1854, '::1', 1, 0, '2018-01-17 10:47:22', 'index.php'),
(1855, '::1', 1, 0, '2018-01-18 12:37:08', 'index.php'),
(1856, '::1', 1, 0, '2018-01-18 12:37:18', 'Products.php'),
(1857, '::1', 1, 10, '2018-01-18 12:52:17', 'Post.php?id=10'),
(1858, '::1', 1, 0, '2018-01-18 16:30:13', 'News.php?news=14'),
(1859, '::1', 1, 0, '2018-01-21 15:57:47', 'index.php'),
(1860, '::1', 1, 0, '2018-01-23 13:03:04', 'index.php'),
(1861, '::1', 1, 0, '2018-01-23 13:08:52', 'Products.php'),
(1862, '::1', 1, 315, '2018-01-23 14:43:36', 'Post.php?id=315'),
(1863, '::1', 1, 0, '2018-01-23 14:52:20', 'Products.php?search_box=%DA%A9%DB%8C%D9%81'),
(1864, '::1', 1, 0, '2018-01-23 14:53:19', 'Products.php?search_box=%D8%A2%D9%86%D8%AA%DB%8C'),
(1865, '::1', 1, 0, '2018-01-23 15:30:19', 'Products.php?search_box=%D9%81%D9%86'),
(1866, '::1', 1, 0, '2018-01-23 15:31:15', 'Products.php?search_box_mob=%D8%A2%D9%86%D8%AA%DB%8C'),
(1867, '::1', 1, 0, '2018-01-23 16:27:07', 'Products.php?sbgid=9'),
(1868, '::1', 1, 0, '2018-01-23 16:33:51', 'Products.php?sbgid=3'),
(1869, '::1', 1, 0, '2018-01-23 16:36:35', 'Products.php?sbgroupid=9'),
(1870, '::1', 1, 0, '2018-01-23 16:37:38', 'Products.php?spgroup=9'),
(1871, '::1', 1, 0, '2018-01-23 16:38:23', 'Products.php?spgroup=11'),
(1872, '::1', 1, 0, '2018-01-23 16:38:33', 'Products.php?spgroup=15'),
(1873, '::1', 1, 0, '2018-01-25 16:12:13', 'index.php'),
(1874, '::1', 1, 315, '2018-01-25 16:12:15', 'Post.php?id=315'),
(1875, '::1', 1, 0, '2018-01-25 22:02:15', 'News.php?news=16'),
(1876, '::1', 1, 0, '2018-01-26 11:38:09', 'index.php'),
(1878, '::1', 1, 0, '2018-01-26 17:22:23', 'News.php'),
(1879, '::1', 1, 0, '2018-01-26 18:03:14', 'News.php?news=10'),
(1880, '::1', 1, 0, '2018-01-26 18:46:23', 'News.php?search_box=%D9%84%DB%8C%D8%B3%D8%AA'),
(1881, '::1', 1, 0, '2018-01-26 18:53:08', 'News.php?news=16'),
(1882, '::1', 1, 0, '2018-01-26 18:53:13', 'News.php?search_box=%D8%B4%D8%B1%DA%A9%D8%AA'),
(1883, '::1', 1, 0, '2018-01-26 19:09:10', 'Products.php'),
(1884, '::1', 1, 0, '2018-01-26 19:50:24', 'Purchase.php'),
(1885, '::1', 1, 0, '2018-01-28 11:57:49', 'index.php'),
(1886, '::1', 1, 0, '2018-01-28 16:41:45', 'Products.php'),
(1887, '::1', 1, 0, '2018-01-29 13:31:02', 'index.php'),
(1888, '::1', 1, 0, '2018-01-29 13:31:11', 'News.php?news=14'),
(1889, '::1', 1, 0, '2018-01-29 14:19:20', 'News.php?news=20'),
(1890, '::1', 1, 0, '2018-01-29 14:26:05', 'News.php'),
(1891, '::1', 1, 0, '2018-01-29 14:26:09', 'News.php?news=9'),
(1892, '::1', 1, 0, '2018-01-29 14:26:28', 'News.php?news=16'),
(1893, '::1', 1, 0, '2018-01-29 14:42:26', 'News.php?news=22'),
(1894, '::1', 1, 0, '2018-01-30 22:30:58', 'index.php'),
(1895, '::1', 1, 0, '2018-02-01 11:49:12', 'index.php'),
(1896, '::1', 1, 0, '2018-02-01 14:35:54', 'Products.php?spgroup=21'),
(1897, '::1', 1, 315, '2018-02-01 20:46:58', 'Post.php?id=315'),
(1898, '::1', 1, 313, '2018-02-01 20:54:18', 'Post.php?id=313'),
(1899, '::1', 1, 316, '2018-02-01 21:29:57', 'Post.php?id=316'),
(1900, '::1', 1, 33, '2018-02-01 22:22:12', 'Post.php?id=33'),
(1901, '::1', 1, 0, '2018-02-01 23:04:36', 'Products.php'),
(1902, '::1', 1, 0, '2018-02-02 14:16:50', 'index.php'),
(1903, '::1', 1, 316, '2018-02-02 17:24:41', 'Post.php?id=316'),
(1904, '::1', 1, 0, '2018-02-03 19:53:36', 'index.php'),
(1905, '::1', 1, 0, '2018-02-03 19:53:40', 'Products.php'),
(1906, '::1', 1, 0, '2018-02-03 19:53:46', 'Compare.php'),
(1907, '::1', 1, 0, '2018-02-04 17:48:54', 'index.php'),
(1908, '::1', 1, 0, '2018-02-04 18:18:06', 'UserProfile.php'),
(1909, '::1', 1, 0, '2018-02-05 13:33:22', 'index.php'),
(1910, '::1', 1, 0, '2018-02-05 13:33:24', 'Products.php'),
(1911, '::1', 1, 0, '2018-02-05 13:33:36', 'Compare.php'),
(1912, '::1', 1, 0, '2018-02-06 15:46:45', 'index.php'),
(1913, '::1', 1, 0, '2018-02-06 17:18:27', 'Products.php'),
(1914, '::1', 1, 0, '2018-02-06 18:03:40', 'News.php'),
(1915, '::1', 1, 0, '2018-02-06 18:03:43', 'News.php?search_box=test'),
(1916, '::1', 1, 0, '2018-02-07 11:52:18', 'index.php'),
(1917, '::1', 1, 0, '2018-02-08 16:36:30', 'index.php'),
(1918, '::1', 1, 0, '2018-02-08 17:40:26', 'News.php'),
(1919, '::1', 1, 0, '2018-02-08 17:59:25', 'News.php?search_box=%D8%B9%D9%84%D8%AA'),
(1920, '::1', 1, 0, '2018-02-09 12:19:27', 'index.php'),
(1921, '::1', 1, 0, '2018-02-09 12:19:28', 'News.php'),
(1922, '::1', 1, 0, '2018-02-09 12:19:31', 'News.php?search_box=%D8%B9%D9%84%D8%AA'),
(1923, '::1', 1, 0, '2018-02-10 18:33:28', 'index.php'),
(1924, '::1', 1, 0, '2018-02-10 18:33:34', 'Products.php?BestSellers'),
(1925, '::1', 1, 0, '2018-02-10 18:34:29', 'Products.php?test'),
(1926, '::1', 1, 0, '2018-02-17 07:47:12', 'index.php'),
(1927, '::1', 1, 0, '2018-02-17 07:47:14', 'Products.php'),
(1928, '::1', 1, 0, '2018-02-18 20:06:58', 'index.php'),
(1929, '::1', 1, 0, '2018-02-18 22:42:17', 'Products.php'),
(1930, '::1', 1, 0, '2018-02-19 11:17:18', 'index.php'),
(1931, '::1', 1, 0, '2018-02-19 12:18:06', 'Category.php'),
(1932, '::1', 1, 315, '2018-02-19 12:42:00', 'Post.php?id=315'),
(1933, '::1', 1, 0, '2018-02-19 18:02:17', 'Products.php'),
(1934, '::1', 1, 0, '2018-02-19 20:48:54', 'Purchase.php'),
(1935, '::1', 1, 0, '2018-02-20 11:29:28', 'index.php'),
(1936, '::1', 1, 0, '2018-02-20 13:07:24', 'Purchase.php'),
(1937, '::1', 1, 0, '2018-02-20 15:14:20', 'Category.php'),
(1938, '::1', 1, 0, '2018-02-20 17:08:51', 'Favorite.php'),
(1939, '::1', 1, 315, '2018-02-20 17:52:45', 'Post.php?id=315'),
(1940, '::1', 1, 0, '2018-02-20 17:54:13', 'Compare.php'),
(1941, '::1', 1, 0, '2018-02-20 17:54:18', 'UserProfile.php'),
(1942, '::1', 1, 0, '2018-02-21 09:49:53', 'index.php'),
(1943, '::1', 1, 0, '2018-02-21 09:50:00', 'Favorite.php'),
(1944, '::1', 1, 0, '2018-02-21 09:50:08', 'Category.php'),
(1945, '::1', 1, 0, '2018-02-21 13:01:13', 'Category.php?cat=1'),
(1946, '::1', 1, 0, '2018-02-21 13:05:54', 'Category.php?cat=2'),
(1947, '::1', 1, 0, '2018-02-21 13:06:06', 'Category.php?cat=0'),
(1948, '::1', 1, 0, '2018-02-21 13:20:58', 'Products.php'),
(1949, '::1', 1, 0, '2018-02-21 17:13:53', 'Purchase.php'),
(1950, '::1', 1, 0, '2018-02-22 11:12:52', 'index.php'),
(1951, '::1', 1, 0, '2018-02-22 11:13:20', 'Category.php?cat=0'),
(1952, '::1', 1, 0, '2018-02-22 11:35:20', 'Favorite.php'),
(1953, '::1', 1, 0, '2018-02-22 12:59:19', 'Category.php?cat=1'),
(1954, '::1', 1, 0, '2018-02-26 12:58:33', 'index.php'),
(1955, '::1', 1, 0, '2018-02-26 13:25:19', 'Products.php'),
(1956, '::1', 1, 315, '2018-02-26 14:14:24', 'Post.php?id=315'),
(1957, '::1', 1, 0, '2018-02-26 14:23:04', 'Products.php?group=1'),
(1958, '::1', 1, 0, '2018-02-26 14:23:14', 'Products.php?group=4'),
(1959, '::1', 1, 0, '2018-02-26 14:29:56', 'Products.php?sbgroup=6'),
(1960, '::1', 1, 0, '2018-02-26 15:04:42', 'Purchase.php'),
(1961, '::1', 1, 0, '2018-02-26 15:48:04', 'Category.php?cat=4'),
(1962, '::1', 1, 0, '2018-02-26 16:57:31', 'Category.php?cat=1'),
(1963, '::1', 1, 0, '2018-02-27 09:54:31', 'index.php'),
(1964, '::1', 1, 313, '2018-02-27 11:14:03', 'Post.php?id=313'),
(1965, '::1', 1, 0, '2018-02-27 16:05:59', 'Category.php?cat=4');
INSERT INTO `stats` (`StatId`, `UserIP`, `Visit`, `Product`, `Date`, `Page`) VALUES
(1966, '::1', 1, 0, '2018-02-27 17:22:34', 'Purchase.php'),
(1967, '::1', 1, 0, '2018-02-28 00:31:06', 'index.php'),
(1968, '::1', 1, 0, '2018-02-28 00:31:37', 'UserProfile.php'),
(1969, '::1', 1, 0, '2018-02-28 00:37:00', 'Purchase.php'),
(1970, '::1', 1, 0, '2018-02-28 01:17:54', 'Products.php?sbgroup=12'),
(1971, '::1', 1, 291, '2018-02-28 10:35:44', 'Post.php?id=291'),
(1972, '::1', 1, 0, '2018-02-28 15:41:55', 'Category.php?cat=5'),
(1973, '::1', 1, 0, '2018-02-28 15:45:10', 'Category.php?cat=4'),
(1974, '::1', 1, 0, '2018-02-28 15:46:12', 'Category.php?cat=1'),
(1975, '::1', 1, 0, '2018-02-28 22:10:32', 'Products.php?MostPopular'),
(1976, '::1', 1, 0, '2018-03-01 00:41:03', 'index.php'),
(1977, '::1', 1, 0, '2018-03-01 00:41:19', 'Purchase.php'),
(1978, '::1', 1, 0, '2018-03-01 00:42:57', 'VerifyPayment.php?payment=2&code=315243070'),
(1979, '::1', 1, 0, '2018-03-01 00:44:43', 'VerifyPayment.php?payment=2&code=936668860'),
(1980, '::1', 1, 0, '2018-03-02 11:55:24', 'index.php'),
(1981, '::1', 1, 0, '2018-03-02 11:56:36', 'UserProfile.php'),
(1982, '::1', 1, 0, '2018-03-02 11:57:05', 'Purchase.php'),
(1983, '::1', 1, 315, '2018-03-02 14:03:01', 'Post.php?id=315'),
(1984, '::1', 1, 0, '2018-03-03 23:22:46', 'index.php'),
(1985, '::1', 1, 0, '2018-03-03 23:33:07', 'Purchase.php'),
(1986, '::1', 1, 0, '2018-03-07 21:56:50', 'index.php'),
(1987, '::1', 1, 0, '2018-03-08 09:51:00', 'index.php'),
(1988, '::1', 1, 0, '2018-03-08 12:05:21', 'Products.php'),
(1989, '::1', 1, 0, '2018-03-08 17:30:01', 'Products.php?spgroup=21'),
(1990, '::1', 1, 0, '2018-03-08 18:01:46', 'Products.php?spgroup=27'),
(1991, '::1', 1, 0, '2018-03-08 18:01:54', 'Products.php?spgroup=9'),
(1992, '::1', 1, 0, '2018-03-08 18:02:51', 'Products.php?spgroup=10'),
(1993, '::1', 1, 0, '2018-03-08 18:05:12', 'Products.php?spgroup=15'),
(1994, '::1', 1, 0, '2018-03-08 21:21:07', 'Products.php?tid=20'),
(1995, '::1', 1, 0, '2018-03-09 10:59:21', 'index.php'),
(1996, '::1', 1, 0, '2018-03-09 15:34:31', 'Purchase.php'),
(1997, '::1', 1, 0, '2018-03-09 15:34:49', 'UserProfile.php'),
(1998, '::1', 1, 0, '2018-03-09 15:53:02', 'VerifyPayment.php?payment=3&code=516440898'),
(1999, '::1', 1, 0, '2018-03-09 16:29:07', 'VerifyPayment.php?payment=3&code=850872973'),
(2000, '::1', 1, 0, '2018-03-10 14:29:20', 'index.php'),
(2001, '::1', 1, 0, '2018-03-10 17:35:42', 'Products.php?spgroup=21'),
(2002, '::1', 1, 0, '2018-03-10 17:35:55', 'Products.php'),
(2003, '::1', 1, 0, '2018-03-10 17:36:07', 'Products.php?sbgroup=5'),
(2004, '::1', 1, 0, '2018-03-10 17:37:08', 'Purchase.php'),
(2005, '::1', 1, 0, '2018-03-10 17:37:16', 'VerifyPayment.php?payment=2&code=391544597'),
(2006, '::1', 1, 0, '2018-03-10 17:37:21', 'UserProfile.php'),
(2007, '::1', 1, 0, '2018-03-10 17:39:35', 'VerifyPayment.php?payment=3&code=916614492'),
(2008, '::1', 1, 0, '2018-03-10 18:09:07', 'VerifyPayment.php?payment=3&code=508749614'),
(2009, '::1', 1, 0, '2018-03-10 18:17:06', 'VerifyPayment.php?payment=3&code=721703514'),
(2010, '::1', 1, 0, '2018-03-10 18:27:08', 'VerifyPayment.php?payment=3&code=605129984'),
(2011, '::1', 1, 0, '2018-03-10 18:31:37', 'Products.php?tid=20'),
(2012, '::1', 1, 0, '2018-03-10 18:32:30', 'Products.php?spgroup=15'),
(2013, '::1', 1, 0, '2018-03-10 18:32:38', 'Products.php?sbgroup=11'),
(2014, '::1', 1, 0, '2018-03-10 18:33:22', 'Products.php?tid=18'),
(2015, '::1', 1, 0, '2018-03-11 21:07:28', 'index.php'),
(2016, '::1', 1, 0, '2018-03-11 21:08:38', 'Products.php'),
(2017, '::1', 1, 0, '2018-03-11 21:27:41', 'Category.php?cat=1'),
(2018, '::1', 1, 0, '2018-03-11 21:38:31', 'Favorite.php'),
(2019, '::1', 1, 0, '2018-03-11 21:45:45', 'Category.php?cat=0'),
(2020, '::1', 1, 0, '2018-03-11 22:15:56', 'Products.php?group=1'),
(2021, '::1', 1, 0, '2018-03-11 22:16:44', 'Products.php?group=4'),
(2022, '::1', 1, 0, '2018-03-11 22:17:57', 'Products.php?sbgroup=5'),
(2023, '::1', 1, 0, '2018-03-11 22:20:32', 'Products.php?sbgroup=6'),
(2024, '::1', 1, 0, '2018-03-11 22:29:09', 'Products.php?group=2'),
(2025, '::1', 1, 0, '2018-03-11 22:29:17', 'Products.php?sbgroup=8'),
(2026, '::1', 1, 0, '2018-03-11 22:29:23', 'Products.php?group=3'),
(2027, '::1', 1, 0, '2018-03-11 22:29:28', 'Products.php?sbgroup=12'),
(2028, '::1', 1, 0, '2018-03-12 10:39:29', 'index.php'),
(2029, '::1', 1, 0, '2018-03-12 10:40:02', 'Products.php?group=1'),
(2030, '::1', 1, 0, '2018-03-12 11:05:24', 'Products.php?sbgroup=5'),
(2031, '::1', 1, 0, '2018-03-13 10:03:42', 'index.php'),
(2032, '::1', 1, 0, '2018-03-14 11:24:14', 'index.php'),
(2033, '::1', 1, 0, '2018-03-14 11:34:56', 'index.php.'),
(2034, '::1', 1, 0, '2018-03-15 16:13:51', 'index.php'),
(2035, '::1', 1, 0, '2018-03-15 16:13:51', 'Category.php?cat=5'),
(2036, '::1', 1, 0, '2018-03-15 16:14:11', 'Category.php?cat=0'),
(2037, '::1', 1, 0, '2018-03-15 18:27:00', 'Purchase.php'),
(2038, '::1', 1, 0, '2018-03-15 18:27:40', 'VerifyPayment.php?payment=3&code=286511475'),
(2039, '::1', 1, 0, '2018-03-15 18:28:30', 'UserProfile.php'),
(2040, '::1', 1, 0, '2018-03-16 19:00:25', 'index.php'),
(2041, '::1', 1, 0, '2018-03-17 14:20:57', 'index.php'),
(2042, '::1', 1, 0, '2018-03-25 20:12:32', 'index.php'),
(2043, '::1', 1, 0, '2018-03-26 15:34:54', 'index.php'),
(2044, '::1', 1, 0, '2018-03-27 18:21:41', 'index.php'),
(2045, '::1', 1, 0, '2018-03-27 18:21:56', 'Purchase.php'),
(2046, '::1', 1, 0, '2018-03-27 18:23:21', 'UserProfile.php'),
(2047, '::1', 1, 0, '2018-04-04 17:06:10', 'index.php'),
(2048, '::1', 1, 0, '2018-04-10 19:43:11', 'index.php'),
(2049, '::1', 1, 0, '2018-04-13 12:35:48', 'index.php'),
(2050, '::1', 1, 0, '2018-04-13 15:08:51', 'Products.php'),
(2051, '::1', 1, 0, '2018-04-13 15:09:09', 'Products.php?sbgroup=5'),
(2052, '::1', 1, 0, '2018-04-13 15:09:15', 'Products.php?spgroup=21'),
(2053, '::1', 1, 0, '2018-04-13 15:14:57', 'Products.php?group=1'),
(2054, '::1', 1, 0, '2018-04-13 15:15:17', 'Products.php?group=2'),
(2055, '::1', 1, 0, '2018-04-15 11:34:48', 'index.php'),
(2056, '::1', 1, 0, '2018-04-15 12:08:55', 'Category.php?group=1'),
(2057, '::1', 1, 315, '2018-04-15 18:45:39', 'Post.php?id=315'),
(2058, '::1', 1, 0, '2018-04-15 19:30:59', 'Purchase.php'),
(2059, '::1', 1, 313, '2018-04-15 19:33:30', 'Post.php?id=313'),
(2060, '::1', 1, 0, '2018-04-16 11:49:36', 'index.php'),
(2061, '::1', 1, 0, '2018-04-18 00:33:58', 'index.php'),
(2062, '::1', 1, 344, '2018-04-18 00:46:26', 'Post.php?id=344'),
(2063, '::1', 1, 0, '2018-04-18 00:47:48', 'Products.php'),
(2064, '::1', 1, 316, '2018-04-18 00:54:28', 'Post.php?id=316'),
(2065, '::1', 1, 0, '2018-04-18 00:55:51', 'Purchase.php'),
(2066, '::1', 1, 315, '2018-04-18 11:40:00', 'Post.php?id=315'),
(2067, '::1', 1, 0, '2018-04-18 23:10:15', 'VerifyPayment.php?payment=3&code=979235006'),
(2068, '::1', 1, 0, '2018-04-18 23:10:46', 'UserProfile.php'),
(2069, '::1', 1, 0, '2018-04-19 22:42:30', 'index.php'),
(2070, '::1', 1, 0, '2018-04-20 00:19:57', 'index.php'),
(2071, '::1', 1, 0, '2018-04-20 11:00:35', 'Category.php?group=1'),
(2072, '::1', 1, 0, '2018-04-20 11:05:37', 'UserProfile.php'),
(2073, '::1', 1, 0, '2018-04-20 11:07:18', 'textpost.php?fid=7'),
(2074, '::1', 1, 0, '2018-04-20 11:09:31', 'Order.php'),
(2075, '::1', 1, 315, '2018-04-20 12:54:20', 'Post.php?id=315'),
(2076, '::1', 1, 316, '2018-04-20 13:07:23', 'Post.php?id=316'),
(2077, '::1', 1, 0, '2018-04-20 16:41:32', 'Products.php'),
(2078, '::1', 1, 0, '2018-04-20 20:55:14', 'News.php'),
(2079, '::1', 1, 0, '2018-04-20 20:55:18', 'News.php?news=22'),
(2080, '::1', 1, 0, '2018-04-21 10:49:14', 'index.php'),
(2081, '::1', 1, 0, '2018-04-21 11:00:33', 'Order.php'),
(2082, '::1', 1, 0, '2018-04-21 13:05:58', 'Order.php?status=OK'),
(2083, '::1', 1, 0, '2018-04-21 14:14:53', 'textpost.php?fid=7'),
(2084, '::1', 1, 0, '2018-04-21 14:34:20', 'PanelRequest.php'),
(2085, '::1', 1, 0, '2018-04-21 14:55:53', 'PanelRequest.php?status=OK'),
(2086, '::1', 1, 0, '2018-04-21 16:10:38', 'Category.php?group=2'),
(2087, '::1', 1, 0, '2018-04-21 17:48:02', 'Products.php?group=2'),
(2088, '::1', 1, 0, '2018-04-21 17:50:21', 'Products.php?group=1'),
(2089, '::1', 1, 0, '2018-04-21 17:50:32', 'Products.php'),
(2090, '::1', 1, 0, '2018-04-21 17:52:00', 'Products.php?group=3'),
(2091, '::1', 1, 0, '2018-04-21 18:31:07', 'Products.php?group=4'),
(2092, '::1', 1, 0, '2018-04-21 18:33:18', 'Products.php?sbgroup=8'),
(2093, '::1', 1, 0, '2018-04-21 18:33:21', 'Products.php?sbgroup=9'),
(2094, '::1', 1, 0, '2018-04-22 17:50:27', 'index.php'),
(2095, '::1', 1, 0, '2018-04-22 22:31:51', 'Products.php'),
(2096, '::1', 1, 0, '2018-04-23 10:18:54', 'index.php'),
(2097, '::1', 1, 0, '2018-04-23 10:19:16', 'Order.php'),
(2098, '::1', 1, 0, '2018-04-23 10:19:43', 'Order.php?status=OK'),
(2099, '::1', 1, 0, '2018-04-23 10:54:05', 'Products.php?group=1'),
(2100, '::1', 1, 0, '2018-04-23 16:51:15', 'PanelRequest.php'),
(2101, '::1', 1, 0, '2018-04-23 16:51:22', 'PanelRequest.php?status=OK'),
(2102, '::1', 1, 0, '2018-04-24 22:51:24', 'index.php'),
(2103, '::1', 1, 0, '2018-04-24 22:54:21', 'Purchase.php'),
(2104, '::1', 1, 344, '2018-04-24 22:57:44', 'Post.php?id=344'),
(2105, '::1', 1, 0, '2018-04-24 23:05:44', 'UserProfile.php'),
(2106, '::1', 1, 0, '2018-04-25 15:12:36', 'index.php'),
(2107, '::1', 1, 0, '2018-04-25 15:12:39', 'Purchase.php'),
(2108, '::1', 1, 0, '2018-04-25 15:35:31', 'UserProfile.php'),
(2109, '::1', 1, 0, '2018-04-25 16:37:18', 'DownloadPage.php?pid=344&fid=64'),
(2110, '::1', 1, 0, '2018-04-25 17:31:20', 'Order.php'),
(2111, '::1', 1, 0, '2018-04-25 17:32:06', 'Order.php?status=OK'),
(2112, '::1', 1, 1, '2018-04-25 17:46:05', 'Order.php?id=1'),
(2113, '::1', 1, 2, '2018-04-25 17:57:08', 'Order.php?id=2'),
(2114, '::1', 1, 5, '2018-04-25 17:57:13', 'Order.php?id=5'),
(2115, '::1', 1, 3, '2018-04-25 17:57:33', 'Order.php?id=3'),
(2116, '::1', 1, 0, '2018-04-27 16:26:13', 'index.php'),
(2117, '::1', 1, 0, '2018-04-27 16:28:12', 'Purchase.php'),
(2118, '::1', 1, 0, '2018-04-27 16:38:27', 'UserProfile.php'),
(2119, '::1', 1, 0, '2018-04-27 16:38:36', 'VerifyPayment.php?payment=0&code=259480272'),
(2120, '::1', 1, 0, '2018-04-27 16:38:57', 'DownloadPage.php?pid=344&fid=55'),
(2121, '::1', 1, 1, '2018-04-27 16:39:11', 'Order.php?id=1'),
(2122, '::1', 1, 344, '2018-04-27 16:46:40', 'Post.php?id=344'),
(2123, '::1', 1, 0, '2018-04-27 16:51:11', 'VerifyPayment.php?payment=0&code=985559003'),
(2124, '::1', 1, 0, '2018-04-27 16:53:32', 'VerifyPayment.php?payment=0&code=196665222'),
(2125, '::1', 1, 0, '2018-04-27 16:53:41', 'DownloadPage.php?pid=344&fid=57'),
(2126, '::1', 1, 0, '2018-04-27 16:55:21', 'VerifyPayment.php?payment=0&code=565726133'),
(2127, '::1', 1, 0, '2018-04-27 16:59:44', 'VerifyPayment.php?payment=0&code=519923949'),
(2128, '::1', 1, 0, '2018-04-27 16:59:55', 'DownloadPage.php?pid=344&fid=59'),
(2129, '::1', 1, 4, '2018-04-27 17:09:26', 'Order.php?id=4'),
(2130, '::1', 1, 0, '2018-04-27 18:51:27', 'Products.php?group=1'),
(2131, '::1', 1, 0, '2018-04-27 19:17:54', 'Products.php?group=2'),
(2132, '::1', 1, 0, '2018-04-27 19:17:59', 'Products.php?group=3'),
(2133, '::1', 1, 0, '2018-04-27 19:18:52', 'Products.php?sbgroup=3'),
(2134, '::1', 1, 0, '2018-04-27 19:27:54', 'Products.php?sbgroup=1'),
(2135, '::1', 1, 0, '2018-04-27 19:27:57', 'Products.php?sbgroup=2'),
(2136, '::1', 1, 0, '2018-04-27 19:34:48', 'Products.php?sbgroup=8'),
(2137, '::1', 1, 0, '2018-04-27 19:34:49', 'Products.php?spgroup=39'),
(2138, '::1', 1, 0, '2018-04-27 19:41:27', 'Products.php?spgroup=57'),
(2139, '::1', 1, 0, '2018-04-27 19:57:17', 'Products.php?spgroup=71'),
(2140, '::1', 1, 0, '2018-04-27 19:58:03', 'Products.php?spgroup=56'),
(2141, '::1', 1, 0, '2018-04-27 20:00:40', 'Products.php?sbgroup=14'),
(2142, '::1', 1, 0, '2018-04-27 20:00:43', 'Products.php?sbgroup=13'),
(2143, '::1', 1, 0, '2018-04-27 20:00:45', 'Products.php?sbgroup=12'),
(2144, '::1', 1, 0, '2018-04-27 20:02:57', 'Products.php?sbgroup=5'),
(2145, '::1', 1, 0, '2018-04-27 20:03:06', 'Products.php?sbgroup=9'),
(2146, '::1', 1, 0, '2018-04-27 20:07:19', 'Products.php?spgroup=10'),
(2147, '::1', 1, 0, '2018-04-27 20:09:34', 'Products.php?spgroup=62'),
(2148, '::1', 1, 0, '2018-04-27 20:10:12', 'Products.php?spgroup=42'),
(2149, '::1', 1, 0, '2018-04-27 20:11:33', 'Products.php?spgroup=59'),
(2150, '::1', 1, 0, '2018-04-27 20:11:42', 'Products.php?spgroup=11'),
(2151, '::1', 1, 0, '2018-04-27 20:14:55', 'Products.php?spgroup=20'),
(2152, '::1', 1, 0, '2018-04-28 15:33:03', 'index.php'),
(2153, '::1', 1, 0, '2018-04-30 16:41:48', 'index.php'),
(2154, '::1', 1, 0, '2018-04-30 16:42:00', 'UserProfile.php'),
(2155, '::1', 1, 0, '2018-04-30 16:42:05', 'DownloadPage.php?pid=344&fid=59'),
(2156, '::1', 1, 313, '2018-04-30 18:05:48', 'Post.php?id=313'),
(2157, '::1', 1, 315, '2018-04-30 18:05:54', 'Post.php?id=315'),
(2158, '::1', 1, 307, '2018-04-30 19:30:53', 'Post.php?id=307'),
(2159, '::1', 1, 0, '2018-05-01 20:37:53', 'index.php'),
(2160, '::1', 1, 0, '2018-05-01 20:37:54', 'Products.php?group=3'),
(2161, '::1', 1, 0, '2018-05-08 19:00:09', 'index.php'),
(2162, '::1', 1, 344, '2018-05-08 19:01:06', 'Post.php?id=344'),
(2163, '::1', 1, 298, '2018-05-08 19:17:36', 'Post.php?id=298'),
(2164, '::1', 1, 0, '2018-05-09 13:43:29', 'index.php'),
(2165, '::1', 1, 0, '2018-05-09 13:43:40', 'UserProfile.php'),
(2166, '::1', 1, 0, '2018-05-11 15:50:14', 'index.php'),
(2167, '::1', 1, 0, '2018-05-13 11:16:24', 'index.php'),
(2168, '::1', 1, 0, '2018-05-18 16:57:26', 'index.php'),
(2169, '::1', 1, 0, '2018-05-18 16:57:53', 'Purchase.php'),
(2170, '::1', 1, 0, '2018-05-18 16:59:48', 'VerifyPayment.php?payment=3&code=649650649'),
(2171, '::1', 1, 0, '2018-05-19 17:40:05', 'index.php'),
(2172, '::1', 1, 0, '2018-05-25 10:48:48', 'index.php'),
(2173, '::1', 1, 0, '2018-05-25 10:55:15', 'Purchase.php'),
(2174, '::1', 1, 0, '2018-05-25 10:56:05', 'VerifyPayment.php?payment=3&code=675081817'),
(2175, '::1', 1, 0, '2018-05-25 10:56:52', 'UserProfile.php'),
(2176, '::1', 1, 0, '2018-05-25 11:57:10', 'VerifyPayment.php?QuantityE=1'),
(2177, '::1', 1, 0, '2018-05-25 12:02:39', 'VerifyPayment.php?payment=3&code=781466440'),
(2178, '::1', 1, 0, '2018-05-25 12:03:37', 'VerifyPayment.php?payment=3&code=193607852'),
(2179, '::1', 1, 0, '2018-05-25 12:05:44', 'VerifyPayment.php?payment=3&code=567809824'),
(2180, '::1', 1, 0, '2018-05-25 13:16:14', 'Products.php?special_offers=1'),
(2181, '::1', 1, 0, '2018-05-25 13:16:22', 'Products.php?special_offers=2'),
(2182, '::1', 1, 0, '2018-05-25 13:46:09', 'index.php?feed-email=my.test%40gmal.com'),
(2183, '::1', 1, 0, '2018-05-25 14:28:30', 'VerifyPayment.php?payment=3&code=555788330'),
(2184, '::1', 1, 0, '2018-05-25 14:46:36', 'VerifyPayment.php?payment=3&code=537722567'),
(2185, '::1', 1, 0, '2018-06-01 18:49:30', 'index.php'),
(2186, '::1', 1, 344, '2018-06-01 23:03:47', 'Post.php?id=344'),
(2187, '::1', 1, 0, '2018-06-01 23:08:23', 'Products.php'),
(2188, '::1', 1, 0, '2018-06-01 23:10:58', 'Products.php?sbgroup=1'),
(2189, '::1', 1, 315, '2018-06-01 23:15:11', 'Post.php?id=315'),
(2190, '::1', 1, 0, '2018-06-01 23:17:34', 'Products.php?group=6'),
(2191, '::1', 1, 0, '2018-06-01 23:19:27', 'Products.php?sbgroup=11'),
(2192, '::1', 1, 0, '2018-06-01 23:19:32', 'Products.php?spgroup=38'),
(2193, '::1', 1, 0, '2018-06-03 22:12:56', 'index.php'),
(2194, '::1', 1, 0, '2018-06-04 02:01:31', 'index.php'),
(2195, '::1', 1, 0, '2018-06-07 18:53:07', 'index.php'),
(2196, '::1', 1, 0, '2018-06-10 10:48:09', 'index.php'),
(2197, '::1', 1, 0, '2018-06-13 13:52:51', 'index.php'),
(2198, '::1', 1, 0, '2018-06-16 14:47:18', 'index.php'),
(2199, '::1', 1, 0, '2018-06-29 17:37:34', 'index.php'),
(2200, '::1', 1, 0, '2018-07-09 20:29:23', 'index.php'),
(2201, '::1', 1, 0, '2018-07-12 21:55:55', 'index.php'),
(2202, '::1', 1, 0, '2018-07-15 14:01:33', 'index.php'),
(2203, '::1', 1, 0, '2018-07-16 18:51:35', 'index.php'),
(2204, '::1', 1, 0, '2018-07-16 18:51:57', 'Products.php?group=1'),
(2205, '::1', 1, 0, '2018-07-16 19:13:51', 'Products.php'),
(2206, '::1', 1, 0, '2018-07-16 19:25:17', '123.php'),
(2207, '::1', 1, 0, '2018-07-16 19:41:17', 'Products.php?sbgroup=1'),
(2208, '::1', 1, 0, '2018-07-17 15:15:43', 'index.php'),
(2209, '::1', 1, 0, '2018-07-17 15:16:59', 'Purchase.php'),
(2210, '::1', 1, 315, '2018-07-17 15:19:18', 'Post.php?id=315'),
(2211, '::1', 1, 0, '2018-07-18 10:10:09', 'index.php'),
(2212, '::1', 1, 0, '2018-07-18 10:10:32', 'Products.php?group=1'),
(2213, '::1', 1, 0, '2018-07-18 10:11:13', 'Products.php?group=2'),
(2214, '::1', 1, 0, '2018-07-18 10:11:19', 'Products.php?group=3'),
(2215, '::1', 1, 0, '2018-07-18 10:11:22', 'Products.php?group=4'),
(2216, '::1', 1, 0, '2018-07-18 10:22:47', 'Products.php?group=5'),
(2217, '::1', 1, 0, '2018-07-18 10:22:53', 'Products.php?sbgroup=3'),
(2218, '::1', 1, 0, '2018-07-18 10:22:59', 'Products.php?sbgroup=5'),
(2219, '::1', 1, 0, '2018-08-22 13:04:36', 'index.php'),
(2220, '::1', 1, 0, '2018-08-22 13:04:39', 'Products.php'),
(2221, '::1', 1, 0, '2018-08-30 11:15:01', 'index.php'),
(2222, '::1', 1, 0, '2018-08-30 11:15:07', 'Products.php'),
(2223, '::1', 1, 0, '2018-08-30 11:15:11', 'Products.php?spgroup=3'),
(2224, '::1', 1, 0, '2018-12-08 21:55:00', 'index.php');

-- --------------------------------------------------------

--
-- Table structure for table `subgroups`
--

CREATE TABLE `subgroups` (
  `SubGroupId` bigint(30) NOT NULL,
  `Group` bigint(30) NOT NULL,
  `Name` varchar(200) COLLATE utf8_persian_ci NOT NULL,
  `LatinName` varchar(200) COLLATE utf8_persian_ci NOT NULL,
  `Image` varchar(200) COLLATE utf8_persian_ci NOT NULL,
  `PlaceAsMainCat` tinyint(1) NOT NULL DEFAULT '0'
) ENGINE=InnoDB DEFAULT CHARSET=utf8 COLLATE=utf8_persian_ci ROW_FORMAT=COMPACT;

--
-- Dumping data for table `subgroups`
--

INSERT INTO `subgroups` (`SubGroupId`, `Group`, `Name`, `LatinName`, `Image`, `PlaceAsMainCat`) VALUES
(1, 1, ' تبلت', 'Tablet', '', 0),
(2, 1, ' لپ تاب', 'Laptop', '', 0),
(3, 1, ' کامپیوتر و لوازم جانبی', 'Computer', '', 0),
(5, 1, 'سایر لوازم الکترونیکی', 'Other Electronic Device', '', 0),
(6, 4, 'ساعت', 'Clock', '', 0),
(7, 5, 'اسباب بازی', 'Toys', '', 0),
(8, 2, 'کتاب و مجلات', 'Book mag', '', 0),
(9, 2, 'لوازم التحریر', 'Stationery', '', 0),
(11, 6, 'CD+DVD', 'CD+DVD', '', 0),
(12, 3, 'پوشاک ورزشی', 'Sports-Wear', '', 0),
(13, 3, 'لوازم ورزشی', 'Sports-accessories', '', 0),
(14, 3, 'ورزشی سایر', 'Other-sport', '', 0);

-- --------------------------------------------------------

--
-- Table structure for table `submenus`
--

CREATE TABLE `submenus` (
  `SubMenuId` bigint(20) NOT NULL,
  `MainMenu` bigint(20) NOT NULL,
  `SubGroup` bigint(30) NOT NULL,
  `Image` varchar(1000) COLLATE utf8_persian_ci NOT NULL,
  `SubMenuTitles` varchar(1000) COLLATE utf8_persian_ci NOT NULL,
  `Number` int(11) NOT NULL,
  `Disabled` int(1) NOT NULL
) ENGINE=InnoDB DEFAULT CHARSET=utf8 COLLATE=utf8_persian_ci ROW_FORMAT=COMPACT;

--
-- Dumping data for table `submenus`
--

INSERT INTO `submenus` (`SubMenuId`, `MainMenu`, `SubGroup`, `Image`, `SubMenuTitles`, `Number`, `Disabled`) VALUES
(73, 40, 1, '', '', 11, 0),
(74, 40, 2, '', '', 2, 1),
(75, 40, 3, '', '', 5, 0),
(76, 40, 4, '', '', 4, 0),
(77, 40, 5, '', '', 3, 0),
(78, 43, 6, '', '', 7, 0),
(79, 44, 7, '', '', 6, 0),
(80, 41, 8, '', '', 9, 0),
(81, 41, 9, '', '', 10, 0),
(82, 41, 10, '', '', 8, 0),
(83, 45, 11, '', '', 1, 0),
(84, 42, 12, '', '', 12, 0),
(85, 42, 13, '', '', 13, 0),
(86, 42, 14, '', '', 14, 0);

-- --------------------------------------------------------

--
-- Table structure for table `suppergroups`
--

CREATE TABLE `suppergroups` (
  `SupperGroupId` bigint(30) NOT NULL,
  `SubGroup` bigint(30) NOT NULL,
  `Group` bigint(30) NOT NULL,
  `Name` varchar(200) COLLATE utf8_persian_ci NOT NULL,
  `LatinName` varchar(200) COLLATE utf8_persian_ci NOT NULL,
  `Image` varchar(200) COLLATE utf8_persian_ci NOT NULL,
  `PlaceAsMainCat` tinyint(1) NOT NULL DEFAULT '0'
) ENGINE=InnoDB DEFAULT CHARSET=utf8 COLLATE=utf8_persian_ci ROW_FORMAT=COMPACT;

--
-- Dumping data for table `suppergroups`
--

INSERT INTO `suppergroups` (`SupperGroupId`, `SubGroup`, `Group`, `Name`, `LatinName`, `Image`, `PlaceAsMainCat`) VALUES
(3, 1, 1, 'تبلت', 'Tablet', '', 0),
(8, 2, 1, 'لپ تاپ', 'Laptop', '', 0),
(9, 3, 1, 'کیس', 'Case', '', 0),
(10, 3, 1, 'سی پی یو', 'CPU', '', 0),
(11, 3, 1, 'کارت گرافیک', 'VGA', '', 0),
(12, 3, 1, 'هارد', 'HARD HDD', '', 0),
(13, 3, 1, 'رم', 'RAM', '', 0),
(14, 3, 1, 'پاور', 'POWER', '', 0),
(15, 3, 1, 'اسپیکر', 'Speaker', '', 0),
(16, 3, 1, 'ماوس+کی بورد', 'Mouse+keyboard', '', 0),
(17, 3, 1, 'هدفن', 'Head phone', '', 0),
(19, 4, 1, 'لوازم جانبی کامپیوتر-سایر', 'Other Computer Device', '', 0),
(20, 5, 1, 'سایر لوازم جانبی الکترونیکی', 'Other Electronic Device', '', 0),
(21, 5, 1, 'ذخیره ساز اکسترنال(هارد-USB.....)', 'External Storage device', '', 0),
(22, 5, 1, 'مودم - روتر - سوییچ اکسس پوینت', 'Swich router accesspoint modem', '', 0),
(23, 6, 4, 'ساعت  عقریه ای و دیجیتالی', 'Digital-Analog clock ', '', 0),
(25, 6, 4, 'ساعت سلامتی - گجت پوشیدنی', 'Health Clock', '', 0),
(27, 6, 4, 'سایر لوازم ساعت', 'Other Clock Accessories', '', 0),
(28, 7, 5, 'فکری و آموزشی', 'Education-game', '', 0),
(29, 7, 5, 'پازل و ساختنی', 'puzzle', '', 0),
(30, 7, 5, 'عروسک و مدل', 'model-game', '', 0),
(31, 7, 5, 'تفنگ و مبارزه', 'Gun-Fight', '', 0),
(32, 7, 5, 'ماشین، هواپیما و قطار و قایق و موتور', 'airplan+tran+car-ship', '', 0),
(33, 7, 5, 'سایر اسباب بازی ها', 'other game tools', '', 0),
(34, 11, 6, 'فیلم , موسیقی', 'Film-Music', '', 0),
(35, 11, 6, 'نرم افزار', 'Software', '', 0),
(36, 11, 6, 'بازی', 'game ', '', 0),
(37, 11, 6, 'آموزشی', 'Education', '', 0),
(38, 11, 6, 'CD+DVD-سایر', 'CD+DVD+other', '', 0),
(39, 8, 2, 'کتاب و مجلات', 'Book mag', '', 0),
(40, 9, 2, 'نوشت افزار', 'writing', '', 0),
(41, 9, 2, 'ابزار نقاشی و رنگ آمیزی', 'Paint', '', 0),
(42, 9, 2, 'ابزار طراحی و مهندسی', 'Design engineer', '', 0),
(43, 9, 2, 'لوازم اداری', 'office accessories', '', 0),
(44, 9, 2, 'دفتر و کاغذ', 'paper+note', '', 0),
(45, 9, 2, 'کیف، کوله و جامدادی', 'bag', '', 0),
(46, 9, 2, 'بسته های لوازم التحریر', '', '', 0),
(47, 9, 2, 'سالنامه', '', '', 0),
(48, 9, 2, 'ملزومات هدیه', '', '', 0),
(49, 9, 2, 'مجموعه مدیریتی', '', '', 0),
(50, 9, 2, 'آلبوم عکس', '', '', 0),
(51, 9, 2, 'چراغ مطالعه', '', '', 0),
(52, 9, 2, 'لوازم تحریر-سایر', '', '', 0),
(53, 14, 3, 'ورزشی سایر', '', '', 0),
(54, 12, 3, 'آقایان', '', '', 0),
(55, 12, 3, 'خانم‌ها', '', '', 0),
(56, 12, 3, 'کفش مردانه', '', '', 0),
(57, 12, 3, 'کفش زنانه', '', '', 0),
(58, 12, 3, 'کفش بچه گانه', '', '', 0),
(59, 13, 3, 'دوچرخه', '', '', 0),
(60, 12, 3, 'پوشاک ورزشی-سایر', '', '', 0),
(61, 13, 3, 'ورزش های هوازی و بدنسازی', '', '', 0),
(62, 13, 3, 'ورزش های توپی', '', '', 0),
(63, 13, 3, 'ورزش های آبی', '', '', 0),
(64, 13, 3, 'ورزش های رزمی', '', '', 0),
(65, 13, 3, 'ورزش های فکری', '', '', 0),
(66, 13, 3, 'کوه‌نوردی و کمپینگ', '', '', 0),
(67, 13, 3, 'کیف و کوله ورزشی', '', '', 0),
(69, 13, 3, 'لوازم ورزشی-سایر', '', '', 0),
(70, 3, 1, 'مانیتور', 'LCD+LED', '', 0),
(71, 2, 1, 'سایر لوازم گروه لپ تاب', 'Laptop Accessories', '', 0);

-- --------------------------------------------------------

--
-- Table structure for table `suppermenus`
--

CREATE TABLE `suppermenus` (
  `SupperMenuId` bigint(30) NOT NULL,
  `SupperGroup` bigint(30) NOT NULL,
  `Title` varchar(300) COLLATE utf8_persian_ci NOT NULL,
  `MainMenu` bigint(30) NOT NULL,
  `SubMenu` bigint(30) NOT NULL
) ENGINE=InnoDB DEFAULT CHARSET=utf8 COLLATE=utf8_persian_ci ROW_FORMAT=COMPACT;

--
-- Dumping data for table `suppermenus`
--

INSERT INTO `suppermenus` (`SupperMenuId`, `SupperGroup`, `Title`, `MainMenu`, `SubMenu`) VALUES
(42, 1, '12', 30, 61),
(44, 2, '12', 30, 61),
(45, 7, '14', 30, 61),
(46, 5, '15', 38, 70),
(47, 4, '15', 38, 70),
(48, 3, '16', 40, 73),
(49, 8, '17', 40, 74),
(50, 9, '18', 40, 75),
(51, 10, '18', 40, 75),
(52, 11, '18', 40, 75),
(53, 12, '18', 40, 75),
(54, 13, '18', 40, 75),
(55, 14, '18', 40, 75),
(56, 15, '18', 40, 75),
(57, 16, '18', 40, 75),
(58, 17, '18', 40, 75),
(59, 18, '18', 40, 75),
(60, 19, '19', 40, 76),
(61, 20, '20', 40, 77),
(62, 21, '20', 40, 77),
(63, 22, '20', 40, 77),
(65, 39, '23', 41, 80),
(66, 40, '24', 41, 81),
(67, 41, '24', 41, 81),
(68, 42, '24', 41, 81),
(69, 43, '24', 41, 81),
(70, 44, '24', 41, 81),
(71, 45, '24', 41, 81),
(72, 46, '24', 41, 81),
(73, 47, '24', 41, 81),
(74, 48, '24', 41, 81),
(75, 49, '24', 41, 81),
(76, 50, '24', 41, 81),
(77, 50, '24', 41, 81),
(78, 52, '24', 41, 81),
(79, 54, '27', 42, 84),
(80, 55, '27', 42, 84),
(81, 56, '27', 42, 84),
(82, 57, '27', 42, 84),
(83, 58, '27', 42, 84),
(84, 60, '27', 42, 84),
(85, 59, '28', 42, 85),
(86, 61, '28', 42, 85),
(87, 62, '28', 42, 85),
(88, 63, '28', 42, 85),
(89, 64, '28', 42, 85),
(90, 65, '28', 42, 85),
(91, 66, '28', 42, 85),
(92, 67, '28', 42, 85),
(93, 69, '28', 42, 85),
(94, 53, '29', 42, 86),
(95, 23, '21', 43, 78),
(96, 24, '21', 43, 78),
(97, 25, '21', 43, 78),
(98, 26, '21', 43, 78),
(99, 27, '21', 43, 78),
(100, 28, '22', 44, 79),
(101, 29, '22', 44, 79),
(102, 30, '22', 44, 79),
(103, 31, '22', 44, 79),
(104, 32, '22', 44, 79),
(105, 33, '22', 44, 79),
(106, 34, '26', 45, 83),
(107, 35, '26', 45, 83),
(108, 36, '26', 45, 83),
(109, 37, '26', 45, 83),
(110, 38, '26', 45, 83),
(111, 3, '0', 40, 73),
(112, 8, '0', 40, 74),
(113, 9, '0', 40, 75),
(114, 10, '0', 40, 75),
(115, 11, '0', 40, 75),
(116, 12, '0', 40, 75),
(117, 13, '0', 40, 75),
(118, 14, '0', 40, 75),
(119, 15, '0', 40, 75),
(120, 16, '0', 40, 75),
(121, 17, '0', 40, 75),
(122, 20, '0', 40, 77),
(123, 21, '0', 40, 77),
(124, 22, '0', 40, 77),
(125, 23, '0', 43, 78),
(126, 25, '0', 43, 78),
(127, 27, '0', 43, 78),
(128, 28, '0', 44, 79),
(129, 29, '0', 44, 79),
(130, 30, '0', 44, 79),
(131, 31, '0', 44, 79),
(132, 32, '0', 44, 79),
(133, 33, '0', 44, 79),
(134, 34, '0', 45, 83),
(135, 35, '0', 45, 83),
(136, 36, '0', 45, 83),
(137, 37, '0', 45, 83),
(138, 38, '0', 45, 83),
(139, 39, '0', 41, 80),
(140, 40, '0', 41, 81),
(141, 41, '0', 41, 81),
(142, 42, '0', 41, 81),
(143, 43, '0', 41, 81),
(144, 44, '0', 41, 81),
(145, 45, '0', 41, 81),
(146, 46, '0', 41, 81),
(147, 47, '0', 41, 81),
(148, 48, '0', 41, 81),
(149, 49, '0', 41, 81),
(150, 50, '0', 41, 81),
(151, 51, '0', 41, 81),
(152, 52, '0', 41, 81),
(153, 53, '0', 42, 86),
(154, 54, '0', 42, 84),
(155, 55, '0', 42, 84),
(156, 56, '0', 42, 84),
(157, 57, '0', 42, 84),
(158, 58, '0', 42, 84),
(159, 59, '0', 42, 85),
(160, 60, '0', 42, 84),
(161, 61, '0', 42, 85),
(162, 62, '0', 42, 85),
(163, 63, '0', 42, 85),
(164, 64, '0', 42, 85),
(165, 65, '0', 42, 85),
(166, 66, '0', 42, 85),
(167, 67, '0', 42, 85),
(168, 69, '0', 42, 85),
(169, 70, '0', 40, 75),
(170, 71, '0', 40, 74),
(171, 51, '0', 41, 81),
(172, 70, '0', 40, 75),
(173, 71, '0', 40, 74),
(174, 72, '0', 46, 87),
(175, 51, '0', 41, 81),
(176, 70, '0', 40, 75),
(177, 71, '0', 40, 74),
(178, 72, '0', 46, 87),
(179, 51, '0', 41, 81),
(180, 70, '0', 40, 75),
(181, 71, '0', 40, 74),
(182, 72, '0', 46, 87),
(183, 51, '0', 41, 81),
(184, 70, '0', 40, 75),
(185, 71, '0', 40, 74),
(186, 72, '0', 46, 87),
(187, 51, '0', 41, 81),
(188, 70, '0', 40, 75),
(189, 71, '0', 40, 74),
(190, 72, '0', 46, 87),
(195, 51, '30', 41, 81),
(196, 70, '30', 40, 75),
(197, 71, '30', 40, 74),
(198, 72, '30', 46, 87),
(199, 51, '30', 41, 81),
(200, 70, '30', 40, 75),
(201, 71, '30', 40, 74),
(202, 72, '30', 46, 87),
(214, 72, '57', 48, 89),
(235, 72, '60', 58, 98),
(243, 72, '62', 60, 100),
(247, 72, '63', 61, 101),
(248, 72, '64', 62, 102);

-- --------------------------------------------------------

--
-- Table structure for table `thumbs`
--

CREATE TABLE `thumbs` (
  `ThumbId` bigint(20) NOT NULL,
  `Name` varchar(200) COLLATE utf8_persian_ci NOT NULL,
  `Image` varchar(200) COLLATE utf8_persian_ci NOT NULL,
  `Link` varchar(200) COLLATE utf8_persian_ci NOT NULL
) ENGINE=InnoDB DEFAULT CHARSET=utf8 COLLATE=utf8_persian_ci ROW_FORMAT=COMPACT;

--
-- Dumping data for table `thumbs`
--

INSERT INTO `thumbs` (`ThumbId`, `Name`, `Image`, `Link`) VALUES
(4, 'تحویل به روز سفارش های آنلاین', 'ThumbImage//sefaresh.jpg', '#'),
(5, 'فروش قطعات کامپیوتر', 'ThumbImage//desktops_1115.jpg', '#'),
(6, 'راهنمای جستجوی دقیق در سایت', 'ThumbImage//filter_jostego.jpg', 'http://shop5.ir/textpost.php?fid=14'),
(7, 'گزارش مشکل فنی در سایت', 'ThumbImage//moshekl_shop5ir.gif', 'http://www.shop5.ir/textpost.php?fid=8'),
(8, 'کمک های مردمی به بهزیستی', 'ThumbImage//behzisti_gilan.jpg', 'http://behzisty-guilan.ir/payment.aspx');

-- --------------------------------------------------------

--
-- Table structure for table `usercoupons`
--

CREATE TABLE `usercoupons` (
  `UserCouponId` bigint(30) NOT NULL,
  `Value` bigint(30) NOT NULL,
  `Customer` bigint(30) NOT NULL,
  `Date` varchar(200) COLLATE utf8_persian_ci NOT NULL,
  `Time` bigint(30) NOT NULL
) ENGINE=InnoDB DEFAULT CHARSET=utf8 COLLATE=utf8_persian_ci ROW_FORMAT=COMPACT;

-- --------------------------------------------------------

--
-- Table structure for table `userrole`
--

CREATE TABLE `userrole` (
  `UserRoleId` bigint(20) UNSIGNED NOT NULL,
  `User` bigint(20) DEFAULT NULL,
  `Role` bigint(20) DEFAULT NULL,
  `Monopoly` bit(1) DEFAULT b'0'
) ENGINE=InnoDB DEFAULT CHARSET=utf8 ROW_FORMAT=COMPACT;

-- --------------------------------------------------------

--
-- Table structure for table `users`
--

CREATE TABLE `users` (
  `UserId` bigint(30) NOT NULL,
  `Name` varchar(200) COLLATE utf8_persian_ci NOT NULL,
  `Family` varchar(200) COLLATE utf8_persian_ci NOT NULL,
  `Username` varchar(200) COLLATE utf8_persian_ci NOT NULL,
  `Password` varchar(200) COLLATE utf8_persian_ci NOT NULL,
  `Email` varchar(200) COLLATE utf8_persian_ci NOT NULL,
  `Activate` int(1) NOT NULL,
  `ActiveCode` varchar(200) COLLATE utf8_persian_ci NOT NULL,
  `Role` bigint(30) NOT NULL
) ENGINE=InnoDB DEFAULT CHARSET=utf8 COLLATE=utf8_persian_ci ROW_FORMAT=COMPACT;

--
-- Dumping data for table `users`
--

INSERT INTO `users` (`UserId`, `Name`, `Family`, `Username`, `Password`, `Email`, `Activate`, `ActiveCode`, `Role`) VALUES
(1, 'Administrator', '', 'digitalshop', '1845d634e225a158111aba60cb5fd9f0', 'info@shop5.ir', 1, '0', 1),
(2, 'فروشنده', 'لوازم ورزشی', 'varzeshi', '2942f8eab97c457ca265d13eb6bdc801', 'varzeshi@shop5.ir', 1, '0', 7),
(3, 'فروشنده', 'کامپیوتر', 'com', '5d0a1855018e4aa4b7df4b2103f49ade', 'siamakweb1980@gmail.com', 1, '0', 4),
(4, 'فروشنده', 'ساعت', 'clock', '05531b19bb846b18c09f979eeb429ad3', 'clock@shop5.ir', 1, '0', 2),
(5, 'فروشنده', 'CD+DVD', 'cddvd', '8fad61530e3fcc16565a000c98797a71', 'cddvd@shop5.ir', 1, '0', 5),
(6, 'فروشنده', 'اسباب بازی', 'toy', '86c6f808481120d10b109c7fd60f8fac', 'toy@shop5.ir', 1, '0', 3),
(7, 'فروشنده', 'لوازم تحریر', 'tahrir', '86c6f808481120d10b109c7fd60f8fac', 'lavazemtahrir@shop5.ir', 1, '0', 6),
(8, 'بازدید کننده', '', 'visitor', '127870930d65c57ee65fcc47f2170d38', 'visitor@gmail.com', 0, '0', 8),
(9, 'comp', 'comp', '124', 'c8ffe9a587b126f152ed3d89a146b445', 'hhhh@', 1, '0', 4);

--
-- Indexes for dumped tables
--

--
-- Indexes for table `bills`
--
ALTER TABLE `bills`
  ADD PRIMARY KEY (`BillId`) USING BTREE;

--
-- Indexes for table `cities`
--
ALTER TABLE `cities`
  ADD PRIMARY KEY (`id`) USING BTREE;

--
-- Indexes for table `colorlists`
--
ALTER TABLE `colorlists`
  ADD PRIMARY KEY (`ColorListId`) USING BTREE;

--
-- Indexes for table `colors`
--
ALTER TABLE `colors`
  ADD PRIMARY KEY (`ColorId`) USING BTREE;

--
-- Indexes for table `comments`
--
ALTER TABLE `comments`
  ADD PRIMARY KEY (`CommentId`) USING BTREE;

--
-- Indexes for table `customers`
--
ALTER TABLE `customers`
  ADD PRIMARY KEY (`CustomerId`) USING BTREE,
  ADD UNIQUE KEY `Email` (`Email`) USING BTREE,
  ADD UNIQUE KEY `Username` (`Username`) USING BTREE;

--
-- Indexes for table `discounts`
--
ALTER TABLE `discounts`
  ADD PRIMARY KEY (`DiscountId`) USING BTREE;

--
-- Indexes for table `factorproducts`
--
ALTER TABLE `factorproducts`
  ADD PRIMARY KEY (`FactorProductId`) USING BTREE;

--
-- Indexes for table `factors`
--
ALTER TABLE `factors`
  ADD PRIMARY KEY (`FactorId`) USING BTREE;

--
-- Indexes for table `favorites`
--
ALTER TABLE `favorites`
  ADD PRIMARY KEY (`FavoriteId`);

--
-- Indexes for table `feeds`
--
ALTER TABLE `feeds`
  ADD PRIMARY KEY (`FeedId`) USING BTREE,
  ADD UNIQUE KEY `Email` (`Email`) USING BTREE;

--
-- Indexes for table `groups`
--
ALTER TABLE `groups`
  ADD PRIMARY KEY (`GroupId`) USING BTREE;

--
-- Indexes for table `guaranteelists`
--
ALTER TABLE `guaranteelists`
  ADD PRIMARY KEY (`GuaranteeListId`) USING BTREE;

--
-- Indexes for table `guarantees`
--
ALTER TABLE `guarantees`
  ADD PRIMARY KEY (`GuaranteeId`) USING BTREE;

--
-- Indexes for table `linkboxes`
--
ALTER TABLE `linkboxes`
  ADD PRIMARY KEY (`LinkBoxId`) USING BTREE;

--
-- Indexes for table `linkboxtitles`
--
ALTER TABLE `linkboxtitles`
  ADD PRIMARY KEY (`LinkboxTitleId`) USING BTREE;

--
-- Indexes for table `logos`
--
ALTER TABLE `logos`
  ADD PRIMARY KEY (`LogoId`) USING BTREE;

--
-- Indexes for table `mainmenus`
--
ALTER TABLE `mainmenus`
  ADD PRIMARY KEY (`MainMenuId`) USING BTREE;

--
-- Indexes for table `menutitles`
--
ALTER TABLE `menutitles`
  ADD PRIMARY KEY (`MenuTitleId`) USING BTREE;

--
-- Indexes for table `news`
--
ALTER TABLE `news`
  ADD PRIMARY KEY (`NewsId`) USING BTREE;

--
-- Indexes for table `onlines`
--
ALTER TABLE `onlines`
  ADD PRIMARY KEY (`OnlineId`) USING BTREE;

--
-- Indexes for table `opinions`
--
ALTER TABLE `opinions`
  ADD PRIMARY KEY (`OpinionId`) USING BTREE;

--
-- Indexes for table `orders`
--
ALTER TABLE `orders`
  ADD PRIMARY KEY (`OrderId`);

--
-- Indexes for table `panels`
--
ALTER TABLE `panels`
  ADD PRIMARY KEY (`PanelId`);

--
-- Indexes for table `paymentmethods`
--
ALTER TABLE `paymentmethods`
  ADD PRIMARY KEY (`PaymentMethodId`) USING BTREE;

--
-- Indexes for table `prices`
--
ALTER TABLE `prices`
  ADD PRIMARY KEY (`PriceId`) USING BTREE;

--
-- Indexes for table `productandproperties`
--
ALTER TABLE `productandproperties`
  ADD PRIMARY KEY (`ProductAndPropertyId`) USING BTREE;

--
-- Indexes for table `productcolors`
--
ALTER TABLE `productcolors`
  ADD PRIMARY KEY (`ProductColorId`) USING BTREE;

--
-- Indexes for table `productcoupons`
--
ALTER TABLE `productcoupons`
  ADD PRIMARY KEY (`ProductCouponId`) USING BTREE;

--
-- Indexes for table `productproperties`
--
ALTER TABLE `productproperties`
  ADD PRIMARY KEY (`ProductPropertyId`) USING BTREE;

--
-- Indexes for table `products`
--
ALTER TABLE `products`
  ADD PRIMARY KEY (`ProductId`) USING BTREE,
  ADD UNIQUE KEY `ProductId` (`ProductId`) USING BTREE;

--
-- Indexes for table `protocollists`
--
ALTER TABLE `protocollists`
  ADD PRIMARY KEY (`ProtocolListId`) USING BTREE;

--
-- Indexes for table `protocols`
--
ALTER TABLE `protocols`
  ADD PRIMARY KEY (`ProtocolId`) USING BTREE;

--
-- Indexes for table `provinces`
--
ALTER TABLE `provinces`
  ADD PRIMARY KEY (`id`) USING BTREE;

--
-- Indexes for table `purchasebaskets`
--
ALTER TABLE `purchasebaskets`
  ADD PRIMARY KEY (`PurchaseBasketId`) USING BTREE;

--
-- Indexes for table `recovery`
--
ALTER TABLE `recovery`
  ADD PRIMARY KEY (`RecoveryId`) USING BTREE;

--
-- Indexes for table `roles`
--
ALTER TABLE `roles`
  ADD PRIMARY KEY (`RoleId`) USING BTREE;

--
-- Indexes for table `services`
--
ALTER TABLE `services`
  ADD PRIMARY KEY (`ServiceId`) USING BTREE;

--
-- Indexes for table `settings`
--
ALTER TABLE `settings`
  ADD PRIMARY KEY (`SettingsId`) USING BTREE;

--
-- Indexes for table `shippingmethods`
--
ALTER TABLE `shippingmethods`
  ADD PRIMARY KEY (`ShippingMethodId`) USING BTREE;

--
-- Indexes for table `shippings`
--
ALTER TABLE `shippings`
  ADD PRIMARY KEY (`ShippingId`) USING BTREE,
  ADD UNIQUE KEY `City` (`City`) USING BTREE;

--
-- Indexes for table `slides`
--
ALTER TABLE `slides`
  ADD PRIMARY KEY (`SlideId`) USING BTREE;

--
-- Indexes for table `specialoffers`
--
ALTER TABLE `specialoffers`
  ADD PRIMARY KEY (`SpecialOfferId`);

--
-- Indexes for table `specialoffertitles`
--
ALTER TABLE `specialoffertitles`
  ADD PRIMARY KEY (`SpecialOfferTitleId`);

--
-- Indexes for table `stats`
--
ALTER TABLE `stats`
  ADD PRIMARY KEY (`StatId`) USING BTREE;

--
-- Indexes for table `subgroups`
--
ALTER TABLE `subgroups`
  ADD PRIMARY KEY (`SubGroupId`) USING BTREE;

--
-- Indexes for table `submenus`
--
ALTER TABLE `submenus`
  ADD PRIMARY KEY (`SubMenuId`) USING BTREE;

--
-- Indexes for table `suppergroups`
--
ALTER TABLE `suppergroups`
  ADD PRIMARY KEY (`SupperGroupId`) USING BTREE;

--
-- Indexes for table `suppermenus`
--
ALTER TABLE `suppermenus`
  ADD PRIMARY KEY (`SupperMenuId`) USING BTREE;

--
-- Indexes for table `thumbs`
--
ALTER TABLE `thumbs`
  ADD PRIMARY KEY (`ThumbId`) USING BTREE;

--
-- Indexes for table `usercoupons`
--
ALTER TABLE `usercoupons`
  ADD PRIMARY KEY (`UserCouponId`) USING BTREE;

--
-- Indexes for table `userrole`
--
ALTER TABLE `userrole`
  ADD PRIMARY KEY (`UserRoleId`) USING BTREE;

--
-- Indexes for table `users`
--
ALTER TABLE `users`
  ADD PRIMARY KEY (`UserId`) USING BTREE,
  ADD UNIQUE KEY `Username` (`Username`,`Email`) USING BTREE;

--
-- AUTO_INCREMENT for dumped tables
--

--
-- AUTO_INCREMENT for table `bills`
--
ALTER TABLE `bills`
  MODIFY `BillId` bigint(30) NOT NULL AUTO_INCREMENT, AUTO_INCREMENT=6;

--
-- AUTO_INCREMENT for table `cities`
--
ALTER TABLE `cities`
  MODIFY `id` int(12) UNSIGNED NOT NULL AUTO_INCREMENT, AUTO_INCREMENT=441;

--
-- AUTO_INCREMENT for table `colorlists`
--
ALTER TABLE `colorlists`
  MODIFY `ColorListId` bigint(30) NOT NULL AUTO_INCREMENT, AUTO_INCREMENT=20;

--
-- AUTO_INCREMENT for table `colors`
--
ALTER TABLE `colors`
  MODIFY `ColorId` bigint(30) NOT NULL AUTO_INCREMENT, AUTO_INCREMENT=2;

--
-- AUTO_INCREMENT for table `comments`
--
ALTER TABLE `comments`
  MODIFY `CommentId` bigint(30) NOT NULL AUTO_INCREMENT;

--
-- AUTO_INCREMENT for table `customers`
--
ALTER TABLE `customers`
  MODIFY `CustomerId` bigint(30) NOT NULL AUTO_INCREMENT, AUTO_INCREMENT=30;

--
-- AUTO_INCREMENT for table `discounts`
--
ALTER TABLE `discounts`
  MODIFY `DiscountId` bigint(30) NOT NULL AUTO_INCREMENT, AUTO_INCREMENT=27;

--
-- AUTO_INCREMENT for table `factorproducts`
--
ALTER TABLE `factorproducts`
  MODIFY `FactorProductId` bigint(30) NOT NULL AUTO_INCREMENT, AUTO_INCREMENT=73;

--
-- AUTO_INCREMENT for table `factors`
--
ALTER TABLE `factors`
  MODIFY `FactorId` bigint(30) NOT NULL AUTO_INCREMENT, AUTO_INCREMENT=130;

--
-- AUTO_INCREMENT for table `favorites`
--
ALTER TABLE `favorites`
  MODIFY `FavoriteId` int(11) NOT NULL AUTO_INCREMENT, AUTO_INCREMENT=21;

--
-- AUTO_INCREMENT for table `feeds`
--
ALTER TABLE `feeds`
  MODIFY `FeedId` bigint(30) NOT NULL AUTO_INCREMENT, AUTO_INCREMENT=6;

--
-- AUTO_INCREMENT for table `groups`
--
ALTER TABLE `groups`
  MODIFY `GroupId` bigint(30) NOT NULL AUTO_INCREMENT, AUTO_INCREMENT=7;

--
-- AUTO_INCREMENT for table `guaranteelists`
--
ALTER TABLE `guaranteelists`
  MODIFY `GuaranteeListId` bigint(30) NOT NULL AUTO_INCREMENT, AUTO_INCREMENT=3;

--
-- AUTO_INCREMENT for table `guarantees`
--
ALTER TABLE `guarantees`
  MODIFY `GuaranteeId` bigint(20) NOT NULL AUTO_INCREMENT, AUTO_INCREMENT=90;

--
-- AUTO_INCREMENT for table `linkboxes`
--
ALTER TABLE `linkboxes`
  MODIFY `LinkBoxId` bigint(30) NOT NULL AUTO_INCREMENT, AUTO_INCREMENT=17;

--
-- AUTO_INCREMENT for table `linkboxtitles`
--
ALTER TABLE `linkboxtitles`
  MODIFY `LinkboxTitleId` bigint(30) NOT NULL AUTO_INCREMENT, AUTO_INCREMENT=5;

--
-- AUTO_INCREMENT for table `logos`
--
ALTER TABLE `logos`
  MODIFY `LogoId` bigint(30) NOT NULL AUTO_INCREMENT, AUTO_INCREMENT=7;

--
-- AUTO_INCREMENT for table `mainmenus`
--
ALTER TABLE `mainmenus`
  MODIFY `MainMenuId` bigint(30) NOT NULL AUTO_INCREMENT, AUTO_INCREMENT=46;

--
-- AUTO_INCREMENT for table `menutitles`
--
ALTER TABLE `menutitles`
  MODIFY `MenuTitleId` bigint(30) NOT NULL AUTO_INCREMENT, AUTO_INCREMENT=47;

--
-- AUTO_INCREMENT for table `news`
--
ALTER TABLE `news`
  MODIFY `NewsId` bigint(30) NOT NULL AUTO_INCREMENT, AUTO_INCREMENT=23;

--
-- AUTO_INCREMENT for table `onlines`
--
ALTER TABLE `onlines`
  MODIFY `OnlineId` bigint(30) NOT NULL AUTO_INCREMENT, AUTO_INCREMENT=2062;

--
-- AUTO_INCREMENT for table `opinions`
--
ALTER TABLE `opinions`
  MODIFY `OpinionId` bigint(30) NOT NULL AUTO_INCREMENT;

--
-- AUTO_INCREMENT for table `orders`
--
ALTER TABLE `orders`
  MODIFY `OrderId` int(11) NOT NULL AUTO_INCREMENT, AUTO_INCREMENT=6;

--
-- AUTO_INCREMENT for table `panels`
--
ALTER TABLE `panels`
  MODIFY `PanelId` int(11) NOT NULL AUTO_INCREMENT, AUTO_INCREMENT=7;

--
-- AUTO_INCREMENT for table `paymentmethods`
--
ALTER TABLE `paymentmethods`
  MODIFY `PaymentMethodId` bigint(30) NOT NULL AUTO_INCREMENT, AUTO_INCREMENT=4;

--
-- AUTO_INCREMENT for table `prices`
--
ALTER TABLE `prices`
  MODIFY `PriceId` bigint(30) NOT NULL AUTO_INCREMENT, AUTO_INCREMENT=334;

--
-- AUTO_INCREMENT for table `productandproperties`
--
ALTER TABLE `productandproperties`
  MODIFY `ProductAndPropertyId` bigint(30) NOT NULL AUTO_INCREMENT, AUTO_INCREMENT=178;

--
-- AUTO_INCREMENT for table `productcolors`
--
ALTER TABLE `productcolors`
  MODIFY `ProductColorId` bigint(20) NOT NULL AUTO_INCREMENT, AUTO_INCREMENT=256;

--
-- AUTO_INCREMENT for table `productcoupons`
--
ALTER TABLE `productcoupons`
  MODIFY `ProductCouponId` bigint(30) NOT NULL AUTO_INCREMENT, AUTO_INCREMENT=3;

--
-- AUTO_INCREMENT for table `productproperties`
--
ALTER TABLE `productproperties`
  MODIFY `ProductPropertyId` bigint(30) NOT NULL AUTO_INCREMENT, AUTO_INCREMENT=192;

--
-- AUTO_INCREMENT for table `products`
--
ALTER TABLE `products`
  MODIFY `ProductId` bigint(30) NOT NULL AUTO_INCREMENT, AUTO_INCREMENT=352;

--
-- AUTO_INCREMENT for table `protocollists`
--
ALTER TABLE `protocollists`
  MODIFY `ProtocolListId` bigint(20) NOT NULL AUTO_INCREMENT;

--
-- AUTO_INCREMENT for table `protocols`
--
ALTER TABLE `protocols`
  MODIFY `ProtocolId` bigint(20) NOT NULL AUTO_INCREMENT;

--
-- AUTO_INCREMENT for table `provinces`
--
ALTER TABLE `provinces`
  MODIFY `id` int(12) UNSIGNED NOT NULL AUTO_INCREMENT, AUTO_INCREMENT=32;

--
-- AUTO_INCREMENT for table `purchasebaskets`
--
ALTER TABLE `purchasebaskets`
  MODIFY `PurchaseBasketId` bigint(30) NOT NULL AUTO_INCREMENT, AUTO_INCREMENT=500;

--
-- AUTO_INCREMENT for table `recovery`
--
ALTER TABLE `recovery`
  MODIFY `RecoveryId` bigint(30) NOT NULL AUTO_INCREMENT, AUTO_INCREMENT=4;

--
-- AUTO_INCREMENT for table `roles`
--
ALTER TABLE `roles`
  MODIFY `RoleId` bigint(30) NOT NULL AUTO_INCREMENT, AUTO_INCREMENT=9;

--
-- AUTO_INCREMENT for table `services`
--
ALTER TABLE `services`
  MODIFY `ServiceId` bigint(30) NOT NULL AUTO_INCREMENT;

--
-- AUTO_INCREMENT for table `settings`
--
ALTER TABLE `settings`
  MODIFY `SettingsId` int(11) NOT NULL AUTO_INCREMENT, AUTO_INCREMENT=2;

--
-- AUTO_INCREMENT for table `shippingmethods`
--
ALTER TABLE `shippingmethods`
  MODIFY `ShippingMethodId` bigint(20) NOT NULL AUTO_INCREMENT, AUTO_INCREMENT=9;

--
-- AUTO_INCREMENT for table `shippings`
--
ALTER TABLE `shippings`
  MODIFY `ShippingId` bigint(30) NOT NULL AUTO_INCREMENT, AUTO_INCREMENT=63;

--
-- AUTO_INCREMENT for table `slides`
--
ALTER TABLE `slides`
  MODIFY `SlideId` bigint(30) NOT NULL AUTO_INCREMENT, AUTO_INCREMENT=6;

--
-- AUTO_INCREMENT for table `specialoffers`
--
ALTER TABLE `specialoffers`
  MODIFY `SpecialOfferId` int(11) NOT NULL AUTO_INCREMENT, AUTO_INCREMENT=5;

--
-- AUTO_INCREMENT for table `specialoffertitles`
--
ALTER TABLE `specialoffertitles`
  MODIFY `SpecialOfferTitleId` int(11) NOT NULL AUTO_INCREMENT, AUTO_INCREMENT=3;

--
-- AUTO_INCREMENT for table `stats`
--
ALTER TABLE `stats`
  MODIFY `StatId` bigint(20) NOT NULL AUTO_INCREMENT, AUTO_INCREMENT=2225;

--
-- AUTO_INCREMENT for table `subgroups`
--
ALTER TABLE `subgroups`
  MODIFY `SubGroupId` bigint(30) NOT NULL AUTO_INCREMENT, AUTO_INCREMENT=15;

--
-- AUTO_INCREMENT for table `submenus`
--
ALTER TABLE `submenus`
  MODIFY `SubMenuId` bigint(20) NOT NULL AUTO_INCREMENT, AUTO_INCREMENT=87;

--
-- AUTO_INCREMENT for table `suppergroups`
--
ALTER TABLE `suppergroups`
  MODIFY `SupperGroupId` bigint(30) NOT NULL AUTO_INCREMENT, AUTO_INCREMENT=72;

--
-- AUTO_INCREMENT for table `suppermenus`
--
ALTER TABLE `suppermenus`
  MODIFY `SupperMenuId` bigint(30) NOT NULL AUTO_INCREMENT, AUTO_INCREMENT=249;

--
-- AUTO_INCREMENT for table `thumbs`
--
ALTER TABLE `thumbs`
  MODIFY `ThumbId` bigint(20) NOT NULL AUTO_INCREMENT, AUTO_INCREMENT=9;

--
-- AUTO_INCREMENT for table `usercoupons`
--
ALTER TABLE `usercoupons`
  MODIFY `UserCouponId` bigint(30) NOT NULL AUTO_INCREMENT;

--
-- AUTO_INCREMENT for table `userrole`
--
ALTER TABLE `userrole`
  MODIFY `UserRoleId` bigint(20) UNSIGNED NOT NULL AUTO_INCREMENT;

--
-- AUTO_INCREMENT for table `users`
--
ALTER TABLE `users`
  MODIFY `UserId` bigint(30) NOT NULL AUTO_INCREMENT, AUTO_INCREMENT=10;
COMMIT;

/*!40101 SET CHARACTER_SET_CLIENT=@OLD_CHARACTER_SET_CLIENT */;
/*!40101 SET CHARACTER_SET_RESULTS=@OLD_CHARACTER_SET_RESULTS */;
/*!40101 SET COLLATION_CONNECTION=@OLD_COLLATION_CONNECTION */;
